tree
version=v4
num_class=1
num_tree_per_iteration=1
label_index=0
max_feature_idx=60
objective=binary sigmoid:1
feature_names=provenance retrieved_name_token retrieved_address_token retrieval_pass_count name_token_rank address_token_rank source_balanced_rank heavy_sorted_block target_is_s2 exact_name_norm exact_name_sorted exact_address_norm exact_name_nosuffix exact_numeric_set exact_postal_token country_agreement s1_name_missing target_name_missing s1_address_missing target_address_missing s1_name_chars target_name_chars s1_address_chars target_address_chars s1_name_tokens target_name_tokens s1_address_tokens target_address_tokens name_char_abs_diff address_char_abs_diff name_char_relative_diff address_char_relative_diff name_token_intersection name_token_union name_jaccard name_containment_s1 name_containment_target address_token_intersection address_token_union address_jaccard address_containment_s1 address_containment_target name_shared_idf address_shared_idf shared_address_numbers conflicting_address_numbers conflicting_postal_tokens digit_sequence_equal house_number_equal name_ratio name_partial_ratio name_token_sort_ratio name_token_set_ratio address_ratio address_partial_ratio address_token_sort_ratio address_token_set_ratio s1_script_class target_script_class same_script_class script_conflict
feature_infos=[1:15] [0:1] [0:1] [1:4] [0:50] [0:50] [0:50] [0:1] [0:1] [0:1] [0:1] [0:1] [0:1] [0:1] [0:1] none none none none [0:1] [3:67] [1:83] [14:187] [0:231] [1:9] [1:11] [3:29] [0:33] [0:61] [0:187] [0:0.97727274894714355] [0:1] [0:9] [1:15] [0:1] [0:1] [0:1] [0:29] [3:43] [0:1] [0:1] [0:1] [0:1.0233907699584961] [0:3.0011861324310303] [0:12] [0:1] [0:1] [0:1] [0:1] [0:1] [0:1] [0:1] [0:1] [0:1] [0:1] [0:1] [0:1] none [0:4] [0:1] [0:1]
tree_sizes=3424 3477 3483 3490 3499 3498 3510 3504 3499 3500 3519 3509 3525 3524 3526 3530 3518 3531 3504 3537 3529 3533 3534 3520 3526 3531 3521 3544 3521 3528 3545 3538 3545 3537 3540 3538 3531 3547 3523 3540 3532 3539 3539 3518 3534 3535 3549 3532 3537 3549 3540 3533 3547 3535 3536 3541 3523 3558 3537 3552 3537 3561 3547 3554 3552 3551 3567 3545 3565 3543 3561 3547 3559 3572 3571 3543 3557 3561 3567 3567 3545 3560 3564 3563 3564 3548 3560 3561 3565 3579 3549 3557 3563 3555 3573 3551 3562 3549 3554 3552 3558 3574 3563 3569 3553 3548 3571 3562 3580 3561 3561 3560 3559 3566 3579 3576 3580 3553 3565 3552 3548 3575 3560 3554 3568 3568 3571 3558 3577 3559 3567 3560 3583 3566 3540 3567 3570 3544 3540 3553 3552 3571 3565 3565 3579 3544 3571 3579 3551 3530 3551 3580 3577 3541 3567 3577 3571 3567 3572 3551 3556 3560 3561 3535 3558 3528 3546 3575 3548 3543 3565 3542 3572 3545 3562 3553 3556 3537 3549 3565

Tree=0
num_leaves=31
num_cat=0
split_feature=0 55 50 45 51 45 5 52 41 52 51 36 51 56 45 50 23 0 45 51 58 50 56 51 40 25 41 28 51 58
split_gain=186175 49861.2 34173.6 15304.2 10084.6 8610.78 5897.46 4851.53 4366.36 5848.83 3352.94 3175.56 2980.59 15168.1 2735.39 2071.41 1939.5 2931.09 1759.37 1474.03 1276.38 1798.48 1224.26 1005.84 954.205 919.668 886.958 838.888 816.096 706.389
threshold=8.5000000000000018 0.79201275110244762 0.79772728681564342 1.0000000180025095e-35 0.91010102629661571 1.0000000180025095e-35 2.5000000000000004 0.70087718963623058 0.79057019948959362 0.7897985875606538 0.96449580788612377 0.94444444775581371 0.80982521176338207 0.66517192125320446 1.0000000180025095e-35 0.9941176474094392 1.0000000180025095e-35 4.5000000000000009 1.0000000180025095e-35 0.94665718078613292 1.5000000000000002 0.57932874560356151 0.98687082529068004 0.96449580788612377 0.89564427733421337 1.5000000000000002 0.48913043737411505 4.5000000000000009 0.17712418735027316 1.5000000000000002
decision_type=2 2 2 2 2 2 2 2 2 2 2 2 2 2 2 2 2 2 2 2 2 2 2 2 2 2 2 2 2 2
left_child=1 8 6 7 11 -4 14 28 12 -10 22 27 -1 16 20 -13 17 -14 -15 -20 21 25 -7 -6 -8 -3 -18 -5 -2 -26
right_child=3 2 5 4 23 10 24 -9 9 -11 -12 15 13 18 -16 -17 26 -19 19 -21 -22 -23 -24 -25 29 -27 -28 -29 -30 -31
leaf_value=-2.0807286997401224 -1.6992742316149487 -1.7254495164235935 -1.6084617231222196 -1.9294549105282044 -1.7591092121488572 -1.9304890221276567 -2.0592399309259632 -1.6075237265521984 -2.0251261948795429 -1.6382622117334318 -1.6166289391249133 -1.9959398439241913 -2.0376869739015131 -1.6318615269558561 -2.0026368928354596 -1.7034751747383414 -2.0798491168033917 -1.8003249199802243 -1.9214808526933125 -1.7009999579084205 -1.6501538601336683 -1.6974065777401184 -1.6520479097191911 -1.6017832917602171 -2.0207082222271522 -2.0557275138187614 -1.8323023706360564 -2.0545483903775161 -1.9366147017006918 -1.8518640390297278
leaf_weight=33090.588207364082 48.764297649264336 26.131079331040382 929.91663808375597 213.98679137229919 159.46131087839603 461.3061406314373 1663.4386681243777 2419.6967947483063 395.05253791809082 128.80358788371086 124.0711876899004 90.738629803061485 899.67042814940214 151.33392793685198 214.39830443263054 182.30028572678566 4990.8303956985474 151.02529314160347 205.24213884025812 120.67620494216681 127.98056176304817 103.08402161300182 42.385845214128494 322.11184797435999 163.88507627695799 93.82497775554657 35.493001453578472 355.03289280086756 137.85687521100044 98.660256214439869
leaf_count=321648 474 254 9039 2080 1550 4484 16169 23520 3840 1252 1206 882 8745 1471 2084 1772 48512 1468 1995 1173 1244 1002 412 3131 1593 912 345 3451 1340 959
internal_value=-2.02656 -2.05587 -1.88866 -1.69681 -1.83548 -1.70504 -2.00355 -1.62648 -2.07273 -1.92945 -1.84854 -1.94004 -2.07463 -2.04382 -1.86173 -1.8002 -2.06515 -2.00339 -1.7727 -1.8391 -1.77597 -1.84952 -1.90636 -1.65322 -2.04525 -1.98189 -2.07806 -2.00742 -1.87318 -1.95684
internal_weight=48147.7 44217.8 4049.08 3929.95 1323.63 1557.68 2491.4 2606.32 40168.7 523.856 627.763 842.059 39644.9 6554.27 565.419 273.039 6077.02 1050.7 477.252 325.918 351.021 223.04 503.692 481.573 1925.98 119.956 5026.32 569.02 186.621 262.545
internal_count=468007 429807 39358 38200 12866 15141 24217 25334 390449 5092 6102 8185 385357 63709 5496 2654 59070 10213 4639 3168 3412 2168 4896 4681 18721 1166 48857 5531 1814 2552
is_linear=0
shrinkage=1


Tree=1
num_leaves=31
num_cat=0
split_feature=3 55 44 50 56 45 6 51 19 58 45 52 39 51 50 51 56 44 33 48 21 51 30 50 4 44 45 50 50 25
split_gain=138593 32284.3 23881.8 17557.8 5331.66 4862.5 3881.18 3542.19 2640.03 2560.25 2546.9 2109.08 2029.79 1496.3 1424.76 1284.59 8171.43 1844.29 1088.61 1061.77 985.764 921.434 872.51 712.633 684.382 644.133 632.369 583.171 559.855 525.305
threshold=1.5000000000000002 0.78768941760063182 1.0000000180025095e-35 0.72595521807670604 0.69452759623527538 1.0000000180025095e-35 3.5000000000000004 0.95488464832305919 1.0000000180025095e-35 1.5000000000000002 1.0000000180025095e-35 0.76689496636390697 0.54006412625312816 0.9261208474636079 0.80982521176338207 0.77849927544593822 0.6761576533317567 1.0000000180025095e-35 3.5000000000000004 1.0000000180025095e-35 23.500000000000004 0.8874824345111848 0.20204082131385806 0.982753485441208 4.5000000000000009 1.0000000180025095e-35 1.0000000180025095e-35 0.98386678099632274 0.60660174489021312 1.5000000000000002
decision_type=2 2 2 2 2 2 2 2 2 2 2 2 2 2 2 2 2 2 2 2 2 2 2 2 2 2 2 2 2 2
left_child=1 12 4 6 8 -5 9 10 -2 18 -6 -4 15 20 -14 -1 -17 26 -3 21 25 23 -11 -13 -10 -7 -18 -12 29 -20
right_child=2 3 11 5 7 13 -8 -9 24 22 27 19 14 -15 -16 16 17 -19 28 -21 -22 -23 -24 -25 -26 -27 -28 -29 -30 -31
leaf_value=-0.054003355442150895 -0.043703626739260877 0.19908241327346676 0.13835854513528528 0.28433333995756199 0.22163153583355438 0.075961417965908731 -0.033236390806542448 0.29350916363480045 0.22390865448123642 0.27451908304261169 -0.0096076403630782417 0.069578135965474255 0.021556659258553781 0.25259317810224163 0.28188745946259464 -0.045188407596836636 0.22496650384360317 0.27192676653082909 0.18771342659993137 0.29640375270018898 0.021620270438096049 0.27543912051774089 0.061177751163612008 0.24126963448374911 0.046445836674414993 0.25341802690422172 0.020077119500378979 0.097389663562227835 0.13749704714528282 -0.044263091062732546
leaf_weight=31076.144701957703 850.32379218935966 81.529813565313816 259.08758649230003 1072.0344021841884 267.64177288115025 109.07787834852934 1643.3854099288583 317.72892183810472 128.48523636907339 210.10033922642469 322.06746041029692 134.15218384563923 230.8894545212388 151.29024203121662 67.121100008487701 5641.7410464063287 48.234470561146736 237.27950701862574 25.504537045955658 3619.8994732946157 333.8653297945857 350.33530785888433 62.880882486701012 110.76905646920204 94.706568166613579 97.38013318926096 161.19022209942341 209.46100445836782 60.982298694550991 308.97023262828588
leaf_count=314814 8454 706 2223 7839 1959 994 16226 2296 1083 1684 3012 1257 2271 1185 539 56747 360 1891 222 26400 3039 2679 545 906 838 853 1416 1785 531 3026
internal_value=-0.000275981 -0.0341757 0.211395 0.098007 0.0760761 0.217664 0.00977857 0.152502 -0.0035066 0.103955 0.0961449 0.277611 -0.0488455 0.114061 0.0809378 -0.0498883 -0.0288794 0.176739 0.0339081 0.286135 0.0748773 0.223296 0.225779 0.147893 0.149149 0.160481 0.0681119 0.0326608 -0.000561473 -0.0260675
internal_weight=48284.3 41619.6 6664.66 4157 2190.41 1763.65 2393.35 1116.9 1073.52 749.968 799.17 4474.24 37462.6 691.614 298.011 37164.6 6088.45 446.704 476.987 4215.16 540.323 595.257 272.981 244.921 223.192 206.458 209.425 531.528 395.457 334.475
internal_count=467780 414888 52892 36850 19427 13910 22940 9052 10375 6714 6756 33465 378038 6071 2810 375228 60414 3667 4485 31242 4886 4842 2229 2163 1921 1847 1776 4797 3779 3248
is_linear=0
shrinkage=0.05


Tree=2
num_leaves=31
num_cat=0
split_feature=55 50 3 41 45 6 51 45 19 41 50 21 36 28 48 56 25 51 56 48 48 50 20 19 40 5 58 30 58 4
split_gain=114128 31334.8 15582.1 7655.63 6043.17 5567.65 3744.7 2561.12 2196.48 1757.65 3137.34 1745.72 1376.93 1218.42 871.746 758.544 755.004 734.941 3619.65 1028.61 677.706 568.925 724.494 564.067 542.8 536.953 509.376 484.458 534.33 442.525
threshold=0.76009050011634838 0.74813431501388561 1.5000000000000002 0.31909090280532842 1.0000000180025095e-35 3.5000000000000004 0.92390406131744396 1.0000000180025095e-35 1.0000000180025095e-35 0.70710784196853649 0.8263767957687379 24.500000000000004 0.86607143282890331 5.5000000000000009 1.0000000180025095e-35 0.99822065234184276 1.5000000000000002 0.80982521176338207 0.63743132352828991 1.0000000180025095e-35 1.0000000180025095e-35 0.95488464832305919 19.500000000000004 1.0000000180025095e-35 0.8441295623779298 2.5000000000000004 2.5000000000000004 0.15047170221805575 1.5000000000000002 4.5000000000000009
decision_type=2 2 2 2 2 2 2 2 2 2 2 2 2 2 2 2 2 2 2 2 2 2 2 2 2 2 2 2 2 2
left_child=2 5 9 8 -3 7 11 13 -4 17 25 20 14 -2 -5 -13 -15 -1 23 -20 21 -6 -23 -19 -7 -11 -18 28 -26 -10
right_child=1 4 3 12 6 24 -8 -9 29 10 -12 15 -14 16 -16 -17 26 18 19 -21 -22 22 -24 -25 27 -27 -28 -29 -30 -31
leaf_value=-0.054258437618072364 0.19706493077444664 0.23223789521302907 -0.042002585407377092 0.022533791892760668 0.054615238792843447 -0.044443287503650238 0.21582563962651868 0.0026535128416520365 0.18015250029939767 0.079870664524207768 0.23898223325293846 0.014180772222077781 0.22458116902079756 0.20778529827767583 0.2113375045627294 0.24157092318002477 -0.0048790220235576049 -0.053032741604773163 0.061075420196299073 0.24320138341261233 0.22767419171796521 0.095699204465948345 0.2685078404271028 -0.008368959896093436 0.0025297922180302478 -0.037318480806269649 0.19295372938691277 -0.020179707029100147 0.19893649811097744 0.043864823866725862
leaf_weight=29310.531540684402 530.70553087443113 5073.2575355246663 813.49844932556152 168.52907877415419 240.09616369009018 1703.8979989588261 844.20598705857992 444.17379101365805 152.23567987978458 113.80320557951927 136.83744503557682 664.00205366313457 747.98237260431051 76.401510290801525 95.192243009805679 37.831861704587936 197.73952012509108 4003.7620587050915 241.72785245627165 113.84347548335791 165.01035991311073 161.77570270746946 97.906276121735573 858.93648862838745 72.920833811163902 658.21652083843946 37.934938162565231 254.53918519616127 64.989749044179916 98.765219151973724
leaf_count=309800 3778 30665 8267 1449 2087 17452 5375 4107 1097 1101 934 5845 4835 567 616 279 1780 41970 1960 756 1163 1260 709 8720 690 6780 274 2446 592 845
internal_value=-0.000536526 0.143765 -0.0415725 0.0915305 0.202161 0.0180168 0.133069 0.0998386 -0.00209204 -0.049373 0.0192438 0.0818276 0.189944 0.150995 0.0912248 0.0267643 0.0722696 -0.0511797 -0.0338794 0.119905 0.139832 0.110432 0.161632 -0.0451468 -0.0322375 -0.0199627 0.0276455 0.0207347 0.0958514 0.126912
internal_weight=48181.3 10667.4 37513.9 2076.2 7284.09 3383.3 2210.83 1286.96 1064.5 35437.7 908.857 1366.62 1011.7 842.781 263.721 701.834 312.076 34528.8 5218.27 355.571 664.789 499.778 259.682 4862.7 2096.35 772.02 235.674 392.45 137.911 251.001
internal_count=468199 79069 389130 17109 47383 31686 16718 10506 10209 372021 8815 11343 6900 6399 2065 6124 2621 363206 53406 2716 5219 4056 1969 50690 21180 7881 2054 3728 1282 1942
is_linear=0
shrinkage=0.05


Tree=3
num_leaves=31
num_cat=0
split_feature=55 52 3 41 6 45 51 45 19 41 35 44 49 52 21 58 49 21 51 41 44 38 39 51 44 36 30 58 4 30
split_gain=97074.3 25254.2 12251.9 5512.48 5053.35 4478.43 3101.08 1930.05 1867.45 1523.13 2311.85 1504.55 1065.2 977.808 926.169 859.908 1297.49 1167.83 621.752 2721.27 882.629 560.576 538.533 427.679 512.406 421.725 653.981 409.259 373.955 369.309
threshold=0.74431523680686962 0.7320508360862733 1.5000000000000002 0.31909090280532842 3.5000000000000004 1.0000000180025095e-35 0.91715687513351452 1.0000000180025095e-35 1.0000000180025095e-35 0.70710784196853649 0.46428571641445165 1.0000000180025095e-35 0.73746865987777721 0.83438816666603099 26.500000000000004 1.5000000000000002 0.50944742560386669 13.500000000000002 0.7577352523803712 0.4220647811889649 1.0000000180025095e-35 8.5000000000000018 0.72474747896194469 0.99425286054611217 1.0000000180025095e-35 0.94444444775581371 0.15301003307104113 1.5000000000000002 3.5000000000000004 0.14415584504604342
decision_type=2 2 2 2 2 2 2 2 2 2 2 2 2 2 2 2 2 2 2 2 2 2 2 2 2 2 2 2 2 2
left_child=2 4 9 8 7 -3 11 15 -4 18 -11 25 22 -5 -13 16 17 -2 -1 21 -21 -20 -6 24 -8 -7 -27 -24 -10 -29
right_child=1 5 3 13 12 6 23 -9 28 10 -12 14 -14 -15 -16 -17 -18 -19 19 20 -22 -23 27 -25 -26 26 -28 29 -30 -31
leaf_value=-0.054324083257277458 0.15329197731347177 0.19471940607592059 -0.042153062420872113 0.017884517052613777 -0.044511723872211188 -0.016025580379701289 0.065047162701786218 0.0005568128137109574 0.16902036457321962 -0.024868132567084852 0.18211602667627311 0.1625461606806434 0.2105721044600041 0.17867001914186939 0.05024734881811669 0.19414930438122588 0.17984252910839871 -0.032145873713163506 -0.0027606972832844427 0.01678563573409551 0.18633938955005563 -0.050350234723140042 -0.013914016066158247 0.20199611617800609 0.18768752748991846 -0.049555418164433519 0.11541445843373643 0.18100949370743999 0.051274734706311179 0.0018990779331118726
leaf_weight=26925.923094585538 131.0506544187665 5781.3090917319059 781.65729171037674 106.15733331441879 1973.8379170894623 429.50581313669682 154.60257140547037 415.45598934590816 134.06583753228188 655.05868052691221 168.83643692731857 446.48091159015894 44.371771357953548 882.42249135673046 313.44777294248343 335.12266567349434 260.75401310622692 237.06273096054792 708.00054760277271 142.97853744029999 165.25645595043898 4917.2336912304163 261.71703989803791 717.11049667745829 193.02596513926983 87.351736381649971 188.14104522764683 61.778609462082386 137.17020808160305 53.181407421827316
leaf_count=297202 926 30887 8224 872 20855 3905 1067 3870 860 6859 1078 3022 277 5193 2574 2036 1583 2140 7312 1231 1115 53329 2506 3880 1162 770 1397 491 1078 486
internal_value=-0.000762483 0.121727 -0.0422015 0.0767108 0.0144664 0.17043 0.114864 0.090662 -0.00292049 -0.0494106 0.0177174 0.0675945 -0.0294415 0.16144 0.116353 0.129454 0.0947248 0.0341076 -0.0510942 -0.0364303 0.107998 -0.0443621 -0.0340599 0.179775 0.133488 0.0149465 0.0631167 0.0206816 0.109881 0.0988825
internal_weight=47810.1 12085.3 35724.8 2041.47 3774.33 8310.98 2529.67 1379.45 1052.89 33683.3 823.895 1464.93 2394.89 988.58 759.929 963.99 628.867 368.113 32859.4 5933.47 308.235 5625.23 2350.51 1064.74 347.629 704.999 275.493 376.677 271.236 114.96
internal_count=468187 83834 384353 16227 35170 48664 17777 10555 10162 368126 7937 11668 24615 6065 5596 6685 4649 3066 360189 62987 2346 60641 24338 6109 2229 6072 2167 3483 1938 977
is_linear=0
shrinkage=0.05


Tree=4
num_leaves=31
num_cat=0
split_feature=55 50 3 56 45 6 51 23 41 50 21 60 52 40 56 59 52 25 44 51 56 44 23 5 30 25 36 28 44 51
split_gain=84441.2 20796 11293.4 4421.81 4134.94 3228.15 2771.22 1720.68 1483.55 2619.53 1348.04 1344.74 956.527 915.532 659.72 609.336 607.162 822.205 605.41 536.346 1898.32 917.926 566.325 527.019 517.061 516.62 483.275 501.471 421.947 385.581
threshold=0.74431523680686962 0.6569296419620515 1.5000000000000002 0.56675580143928539 1.0000000180025095e-35 2.5000000000000004 0.91010102629661571 11.500000000000002 0.65108695626258861 0.83225107192993175 21.500000000000004 1.0000000180025095e-35 0.76689496636390697 0.8441295623779298 0.99822065234184276 1.0000000180025095e-35 0.66287881135940563 1.5000000000000002 1.0000000180025095e-35 0.7577352523803712 0.62233561277389537 1.0000000180025095e-35 1.0000000180025095e-35 2.5000000000000004 0.15047170221805575 2.5000000000000004 0.94444444775581371 5.5000000000000009 1.0000000180025095e-35 0.98076212406158458
decision_type=2 2 2 2 2 2 2 2 2 2 2 2 2 2 2 2 2 2 2 2 2 2 2 2 2 2 2 2 2 2
left_child=2 5 8 7 -3 11 10 -4 19 23 18 16 -5 -7 26 24 17 -2 -6 -1 22 -22 25 -10 -15 -21 -12 -28 -14 -8
right_child=1 4 3 12 6 13 29 -9 9 -11 14 -13 28 15 -16 -17 -18 -19 -20 20 21 -23 -24 -25 -26 -27 27 -29 -30 -31
leaf_value=-0.054178320028549103 0.13668909120342343 0.16765733164567378 0.098443137901665409 -0.023633442068318661 0.055152905429929115 -0.044676891171310483 0.11480681386746283 -0.045492292890814322 0.053824551742655637 0.16853779850973541 -0.0087261167308375961 0.15700410756105179 0.10115525358496501 0.16275920055780382 0.18235648084950612 -0.014987756645065381 0.14803537699067751 -0.040503315749890002 0.15541219092575065 -0.032560877725683106 0.0019700226050963342 0.15592840090088347 -0.0529475279070903 -0.042049460320191884 0.0010485649266862929 0.048782189288952726 0.0071730046059563929 0.16805963607613975 0.17342087178966281 0.17386377426888211
leaf_weight=25334.752408593893 83.9455511495471 6670.5431739091873 288.78896211832762 82.497881516814232 267.52542974799871 1940.0515598654747 440.9490867331624 731.453274987638 168.97264656424522 202.07627448439598 782.02519374340773 364.19151040166616 286.93600134551525 121.29632081836462 57.059505343437195 291.93324140459299 84.479377701878548 284.52128157019615 348.3036971911788 746.53917634487152 223.50667478144169 169.83287386596203 4305.0213264301419 917.0384149029851 82.987959526479244 263.21226927638054 108.57468162477016 86.574905306100845 728.85142041742802 786.40245515108109
leaf_count=292122 519 32915 1925 734 2151 21095 2684 7929 1598 1167 6943 2126 1828 830 359 2780 528 2672 2163 7908 1986 1084 48975 10153 736 2725 833 576 3768 3870
internal_value=-0.000801321 0.108843 -0.0415469 0.0702662 0.14604 -0.000332021 0.0958841 -0.00469354 -0.0488755 0.00370162 0.0535137 0.0856055 0.13984 -0.0291792 0.0186031 0.0313796 0.0279781 0.000126051 0.112018 -0.0510572 -0.0371975 0.0686717 -0.0450442 -0.0270966 0.0973914 -0.0113299 0.00886449 0.0790406 0.153127 0.152757
internal_weight=47250.8 12801.4 34449.5 2118.53 9547.96 3253.41 2877.41 1020.24 32331 1288.09 1650.06 817.138 1098.29 2436.27 1034.23 496.218 452.946 368.467 615.829 31042.9 5708.11 393.34 5314.77 1086.01 204.284 1009.75 977.175 195.15 1015.79 1227.35
internal_count=467682 83780 383902 16184 52494 31286 19579 9854 367718 12918 13025 5845 6330 25441 8711 4346 3719 3191 4314 354800 62678 3070 59608 11751 1566 10633 8352 1409 5596 6554
is_linear=0
shrinkage=0.05


Tree=5
num_leaves=31
num_cat=0
split_feature=55 50 3 41 48 39 51 19 41 35 58 45 44 56 33 34 51 50 51 56 44 19 28 43 25 43 25 28 50 24
split_gain=74695 17479.6 9920.58 3545.31 3351.74 2973.72 2182.8 1538.81 1375.29 2206.66 1352.83 1102.39 724.606 717.497 692.111 661.495 606.629 559.698 520.117 1648.97 707.454 548.781 509.671 429.586 417.2 411.93 409.578 348.993 335.418 305.129
threshold=0.73980519175529491 0.6569296419620515 1.5000000000000002 0.2788888961076737 1.0000000180025095e-35 0.72474747896194469 0.96449580788612377 1.0000000180025095e-35 0.65108695626258861 0.46428571641445165 1.5000000000000002 1.0000000180025095e-35 1.0000000180025095e-35 0.98219570517539989 3.5000000000000004 0.31666667759418493 0.8874824345111848 0.9941176474094392 0.76239567995071422 0.62233561277389537 1.0000000180025095e-35 1.0000000180025095e-35 8.5000000000000018 0.12788605690002444 2.5000000000000004 0.12253588065505029 2.5000000000000004 4.5000000000000009 0.84292763471603405 1.5000000000000002
decision_type=2 2 2 2 2 2 2 2 2 2 2 2 2 2 2 2 2 2 2 2 2 2 2 2 2 2 2 2 2 2
left_child=2 5 8 7 6 15 11 -4 18 25 14 -3 16 17 -7 23 -5 27 -1 21 -21 -20 -12 -2 -23 28 -19 -13 -10 -9
right_child=1 4 3 12 -6 10 -8 29 9 -11 22 13 -14 -15 -16 -17 -18 26 19 20 -22 24 -24 -25 -26 -27 -28 -29 -30 -31
leaf_value=-0.05385612496608301 -0.041417057091766997 0.12166089576394819 -0.046150549946126225 0.0043642501490503442 0.14949638966064355 0.12352253585980158 0.15305339954433519 -0.025705065697647436 -0.039096185855832667 0.13118402021909023 0.14979348797595846 0.033432095133150395 0.1510671231841666 0.14587704151252612 -0.020589424415259475 0.10526392394896478 0.13536221940370652 0.12237522089478288 -0.052537086079542022 0.001808371015504914 0.13673576337974477 -0.030824111269991319 0.0063082652202739193 0.082376984208377926 0.042079310206119096 0.22449974816567148 0.035466635858360011 -0.027369039783113776 0.20214250577045983 0.10899491965625976
leaf_weight=24273.959262304008 2182.1319622322917 556.8710646033287 701.16776154190302 192.72363413125277 7082.1135107204318 106.12630379199982 899.41003780066967 49.690946035087109 961.1569759696722 263.08151739835739 426.43342591822147 539.69179011881351 770.29957971721888 146.29980402439833 373.92951009422541 83.278713807463646 162.33303492516279 222.02036117017269 4064.0772699043155 218.22516840696335 174.1382794752717 719.90421671420336 72.472999721765518 71.50129009783268 268.68327838182449 14.489104144275187 348.88504938781261 417.87222012877464 13.650334671139715 260.57766293734312
leaf_count=292466 23998 2686 7928 1454 33356 708 4143 383 10879 1549 2364 4289 3750 920 3467 604 881 1332 48253 1934 1014 7815 559 573 2675 143 2422 3815 97 1564
internal_value=-0.000919848 0.0980641 -0.0413696 0.06281 0.130445 -0.00167983 0.0873177 -0.00513396 -0.048559 0.00276482 0.0714345 0.0607677 0.123826 0.0404599 0.0114601 -0.0323258 0.0644689 0.0302809 -0.0507218 -0.0367417 0.0618871 -0.0444114 0.129005 -0.0374546 -0.0109876 -0.0314834 0.0694195 0.00689816 -0.0355144 0.0874088
internal_weight=46637.2 13529 33108.2 2136.79 10213.2 3315.87 3131.05 1011.44 30971.4 1252.38 978.962 2231.64 1125.36 1674.77 480.056 2336.91 355.057 1528.47 29719 5445.03 392.363 5052.66 498.906 2253.63 988.587 989.296 570.905 957.564 974.807 310.269
internal_count=468021 85236 382785 15960 52963 32273 19607 9875 366825 12668 7098 15464 6085 12778 4175 25175 2335 11858 354157 61691 2948 58743 2923 24571 10490 11119 3754 8104 10976 1947
is_linear=0
shrinkage=0.05


Tree=6
num_leaves=31
num_cat=0
split_feature=55 50 0 6 41 52 48 51 45 51 56 19 42 52 45 44 44 58 35 21 40 47 50 40 54 47 51 50 50 28
split_gain=66592.7 14880.7 6952.74 3436.72 2414.12 3102.26 2303.97 1602.12 1336.38 1333.32 2330.04 1652.94 1234.25 962.177 819.209 646.144 606.978 503.683 849.085 901.197 446.083 390.473 386.189 355.268 316.792 297.822 277.913 266.825 257.472 234.258
threshold=0.73538899421691906 0.72595521807670604 8.5000000000000018 3.5000000000000004 0.65108695626258861 0.79759037494659435 1.0000000180025095e-35 0.95488464832305919 1.0000000180025095e-35 0.79830509424209606 0.62233561277389537 1.0000000180025095e-35 0.0020504988497123127 0.77871939539909374 1.0000000180025095e-35 1.0000000180025095e-35 1.0000000180025095e-35 1.5000000000000002 0.46428571641445165 13.500000000000002 0.8441295623779298 1.0000000180025095e-35 0.8521554470062257 0.8441295623779298 0.99820789694786083 1.0000000180025095e-35 0.1911285072565079 0.97259759902954113 0.83225107192993175 4.5000000000000009
decision_type=2 2 2 2 2 2 2 2 2 2 2 2 2 2 2 2 2 2 2 2 2 2 2 2 2 2 2 2 2 2
left_child=2 3 4 8 9 21 7 14 17 -1 11 25 -13 -4 28 24 -12 18 19 -2 -5 -6 -17 -24 27 -11 -22 -16 -3 -10
right_child=1 6 13 20 5 -7 -8 -9 29 10 16 12 -14 -15 15 22 -18 -19 -20 -21 26 -23 23 -25 -26 -27 -28 -29 -30 -31
leaf_value=-0.053202481560628102 0.11929550675951134 0.037821351883941257 -0.03347575829898549 -0.044814706331704229 -0.040061171797136523 0.13311173685780428 0.13583322342307788 0.1369258562649015 0.03405028797462871 -0.051859001708407806 0.019928659326439047 -0.014652947226100572 0.10167768432368898 0.11926896326525652 -0.011981363452483379 0.014213786887202311 0.13246043420498352 0.13730028957743098 0.14716789635862512 -0.034655028643182241 0.059704347584745604 0.068790894675775163 0.065584499237147653 0.15403421530029748 0.23610594941379823 0.11723695986180785 -0.022840992404853964 0.042316382006889447 0.12857828960558565 -0.037511044768473278
leaf_weight=23785.472379386425 151.42494221776724 95.959052689373493 119.05543348193169 1858.0098433569074 871.65885620564222 418.56511696428061 7255.9609367251396 984.61088997125626 198.07035528123379 4086.2196774855256 228.99391683191061 836.64779011905193 312.33085720986128 750.33935744315386 530.46408615261316 163.92095196247101 251.32182215154171 417.4518014267087 210.10298072546721 251.74581768363714 177.29095456004143 90.067130863666534 268.83591143041849 199.09004513174295 14.924356698989866 25.297680824995041 237.32221177220345 393.11611610651016 446.21915699541569 267.80747243762016
leaf_count=298872 925 472 1110 21807 10103 2060 32241 4332 1696 50255 1844 8665 2167 3717 4645 1303 1279 2054 1033 2334 1350 943 1659 1127 95 262 2339 2648 1998 2578
internal_value=-0.000887017 0.0894495 -0.0410372 0.00438468 -0.0449608 0.0196583 0.120415 0.0842625 0.063195 -0.0479822 -0.026348 -0.0359767 0.0170305 0.0983376 0.0596639 0.0413222 0.078963 0.094934 0.0659189 0.0233186 -0.0343548 -0.0298061 0.08037 0.103466 0.0149757 -0.0507903 0.0125146 0.0111509 0.112615 -0.00707861
internal_weight=45898.3 14122.3 31776 3769.23 30906.6 1380.29 10353.1 3097.14 1496.6 29526.3 5740.81 5260.5 1148.98 869.395 2112.53 1570.35 480.316 1030.73 613.274 403.171 2272.62 961.726 631.847 467.926 938.505 4111.52 414.613 923.58 542.178 465.878
internal_count=467913 86636 381277 36116 376450 13106 50520 18279 10620 363344 64472 61349 10832 4827 13947 11477 3123 6346 4292 3259 25496 11046 4089 2786 7388 50517 3689 7293 2470 4274
is_linear=0
shrinkage=0.05


Tree=7
num_leaves=31
num_cat=0
split_feature=55 52 3 45 44 45 51 5 41 35 45 21 49 40 51 41 38 51 49 25 44 32 21 47 35 44 56 53 51 49
split_gain=59791.7 12923.5 7708.03 3345.48 2466.45 2001.7 1519.22 1408.25 1170.37 1563 1167.68 817.082 532.735 502.117 495.56 1253.85 512.588 479.084 871.551 704.138 456.834 430.706 344.582 292.785 278.622 261.119 260.439 256.504 245.661 245.192
threshold=0.72636544704437267 0.7320508360862733 1.5000000000000002 1.0000000180025095e-35 1.0000000180025095e-35 1.0000000180025095e-35 0.91715687513351452 4.5000000000000009 0.65108695626258861 0.46428571641445165 1.0000000180025095e-35 21.500000000000004 0.77849927544593822 0.89087301492691051 0.78404876589775097 0.4220647811889649 8.5000000000000018 0.17712418735027316 0.46841755509376531 1.5000000000000002 1.0000000180025095e-35 1.5000000000000002 27.500000000000004 1.0000000180025095e-35 0.46428571641445165 1.0000000180025095e-35 0.62529620528221141 0.61951711773872387 0.96178188920021068 0.70064935088157665
decision_type=2 2 2 2 2 2 2 2 2 2 2 2 2 2 2 2 2 2 2 2 2 2 2 2 2 2 2 2 2 2
left_child=2 3 8 7 10 -3 11 17 14 23 21 -7 13 -5 -1 16 -16 -2 19 -19 -13 -4 -20 -10 -21 -17 -12 -18 -28 -9
right_child=1 5 4 12 -6 6 -8 29 9 -11 26 20 -14 -15 15 25 27 18 22 24 -22 -23 -24 -25 -26 -27 28 -29 -30 -31
leaf_value=-0.053191897111026953 0.1220921099981352 0.12508233420900214 -0.024150509104520903 -0.04311824871376474 0.12155182444558472 0.091048881585848743 0.1162463839060895 -0.023313188678694089 -0.040747090927373948 0.10654731682667069 -0.051111278055145884 -0.014485307106726096 0.20132927735210437 0.04596933037303727 -0.00049524506861317976 0.01410302691790373 -0.049909766308008578 0.12854942940608036 0.12961537978292786 -0.039939698038162268 0.049949081313781701 0.082637748246622802 0.011845049696232464 0.056983070321515727 0.15889805364968204 0.1162153176492409 -0.01186281257034049 0.059567079765996671 0.13506263644388622 0.11681293811635729
leaf_weight=22328.106108523905 501.4229287058115 7434.9214962646365 117.69468109309673 2086.0348256975412 786.88315410912037 645.27549879252911 1403.1540081202984 477.19861032068729 774.74303521960974 270.22360832244158 537.66193499416113 509.71040784567595 22.840301536023617 170.32951010763645 652.12293923646212 110.39122252911329 3841.1061514168978 91.704937487840652 359.58653958141804 296.18027636408806 595.68876268714666 468.68067998439074 75.29205098003149 84.161131232976913 17.751008845865726 144.5784170627594 126.62360306084156 53.460958190262318 35.645229935646057 32.41032300889492
leaf_count=293738 2495 31431 1047 24328 3659 3769 6377 5111 9330 1432 6564 4422 138 1336 6832 926 48847 535 1767 2995 3922 2934 455 843 98 740 947 458 175 153
internal_value=-0.00102735 0.0816569 -0.0411536 0.00664398 0.0518849 0.110917 0.0774929 0.0565518 -0.0479809 0.00189502 0.00920569 0.0463836 -0.0339064 -0.0363758 -0.0500567 -0.0354696 -0.0415239 0.0834071 0.0602112 0.00744492 0.0202515 0.0611991 0.109299 -0.0311157 -0.0282277 0.0722328 -0.0343775 -0.0483921 0.0210415 -0.0141901
internal_weight=45051.6 14719.5 30332.1 4130.75 2073.19 10588.8 3153.83 1851.55 28258.9 1129.13 1286.31 1750.67 2279.2 2256.36 27129.8 4801.66 4546.69 1341.94 840.515 405.636 1105.4 586.375 434.879 858.904 313.931 254.97 699.931 3894.57 162.269 509.609
internal_count=467804 89332 378472 39411 15326 49921 18490 13609 363146 11605 11667 12113 25802 25664 351541 57803 56137 8345 5850 3628 8344 3981 2222 10173 3093 1666 7686 49305 1122 5264
is_linear=0
shrinkage=0.05


Tree=8
num_leaves=31
num_cat=0
split_feature=55 50 3 39 45 41 51 19 58 41 50 36 50 33 28 34 52 51 39 23 30 25 44 51 13 48 34 43 25 53
split_gain=54269.3 11545.4 7106.44 2422.31 2204.24 2146.34 1637.53 1158.05 1139.25 1120.78 1384.5 759.011 795.617 563.891 551.526 490.137 486.447 483.564 1245.94 484.305 460.762 393.28 334.91 530.509 327.43 318.836 293.514 267.869 267.447 247.786
threshold=0.72636544704437267 0.6569296419620515 1.5000000000000002 0.67424243688583385 1.0000000180025095e-35 0.2788888961076737 0.8874824345111848 1.0000000180025095e-35 1.5000000000000002 0.65108695626258861 0.80982521176338207 0.94444444775581371 0.9941176474094392 3.5000000000000004 4.5000000000000009 0.31666667759418493 0.76689496636390697 0.73375529050827037 0.2419017776846886 6.5000000000000009 0.20204082131385806 2.5000000000000004 1.0000000180025095e-35 0.96449580788612377 1.0000000180025095e-35 1.0000000180025095e-35 0.72077924013137828 0.16840209066867831 1.5000000000000002 0.61951711773872387
decision_type=2 2 2 2 2 2 2 2 2 2 2 2 2 2 2 2 2 2 2 2 2 2 2 2 2 2 2 2 2 2
left_child=2 3 9 15 -3 7 11 -4 13 17 24 14 -13 -5 -6 27 -7 -1 19 21 -10 -19 23 26 -11 -20 -8 -2 -15 -21
right_child=1 4 5 8 6 16 22 -9 20 10 -12 12 -14 28 -16 -17 -18 18 25 29 -22 -23 -24 -25 -26 -27 -28 -29 -30 -31
leaf_value=-0.053198921204718752 -0.042292334976877503 0.11473761048768311 -0.045879710084042999 0.089223544297198296 0.050843480963143096 -0.02754382501958454 0.13883812177095253 0.068365159264795236 0.12191983214505492 -0.037359693464563908 0.11165138388268792 -0.01633804364504881 0.11911830102226771 0.090107946442454956 -0.020047912347611059 0.086151576534100757 0.10443323305578218 -0.030441160510185663 0.026192869269439048 -0.051057018946915958 0.015167894546010315 0.038316026077991075 0.1170830433014482 0.11716102578442203 0.058801009633730618 0.13913143096832575 0.0097489402655651456 0.086423077687272087 -0.034644039772638156 0.056789691865232611
leaf_weight=20649.229716993868 2090.7102636024356 8044.7592496946454 635.02783947438002 147.86196526885033 456.78036274015903 74.455992862582207 50.747275225818157 339.60824872553349 491.20218612998724 791.92186377942562 226.05630552023649 151.11546449363232 380.56649515777826 46.76196214556694 683.82624233514071 79.205847270786762 1037.2651500180364 742.17817904055119 165.39158046245575 3990.6867860257626 127.59223779290915 287.8379173874855 1114.3367942795157 335.21530219912529 98.746773265302181 100.03870102763176 296.69628538936377 40.316463008522987 429.63535103201866 53.198015503585339
leaf_count=284215 25459 33480 7900 896 3431 666 332 1915 2406 9584 1093 1097 1890 315 5768 530 4802 8669 1377 53198 923 2827 4877 1397 930 515 1869 286 4439 473
internal_value=-0.00108729 0.0763193 -0.0407769 -0.00386659 0.100367 0.0481259 0.0670196 -0.00604225 0.0519483 -0.0476215 0.00142526 0.0313826 0.0806603 0.00426507 0.00836173 -0.0352666 0.0955774 -0.049729 -0.0363022 -0.0418297 0.0999681 -0.0112084 0.100148 0.0723724 -0.0266445 0.069121 0.0289479 -0.0398178 -0.0222356 -0.0496246
internal_weight=44159 14967.3 29191.6 3453.29 11514 2086.36 3469.28 974.636 1243.05 27105.3 1116.72 1672.29 531.682 624.259 1140.61 2210.23 1111.72 25988.6 5339.33 5073.9 618.794 1030.02 1797 682.659 890.669 265.43 347.444 2131.03 476.397 4043.88
internal_count=467559 89395 378164 35254 54141 15283 20661 9815 8979 362881 11607 12186 2987 5650 9199 26275 5468 351274 67059 65167 3329 11496 8475 3598 10514 1892 2201 25745 4754 53671
is_linear=0
shrinkage=0.05


Tree=9
num_leaves=31
num_cat=0
split_feature=55 50 0 6 51 41 48 19 51 58 0 50 41 36 33 44 41 39 58 28 48 55 45 35 25 52 50 5 28 4
split_gain=49393.4 10134.9 4876.53 2225.13 2105.8 3884.18 2023.16 1481.07 1379 905.738 748.019 679.238 702.892 625.307 595.867 526.654 482.188 342.444 355.721 335.352 313.397 311.197 306.763 298.926 298.083 325.378 277.568 272.854 233.385 229.121
threshold=0.72636544704437267 0.6569296419620515 8.5000000000000018 3.5000000000000004 0.79830509424209606 0.3717105239629746 1.0000000180025095e-35 1.0000000180025095e-35 0.96449580788612377 1.5000000000000002 3.5000000000000004 0.84292763471603405 0.71825397014617931 0.94444444775581371 3.5000000000000004 1.0000000180025095e-35 0.79057019948959362 0.67424243688583385 1.5000000000000002 8.5000000000000018 1.0000000180025095e-35 0.60044842958450328 1.0000000180025095e-35 0.77500000596046459 1.5000000000000002 0.64326766133308422 0.9941176474094392 3.5000000000000004 4.5000000000000009 4.5000000000000009
decision_type=2 2 2 2 2 2 2 2 2 2 2 2 2 2 2 2 2 2 2 2 2 2 2 2 2 2 2 2 2 2
left_child=2 3 4 9 16 7 8 21 11 14 -9 28 23 20 -2 22 -1 -5 -19 -11 -4 -6 -7 -13 -16 -26 -25 -18 -3 -12
right_child=1 6 13 17 5 15 -8 10 -10 19 29 12 -14 -15 24 -17 27 18 -20 -21 -22 -23 -24 26 25 -27 -28 -29 -30 -31
leaf_value=-0.051770859120865834 0.087256172469585058 0.028500113276035854 -0.01463960996306362 -0.046890932321599063 -0.051743704473653222 0.10397084029661535 0.10746185742420994 -0.015117311195755379 0.11066476922618065 0.10979521299289792 0.10262665372999343 0.084045083054730602 0.086579533332007297 0.10915656319289609 0.08989832729210892 0.11039826090631731 0.094273440205796602 -0.032045986373973295 0.058659575480813603 -0.001593955335372575 0.090179583687185691 0.053929996046089647 -0.0081853398915318048 -0.029226814280367872 -0.043075364612953693 0.090373442566037826 0.03511700521391347 -0.019190557983035886 -0.031041865679179881 0.028355325163379949
leaf_weight=21404.365191690624 185.72850113362074 326.69544083625078 210.29631871730089 1637.0289241373539 3577.3038776889443 87.394242413341999 8180.1608347445726 735.564946398139 1044.5833067595959 488.96905592083931 225.68468822538853 172.72983743995428 991.32170528918505 545.90677302330732 58.006831802427769 558.83870765566826 80.872368097305298 287.35215291380882 171.90275475382805 78.346248894929886 106.72636776417494 70.282718792557716 196.07578627020121 268.11819974333048 434.73656056076288 50.085412539541721 443.5558305606246 149.44218990206718 329.62422244995832 193.52233566343784
leaf_count=305720 1025 2348 1685 21476 49671 509 33999 8096 4252 2321 1140 1127 5127 2340 331 2524 639 3195 1191 546 489 575 1691 2030 4765 293 2594 1741 2860 1570
internal_value=-0.00101376 0.071777 -0.0401981 -0.00435935 -0.0439007 -0.0167001 0.093743 -0.0340732 0.062345 0.0471248 0.0152666 0.0423751 0.0576866 0.0767654 0.0102049 0.0822742 -0.0509964 -0.0361929 0.00195951 0.0944366 0.0208206 -0.0496933 0.0266365 0.0252395 -0.0162701 -0.0291315 0.0108689 0.0208864 -0.00140546 0.0684892
internal_weight=43291.2 15148.9 28142.3 3392.16 27279.3 5644.67 11756.8 4802.36 3576.63 1295.87 1154.77 2532.05 1875.73 862.929 728.557 842.309 21634.7 2096.28 459.255 567.315 317.023 3647.59 283.47 884.404 542.829 484.822 711.674 230.315 656.32 419.207
internal_count=467870 89480 378390 35143 373876 65776 54337 61052 20338 9281 10806 16086 10878 4514 6414 4724 308100 25862 4386 2867 2174 50246 2200 5751 5389 5058 4624 2380 5208 2710
is_linear=0
shrinkage=0.05


Tree=10
num_leaves=31
num_cat=0
split_feature=55 50 0 6 51 41 48 19 51 45 42 21 52 41 44 39 41 28 55 51 5 50 41 45 21 58 31 30 51 7
split_gain=44794.1 9011.62 4570.23 2463.37 2082.3 3530.08 1548.4 1400.71 1092.07 806.188 770.441 564.719 563.46 508.212 388.691 356.359 348.177 300.95 296.657 271.631 268.667 261.932 284.602 225.998 217.134 292.806 211.119 202.047 197.035 188.059
threshold=0.72636544704437267 0.72595521807670604 8.5000000000000018 3.5000000000000004 0.80982521176338207 0.3717105239629746 1.0000000180025095e-35 1.0000000180025095e-35 0.96449580788612377 1.0000000180025095e-35 0.0010045226081274452 27.500000000000004 0.76689496636390697 0.77525252103805553 1.0000000180025095e-35 0.67424243688583385 0.71825397014617931 4.5000000000000009 0.58735710382461559 0.1911285072565079 4.5000000000000009 0.85053193569183361 0.71825397014617931 1.0000000180025095e-35 13.500000000000002 3.5000000000000004 1.0000000180025095e-35 0.14760348945856097 0.89512962102890026 1.0000000180025095e-35
decision_type=2 2 2 2 2 2 2 2 2 2 2 2 2 2 2 2 2 2 2 2 2 2 2 2 2 2 2 2 2 2
left_child=2 3 4 9 13 7 8 18 11 17 29 16 -4 -1 23 -5 -3 -2 -6 -17 -15 -13 -23 -7 -19 -26 -18 -11 -14 -9
right_child=1 6 12 15 5 14 -8 10 -10 27 -12 21 28 20 -16 19 26 24 -20 -21 -22 22 -24 -25 25 -27 -28 -29 -30 -31
leaf_value=-0.051341130264983326 0.092109980069714312 0.03579994149990362 -0.036231505556830461 -0.045053780850290173 -0.051529854621967311 0.094083419139872407 0.10169993420166701 0.0038510442189310027 0.10397468239245984 0.032361852530820398 0.074975802084589635 -0.02848782937054687 0.055948084628401867 0.07884097787403363 0.10301192823381294 0.048454935056218687 0.02973333857424168 0.086919881354324519 0.042739284769129172 -0.026773935117452033 -0.024195757680854604 -0.0029445203264832276 0.060514025257577299 -0.002497768559194567 -0.015576698936972536 0.095123268403490654 0.098093489565136735 -0.033995892145956497 0.10786106688431807 -0.050026602877462412
leaf_weight=20712.155804023147 667.49444895237684 643.63035432994366 104.26626052707434 1678.5740996226668 3258.6286748200655 90.133316420018673 8001.4721613898873 498.87476068735123 1051.3159985989332 192.28539496660233 366.40727028995752 268.34092184156179 307.44780875742435 108.30647906661034 559.68573842197657 197.74873325973749 139.01820586621761 156.45277938991785 84.934265911579132 301.81580412387848 149.39831549674273 345.8198394998908 360.06579414010048 180.46144197881222 220.06393533200026 80.883684083819389 627.71755925565958 281.25171461701393 465.03836681693792 238.73397439718246
leaf_count=308703 3267 4084 1040 22570 47295 499 32626 5547 4233 1551 2192 2120 1544 863 2444 1378 787 836 714 3304 1801 2431 1946 1534 1952 369 3090 2883 1938 2470
internal_value=-0.00113922 0.0675291 -0.0396559 0.000560594 -0.0434077 -0.0153326 0.0896398 -0.0330031 0.0615331 0.0476832 0.0158175 0.0427858 0.0725837 -0.0504728 0.0792491 -0.0340265 0.0629986 0.070705 -0.0491231 0.00304214 0.0192452 0.0134896 0.0294649 0.0299007 0.0393354 0.0143919 0.0857539 -0.00703912 0.0872989 -0.0136311
internal_weight=42338.4 15214 27124.5 3776.57 26247.7 5277.86 11437.4 4447.58 3435.91 1598.43 1104.02 2384.59 876.752 20969.9 830.28 2178.14 1410.37 1124.89 3343.56 499.565 257.705 974.227 705.886 270.595 457.4 300.948 766.736 473.537 772.486 737.609
internal_count=468011 89427 378584 38110 374062 62695 51317 58218 18691 10858 10209 14458 4522 311367 4477 27252 7961 6424 48009 4682 2664 6497 4377 2033 3157 2321 3877 4434 3482 8017
is_linear=0
shrinkage=0.05


Tree=11
num_leaves=31
num_cat=0
split_feature=55 50 3 6 48 44 41 35 36 28 13 52 28 31 50 41 19 53 56 40 30 25 43 52 58 4 58 35 21 48
split_gain=40958.8 8971.57 5312.97 2384.08 1441.04 1438.33 990.133 993.238 859.685 1046.05 713.368 632.763 731.791 607.847 437.687 1110.23 433.315 399.793 385.741 365.895 303.093 295.482 283.248 269.511 247.097 246.116 241.479 498.516 486.211 232.448
threshold=0.70926108956336986 0.72595521807670604 1.5000000000000002 3.5000000000000004 1.0000000180025095e-35 1.0000000180025095e-35 0.65108695626258861 0.46428571641445165 0.94444444775581371 4.5000000000000009 1.0000000180025095e-35 0.99425286054611217 3.5000000000000004 0.47841614484786993 0.85053193569183361 0.48913043737411505 1.0000000180025095e-35 0.61716517806053173 0.55891487002372753 0.83771929144859325 0.14854215830564502 2.5000000000000004 0.076949510723352446 0.63686314225196849 1.5000000000000002 3.5000000000000004 1.5000000000000002 0.46428571641445165 13.500000000000002 1.0000000180025095e-35
decision_type=2 2 2 2 2 2 2 2 2 2 2 2 2 2 2 2 2 2 2 2 2 2 2 2 2 2 2 2 2 2
left_child=2 3 6 10 8 13 14 22 9 -3 20 12 -10 18 -1 16 17 -16 -4 -5 24 -18 -8 -11 -2 -15 27 28 -12 -19
right_child=1 4 5 19 -6 -7 7 -9 11 23 26 -13 -14 25 15 -17 21 29 -20 -21 -22 -23 -24 -25 -26 -27 -28 -29 -30 -31
leaf_value=-0.052418639981184671 0.0034537563368734038 0.070552888124639543 -0.051689631665604079 -0.043595412359773787 0.096255062221435247 0.094283199677498722 -0.033595032454699386 0.085457991868287994 -0.050126881679063255 0.10315371107761576 0.080633733931415708 0.088611127750128083 0.098933825689541899 0.07739878388317542 -0.050843595421131427 0.083627096632514664 -0.028151860362914824 0.01160088939769045 0.026038043521194279 0.007417587467416293 -0.026707494607141509 0.032456144369515737 0.15939396219753077 -0.02521619900555877 0.09498747288911806 0.0090234635147313832 0.10088937236253653 0.11336382566329206 -0.031346303846657896 0.20342482567298337
leaf_weight=17907.557199753821 181.31980507075787 682.02685602754354 457.92699969559908 1929.5532396957278 8103.4681020975113 732.31991368532181 680.94098204374313 263.59469275176525 190.85191977769136 42.70411641895771 170.37314415723085 1879.559706710279 143.27059894055128 287.6467162296176 3520.943716712296 187.40944915264845 699.29472099989653 64.963195495307446 243.97916379570961 429.43130657821894 365.94901646673679 281.17323143780231 18.580535136163235 637.66603181511164 123.34783158451319 242.44723426550627 396.97498513758183 205.35561716556549 222.29586291313171 19.923172265291214
leaf_count=280101 1500 3944 6578 27130 32929 3205 9040 1293 1311 289 873 8178 669 1532 53794 1346 9089 623 1608 3779 3628 2775 178 4952 663 1827 1703 870 2185 121
internal_value=-0.00117186 0.0624011 -0.0401579 -0.00197882 0.0845837 0.0388407 -0.0467223 0.00292799 0.0581166 0.0268396 0.0438041 0.0773451 0.0138943 0.00583508 -0.0488306 -0.0353628 -0.0402422 -0.0482548 -0.0246733 -0.0343098 0.00393213 -0.0107557 -0.0282487 -0.0170194 0.0407016 0.0462021 0.0706463 0.0504357 0.0173215 0.0584671
internal_weight=41312.8 15704.1 25608.7 4024.6 11679.5 1964.32 23644.4 963.116 3576.08 1362.4 1665.62 2213.68 334.123 1232 22681.3 4773.71 4586.3 3605.83 701.906 2358.98 670.617 980.468 699.522 680.37 304.668 530.094 995 598.025 392.669 84.8864
internal_count=467713 94603 373110 42331 52272 14750 358360 10511 19343 9185 11422 10158 1980 11545 347849 67748 66402 54538 8186 30909 5791 11864 9218 5241 2163 3359 5631 3928 3058 744
is_linear=0
shrinkage=0.05


Tree=12
num_leaves=31
num_cat=0
split_feature=56 52 3 13 45 48 51 43 51 39 5 36 28 45 23 48 28 49 4 56 25 51 40 28 58 21 49 25 44 51
split_gain=37753.1 9722.36 3907.89 2850.68 1362.26 1103.82 1081.79 689.451 655.484 1426.08 617.086 614.523 572.042 542.878 510.776 469.165 432.772 372.982 333.25 326.732 318.928 317.894 288.904 269.893 249.727 462.722 331.179 412.453 174.963 252.932
threshold=0.79180648922920238 0.75181159377098095 1.5000000000000002 1.0000000180025095e-35 1.0000000180025095e-35 1.0000000180025095e-35 0.8874824345111848 0.083435263484716429 0.73375529050827037 0.19722222536802295 4.5000000000000009 0.94444444775581371 4.5000000000000009 1.0000000180025095e-35 6.5000000000000009 1.0000000180025095e-35 1.5000000000000002 0.77849927544593822 3.5000000000000004 0.56152367591857921 2.5000000000000004 0.96449580788612377 0.85092595219612133 4.5000000000000009 1.5000000000000002 25.500000000000004 0.46841755509376531 1.5000000000000002 1.0000000180025095e-35 0.99425286054611217
decision_type=2 2 2 2 2 2 2 2 2 2 2 2 2 2 2 2 2 2 2 2 2 2 2 2 2 2 2 2 2 2
left_child=2 3 8 7 -3 13 11 17 -1 14 24 12 -6 18 20 -11 -13 22 -4 -15 -10 -21 -2 28 25 26 27 -5 29 -8
right_child=1 4 5 10 6 -7 23 -9 9 15 -12 16 -14 19 -16 -17 -18 -19 -20 21 -22 -23 -24 -25 -26 -27 -28 -29 -30 -31
leaf_value=-0.051969759775952355 -0.042755801495746509 0.093230538875493887 0.077302390064309168 0.092033480619885796 0.045743473315726119 0.096515307043284704 0.031443016870964617 0.045773767010514048 -0.027519007526883146 0.012512387203002887 -0.0060769430005686922 -0.040986694897313748 -0.030511678836869602 -0.049119411580665205 -0.049962856244546043 0.11236460594850731 0.081508552252926872 0.13757873632800829 0.0011964821616715928 -0.01310184829397291 0.034614850106083166 0.099330985230774327 0.0090709878761859788 0.0038725657504135669 0.096813538583603545 -0.018277758559678874 0.10095243105225866 -0.020494450532271159 0.095583954156489903 0.093806443342417889
leaf_weight=17129.064595453441 2688.0109626874328 7985.1641795821488 316.74928121268749 152.27145599573851 425.42533940449357 455.27950045466423 317.58802092075348 282.47673779353499 685.68654717504978 339.12892957404256 376.37454061210155 82.67648608982563 580.07582684978843 441.74006610363722 3294.7422974929214 179.36014398559928 535.47443316504359 29.748854778707027 262.86160783469677 231.69042710959911 294.39968430995941 85.187765076756477 298.42149520665407 108.76444430649281 448.40068676695228 189.68087862059474 383.9342902302742 173.11016997694969 1287.3490155190229 335.38938957452774
leaf_count=280692 37818 32216 1685 735 2677 1906 1754 2172 8677 2919 3872 628 4555 6504 52175 857 2499 150 2080 1592 2795 387 2411 669 2010 1558 1697 1780 5268 1363
internal_value=-0.00105273 0.0565812 -0.0415897 -0.00157684 0.0816348 0.0293572 0.056405 -0.0288056 -0.0473951 -0.0310398 0.0505153 0.0258974 0.0017651 0.00645431 -0.0405387 0.0472039 0.0650853 -0.0358031 0.0428488 -0.0213722 -0.00883889 0.0173414 -0.0375757 0.0805542 0.0663163 0.0510142 0.0695435 0.0322868 0.0848484 0.0635693
internal_weight=40396.2 16680.3 23715.9 5022.43 11657.9 1793.51 3672.74 3298.66 21922.4 4793.32 1723.77 1623.65 1005.5 1338.23 4274.83 518.489 618.151 3016.18 579.611 758.618 980.086 316.878 2986.43 2049.09 1347.4 898.997 709.316 325.382 1940.33 652.977
internal_count=468101 105832 362269 54203 51629 14154 19413 42551 348115 67423 11652 10359 7232 12248 63647 3776 3127 40379 3765 8483 11472 1979 40229 9054 7780 5770 4212 2515 8385 3117
is_linear=0
shrinkage=0.05


Tree=13
num_leaves=31
num_cat=0
split_feature=56 50 3 13 44 44 35 51 28 51 56 51 45 45 5 23 25 44 25 4 50 22 55 30 43 58 52 56 51 47
split_gain=34792.9 9051.36 3659.59 2981.73 1009.77 968.821 754.81 1022.72 743.588 647.811 1325.91 628.914 646.068 601.79 530.522 506.729 358.805 332.386 315.188 261.79 226.015 247.654 212.284 201.945 190.874 186.059 345.167 169.277 198.37 164.224
threshold=0.79180648922920238 0.79772728681564342 1.5000000000000002 1.0000000180025095e-35 1.0000000180025095e-35 1.0000000180025095e-35 0.46428571641445165 0.21680375933647159 2.5000000000000004 0.73375529050827037 0.615800440311432 0.9569842815399171 1.0000000180025095e-35 1.0000000180025095e-35 4.5000000000000009 1.0000000180025095e-35 1.5000000000000002 1.0000000180025095e-35 2.5000000000000004 3.5000000000000004 0.59611794352531444 46.500000000000007 0.97506219148635875 0.20204082131385806 0.12788605690002444 1.5000000000000002 0.71503761410713207 0.54585504531860363 0.97014260292053234 1.0000000180025095e-35
decision_type=2 2 2 2 2 2 2 2 2 2 2 2 2 2 2 2 2 2 2 2 2 2 2 2 2 2 2 2 2 2
left_child=2 3 9 8 11 13 7 23 14 -1 15 12 -3 19 25 18 -9 -12 -11 -4 -18 -22 -14 -5 -10 26 -2 -15 -29 -17
right_child=1 4 5 6 -6 -7 -8 16 24 10 17 -13 22 27 -16 29 20 -19 -20 -21 21 -23 -24 -25 -26 -27 -28 28 -30 -31
leaf_value=-0.051746718708472611 -0.028167725968499015 0.07591122548804026 0.069336065124260923 0.097509214253792303 0.087106033415026762 0.080451347385208316 0.10065903895053865 0.077755394583002069 -0.042268526373654358 -0.028113450174188339 0.0028870230629812928 0.088899434975985347 0.00091221908964156807 -0.052394948036184212 -0.025841713917762965 -0.051102132510531043 -0.046765373831110214 0.080903816403467055 0.032936610197588534 0.0015217528072351992 0.097786814639205577 -0.025094927439375754 0.11520379914831591 0.037522092671339463 0.012483312103569693 0.10648125770860176 0.074209224920518999 -0.022169435593835642 0.091342663079361966 0.078596585556765908
leaf_weight=16369.912750829011 137.46037593483925 505.7127099186182 314.00847006589174 414.26296912133694 9005.0652426816523 582.85788119584322 562.24120003730059 95.537860997021198 2515.237442292273 668.8404094055295 268.37380957975984 667.94026294350624 910.25075926631689 388.95614616945386 428.24011136963964 3116.0483137890697 404.91426055878401 277.04595280811191 307.96147198230028 259.67796420305967 64.945146165788174 107.61766820773482 41.527252390980721 214.67425998300314 169.50236091390252 114.62038637697697 202.7231577038765 182.15728060528636 47.728668961673975 23.750571206212044
leaf_count=280714 1514 2086 1642 1953 37385 2588 2354 567 34423 8657 2376 2711 6371 6170 5901 52035 4857 1339 2847 2063 344 687 217 1434 1207 696 1070 1408 241 292
internal_value=-0.00118911 0.053967 -0.0412436 0.00105544 0.0797868 0.0276793 0.0522875 0.0313372 -0.0257208 -0.0470627 -0.0306079 0.0487503 0.0303024 0.00184069 0.0140684 -0.0403142 -0.0115036 0.0425912 -0.00885188 0.0386961 -0.0263795 0.0214494 0.00601458 0.077126 -0.0388084 0.0516218 0.0328797 -0.0323328 0.00169137 -0.0500963
internal_weight=39369.8 16562.5 22807.3 5431.98 11130.5 1775.39 1864.19 1301.95 3567.78 21031.9 4662.02 2125.43 1457.49 1192.53 883.044 4116.6 673.015 545.42 976.802 573.686 577.477 172.563 951.778 628.937 2684.74 454.804 340.184 618.842 229.886 3139.8
internal_count=468149 105777 362372 57007 48770 14112 12196 9842 44811 348260 67546 11385 8674 11524 9181 63831 6455 3715 11504 3705 5888 1031 6588 3387 35630 3280 2584 7819 1649 52327
is_linear=0
shrinkage=0.05


Tree=14
num_leaves=31
num_cat=0
split_feature=55 50 3 5 44 45 45 41 5 51 44 45 51 48 38 28 28 56 35 4 21 41 35 50 58 52 42 50 44 39
split_gain=32194.9 6562.17 4486.4 2289.53 1063.78 1032.61 933.481 912.162 768.95 715.578 640.547 633.387 464.926 761.009 486.068 354.8 345.238 316.64 284.959 251.241 242.494 211.752 197.787 198.727 190.008 180.886 178.762 177.217 170.219 168.666
threshold=0.70926108956336986 0.79772728681564342 1.5000000000000002 4.5000000000000009 1.0000000180025095e-35 1.0000000180025095e-35 1.0000000180025095e-35 0.65108695626258861 2.5000000000000004 0.98076212406158458 1.0000000180025095e-35 1.0000000180025095e-35 0.73375529050827037 1.0000000180025095e-35 8.5000000000000018 4.5000000000000009 3.5000000000000004 0.5085725486278535 0.46428571641445165 4.5000000000000009 13.500000000000002 0.48913043737411505 0.86607143282890331 0.97259759902954113 3.5000000000000004 0.90366768836975109 0.0059590837918221959 0.8521554470062257 1.0000000180025095e-35 0.67424243688583385
decision_type=2 2 2 2 2 2 2 2 2 2 2 2 2 2 2 2 2 2 2 2 2 2 2 2 2 2 2 2 2 2
left_child=2 3 7 6 11 -3 15 12 28 10 22 19 -1 14 26 -2 -8 -15 29 -4 -17 -16 25 -24 -22 -7 -14 -12 -9 -5
right_child=1 5 4 18 -6 9 16 8 -10 -11 27 -13 13 17 21 20 -18 -19 -20 -21 24 -23 23 -25 -26 -27 -28 -29 -30 -31
leaf_value=-0.051854365173260857 0.074702095541120936 0.085910137734691597 0.060676119722524437 -0.047127290549424938 0.080844876332891974 0.009964602024135653 0.030561303549541764 0.0032932040659352773 -0.030856983575332342 0.087690931391545615 0.012330395679994948 -0.034075315159556308 -0.0079758591610157841 -0.038282112142856997 -0.047694528013576938 0.072987239902837606 -0.032408861342135338 0.10771560208186684 0.043690991227118059 -0.0066945725709961906 -0.0095388153670429923 0.01968299117612007 -0.037613212637462701 0.014816131625880481 0.071140699385701445 0.097124973740377457 0.077776859770265105 0.0672042747137436 0.086283817252459719 -0.0098807430389479447
leaf_weight=15623.314811509103 1073.1112732291222 7564.1251422166824 427.61924155801535 1534.0191994048655 743.88610775768757 144.63310299068689 374.41694387048483 83.085432760417461 583.43043468892574 1001.6763604283333 169.52616366371512 559.00739825516939 636.70533496886492 51.177583072334528 3374.6193095259368 202.48226827010512 517.04915968328714 130.36354609206319 107.30973445251584 204.09573863446712 353.8444497063756 120.26911145821214 295.36491364985704 462.32552483305335 90.883301690220833 100.47032975405455 66.176417130976915 1138.7696557976305 240.94450805336237 379.7592803016305
leaf_count=281214 5167 30896 2237 23978 3212 1178 2888 693 8407 4090 968 7520 7255 834 56605 1087 5762 693 875 1696 3023 901 2439 2676 416 553 635 5161 1366 3695
internal_value=-0.0011079 0.0544863 -0.0388528 0.00465147 0.0339799 0.0757105 0.0355657 -0.0455926 0.00343333 0.0524025 0.0370764 0.00465838 -0.0478168 -0.0334042 -0.0377427 0.0570735 -0.0059567 0.0665737 -0.0352958 0.0389337 0.0277741 -0.0453709 0.00699739 -0.00564465 0.00707124 0.045942 0.000196798 0.0601087 0.0650796 -0.0397453
internal_weight=38354.5 15509.8 22844.7 4632.88 1934.61 10876.9 2611.79 20910.1 907.46 3312.77 2311.09 1190.72 20002.6 4379.31 4197.77 1720.32 891.466 181.541 2021.09 631.715 647.21 3494.89 1002.79 757.69 444.728 245.103 702.882 1308.3 324.03 1913.78
internal_count=468120 94852 373268 46891 14665 47961 18343 358603 10466 17065 12975 11453 348137 66923 65396 9693 8650 1527 28548 3933 4526 57506 6846 5115 3439 1731 7890 6129 2059 27673
is_linear=0
shrinkage=0.05


Tree=15
num_leaves=31
num_cat=0
split_feature=39 50 3 6 28 51 41 48 45 23 48 51 44 13 4 58 35 35 45 41 51 42 50 43 21 54 29 51 51 28
split_gain=29784.3 6599.22 3984.3 2284.15 942.137 863.864 1455.01 841.918 762.93 532.887 532.35 519.953 548.902 421.532 322.204 313.213 849.096 303.003 253.778 276.572 281.782 227.701 200.306 178.718 174.193 173.259 171.051 168.824 168.327 166.271
threshold=0.35857143998146063 0.79772728681564342 1.5000000000000002 4.5000000000000009 4.5000000000000009 0.71503761410713207 0.31909090280532842 1.0000000180025095e-35 1.0000000180025095e-35 1.0000000180025095e-35 1.0000000180025095e-35 0.98076212406158458 1.0000000180025095e-35 1.0000000180025095e-35 3.5000000000000004 1.5000000000000002 0.41428571939468389 0.46428571641445165 1.0000000180025095e-35 0.19523809850215915 0.97014260292053234 0.0072998038958758124 0.85912698507308971 0.19780754297971728 12.500000000000002 0.98312205076217662 46.500000000000007 0.91715687513351452 0.94312667846679699 5.5000000000000009
decision_type=2 2 2 2 2 2 2 2 2 2 2 2 2 2 2 2 2 2 2 2 2 2 2 2 2 2 2 2 2 2
left_child=2 3 5 4 15 -1 9 14 -3 21 28 12 25 -6 18 16 24 23 -4 -20 -21 27 -14 -5 -2 -10 -16 -7 -8 -19
right_child=1 8 7 17 13 6 10 -9 11 -11 -12 -13 22 -15 26 -17 -18 29 19 20 -22 -23 -24 -25 -26 -27 -28 -29 -30 -31
leaf_value=-0.05108651791954797 0.078245260843785788 0.082934666305203908 0.06169597028617882 -0.040139247882758383 -0.030508921091761221 -0.033180061923827366 -0.009650261755966413 0.084610645511658769 0.00062790935303191518 -0.050251996717461535 0.093002837099149457 0.084669095099431185 0.014225728613777243 0.030640826827649039 -0.031638194296676261 0.092489435774769757 0.073870552327644654 0.070692904308058122 -0.048333320093477135 0.00050384405144805256 0.088148190923945879 0.067463326330699777 0.067562696324613258 0.12073239318653424 -0.038975432026768564 0.10516615834668992 0.039644291494766226 0.010933594842153753 0.048764456998440203 -0.041088719682090546
leaf_weight=15142.796659696847 34.939853645861149 7536.0205565094948 350.72666220366955 2028.1156556680799 558.46451681852341 539.10915104672313 438.63385223224759 502.51046805083752 741.42851049825549 2951.6706288978457 252.38069115951657 910.90108928084373 209.95607914030552 566.90197435766459 480.78272575139999 510.34162526205182 728.03795520216227 101.7608935944736 158.19645765796304 280.69989249482751 135.21678743511438 90.131461970508099 1108.4428459778428 16.471613001078367 270.57416608929634 40.874936401844025 101.07818523794413 361.75596933811903 170.43331869319081 48.401356514543295
leaf_count=282639 213 31218 1745 30913 6050 7204 4349 2113 5086 53493 1246 3766 1172 4083 5665 2436 3370 757 2613 1913 623 955 4901 130 2840 210 731 4066 1288 497
internal_value=-0.00106671 0.0522119 -0.0384652 0.00402974 0.0350932 -0.0452251 -0.0267427 0.0286344 0.0744285 -0.0396038 0.0320975 0.0531228 0.0394099 0.000295044 0.00992167 0.0604414 0.0445428 -0.0337485 0.0282498 0.00774579 0.0291406 -0.00786958 0.059086 -0.0387848 -0.025358 0.00621726 -0.0192086 -0.0154731 0.00674888 0.0346292
internal_weight=37367.8 15411.6 21956.1 4864.01 2669.26 19946.9 4804.12 2009.21 10547.6 3942.67 861.448 3011.6 2100.7 1125.37 1506.7 1543.89 1033.55 2194.75 924.84 574.113 415.917 990.997 1318.4 2044.59 305.514 782.303 581.861 900.865 609.067 150.162
internal_count=468285 97642 370643 51289 18992 355240 72601 15403 46353 65718 6883 15135 11369 10133 13290 8859 6423 32297 6894 5149 2536 12225 6073 31043 3053 5296 6396 11270 5637 1254
is_linear=0
shrinkage=0.05


Tree=16
num_leaves=31
num_cat=0
split_feature=55 50 3 45 40 51 41 41 19 35 21 58 50 48 19 52 13 54 28 41 36 33 51 44 28 42 28 36 25 50
split_gain=27607.7 5595.23 3829.25 1478.96 1356.69 1003 873.737 868.44 715.717 650.11 516.95 491.33 446.577 811.733 423.893 356.453 355.702 348.701 330.906 329.951 301.761 300.478 241.071 245.698 232.136 229.14 207.819 164.134 163.559 162.559
threshold=0.70508208870887767 0.6569296419620515 1.5000000000000002 1.0000000180025095e-35 0.8086080551147462 0.8874824345111848 0.65108695626258861 0.21807064861059192 1.0000000180025095e-35 0.46428571641445165 18.500000000000004 1.5000000000000002 0.85912698507308971 1.0000000180025095e-35 1.0000000180025095e-35 0.89825496077537548 1.0000000180025095e-35 0.56273147463798534 8.5000000000000018 0.48913043737411505 0.94444444775581371 3.5000000000000004 0.99425286054611217 1.0000000180025095e-35 5.5000000000000009 0.0061358464881777772 4.5000000000000009 0.72077924013137828 1.5000000000000002 0.84292763471603405
decision_type=2 2 2 2 2 2 2 2 2 2 2 2 2 2 2 2 2 2 2 2 2 2 2 2 2 2 2 2 2 2
left_child=2 4 6 -3 16 10 12 8 -4 29 -5 21 -1 14 19 -9 -2 -15 -13 -14 26 -6 23 27 -22 -16 -12 -7 -23 -8
right_child=1 3 7 5 11 22 9 15 -10 -11 20 18 13 17 25 -17 -18 -19 -20 -21 24 28 -24 -25 -26 -27 -28 -29 -30 -31
leaf_value=-0.051309858903907081 -0.042967315812104515 0.078201544318198313 -0.048064501930828119 0.058069283537179661 0.056246180835934093 0.095974402905528167 -0.029214426376231752 -0.002564268863332486 0.043176896984687525 0.068611249274000613 0.012451997057665785 0.075737221239853075 -0.049681091571492544 -0.016708346067405847 -0.015125485849962001 0.074735506713094826 0.011382568439416469 0.13530598241086927 -0.018585013980046944 0.038457509644249842 -0.012664698133102482 0.059956766593386793 0.082568093495779718 0.069241663958342886 0.075486881603605616 0.069727495743870091 -0.031848535511974814 0.0045027761237000944 -0.033202046359284428 0.13840731352981225
leaf_weight=14422.714255604893 1647.9934657402337 8070.3412494212389 477.31964178755879 505.3765532374382 168.24259772896767 56.227035000920296 575.39434509724379 181.31580015271902 389.33664081990719 269.08306611329317 453.54983264580369 588.89156029373407 2750.8146125674248 60.273957669734955 796.83585419133306 837.64553835615516 367.82953672856092 98.94890758022666 109.97308749333024 109.74372686445713 119.91573790088296 52.62644324451685 1018.5213249325752 543.56380125880241 195.88532726466656 87.38293069601059 633.47285353392363 343.67382911592722 390.89800256490707 13.859799943864344
leaf_count=281787 26821 34125 7575 2798 943 293 8812 1270 1950 1286 3115 2828 51637 947 10369 3764 3893 552 878 877 770 307 4276 2274 881 936 5432 1990 4534 78
internal_value=-0.0011592 0.0500389 -0.038256 0.0660142 -0.00730816 0.0405869 -0.0449384 0.0297211 -0.0070727 0.00436198 0.0147647 0.0322781 -0.0472475 -0.0322303 -0.0369374 0.0609916 -0.0330493 0.0780157 0.0608894 -0.0462874 -0.000866263 -0.000452534 0.0656809 0.0473822 0.0420797 -0.00667059 -0.0133701 0.0175712 -0.0220383 -0.025044
internal_weight=36337.7 15267 21070.7 11940.5 3326.45 3870.19 19185.1 1885.62 866.656 858.337 1908.2 1310.63 18326.7 3904 3744.78 1018.96 2015.82 159.223 698.865 2860.56 1402.82 611.767 1961.99 943.465 315.801 884.219 1087.02 399.901 443.524 589.254
internal_count=467998 96158 371840 55954 40204 21829 357281 14559 9525 10176 12996 9490 347105 65318 63819 5034 30714 1499 3706 52514 10198 5784 8833 4557 1651 11305 8547 2283 4841 8890
is_linear=0
shrinkage=0.05


Tree=17
num_leaves=31
num_cat=0
split_feature=56 5 3 13 51 52 48 51 56 36 28 19 35 48 45 52 39 25 7 41 51 49 21 28 51 32 52 49 41 51
split_gain=25757.4 6218.92 2872.44 1476.04 1460.47 969.573 697.291 631.558 1010.75 580.276 596.402 535.688 380.518 347.754 346.586 321.903 277.636 265.783 460.295 239.657 225.301 363.351 413.901 214.197 209.475 201.34 190.081 227.593 175.185 165.842
threshold=0.78859698772430431 4.5000000000000009 1.5000000000000002 1.0000000180025095e-35 0.88047617673873912 0.7897985875606538 1.0000000180025095e-35 0.73375529050827037 0.58079877495765697 0.94444444775581371 4.5000000000000009 1.0000000180025095e-35 0.30952382087707525 1.0000000180025095e-35 1.0000000180025095e-35 0.99425286054611217 0.62828946113586437 2.5000000000000004 1.0000000180025095e-35 0.21807064861059192 0.16784037649631503 0.58380147814750682 13.500000000000002 4.5000000000000009 0.96449580788612377 1.5000000000000002 0.17817460745573047 0.47856706380844122 0.95993587374687206 0.17712418735027316
decision_type=2 2 2 2 2 2 2 2 2 2 2 2 2 2 2 2 2 2 2 2 2 2 2 2 2 2 2 2 2 2
left_child=2 3 7 4 9 16 14 -1 11 10 26 -9 20 -10 25 -11 -3 -13 -19 -16 -5 22 -22 -6 -21 -4 -2 -28 -12 -18
right_child=1 5 6 12 23 -7 -8 8 13 15 28 17 -14 -15 19 -17 29 18 -20 24 21 -23 -24 -25 -26 -27 27 -29 -30 -31
leaf_value=-0.05091430387521774 0.079506243459818104 -0.043420596341892284 -0.031502188056141009 0.076083378637424329 0.071332103829965174 0.042686888437231424 0.0776527294932262 -0.050447478785884174 0.0057356537072629239 -0.010027535710971461 -0.029306822166612002 -0.025105570225826174 0.079134902936631807 0.088001320243739869 -0.048473080927054539 0.071324204710344077 0.035949531397971586 0.076084591453869227 -0.050887191988512527 -0.01400834602415809 0.062914240558085879 0.070930436124816587 -0.03587149159874703 0.0088810361840561836 0.076662985454293356 0.044878552823718644 -0.040863503725410436 0.032611379720061638 0.055769196940955279 -0.021715923912267732
leaf_weight=13617.458600465208 162.62504474073648 1804.1775947585702 103.80545300617814 483.92786801233888 2322.9830641150475 501.05544895678759 425.38794738799334 2578.8683149181306 404.51555993780494 155.88206584006548 1025.9557497724891 620.31591849029064 6609.372364860028 187.34785726666451 360.86957480013371 548.273352522403 181.15678745135665 201.77588436752558 109.29680838435888 229.84645699709654 172.92608230561018 347.38764110580087 270.6472538150847 146.24719581753016 87.002758834511042 492.57054475694895 126.72048421949148 604.3481035977602 63.389883849769831 394.19586703553796
leaf_count=279650 1017 31076 978 2169 10194 2675 1828 51185 3840 966 10117 8663 28340 862 6379 2378 1454 1765 1036 1620 898 1511 2881 833 407 2746 1685 3680 448 4679
internal_value=-0.00112704 0.0460137 -0.0397771 0.0606997 0.0398864 -0.0204694 0.0223061 -0.0457324 -0.0285222 0.0143698 0.000516878 -0.0387129 0.0743051 0.0318805 0.00378088 0.0533263 -0.0337805 -0.00620242 0.0314524 -0.0206686 0.0492239 0.0327154 0.0026948 0.0676384 0.0110517 0.0315532 0.0307718 0.0198371 -0.0243096 -0.00352838
internal_weight=35340.3 15921.3 19419.1 13040.7 5156.42 2880.59 1699.48 17719.6 4102.12 2687.19 1983.04 3510.26 7884.26 591.863 1274.09 704.155 2379.53 931.389 311.073 677.719 1274.89 790.961 443.573 2469.23 316.849 596.376 893.694 731.069 1089.35 575.353
internal_count=467960 107001 360959 67117 31318 39884 13958 347001 67351 20291 16947 62649 35799 4702 12130 3344 37209 11464 2801 8406 7459 5290 3779 11027 2027 3724 6382 5365 10565 6133
is_linear=0
shrinkage=0.05


Tree=18
num_leaves=31
num_cat=0
split_feature=56 50 3 13 48 28 50 56 48 35 51 51 19 5 48 41 21 27 56 51 58 36 29 51 25 21 40 30 38 39
split_gain=23832.1 5821.05 2745.86 2136.95 803.311 658.169 639.422 1254.22 637.34 576.526 707.6 531.681 470 422.617 357.991 343.552 322.644 304.884 345.452 247.219 217.41 365.251 195.819 188.025 175.444 175.178 174.834 151.802 143.76 138.029
threshold=0.78859698772430431 0.80901724100112926 1.5000000000000002 1.0000000180025095e-35 1.0000000180025095e-35 4.5000000000000009 0.85053193569183361 0.59163263440132152 1.0000000180025095e-35 0.46428571641445165 0.2237871661782265 0.99425286054611217 1.0000000180025095e-35 5.5000000000000009 1.0000000180025095e-35 0.71825397014617931 14.500000000000002 4.5000000000000009 0.54585504531860363 0.96449580788612377 1.5000000000000002 0.47222222387790685 1.0000000180025095e-35 0.76239567995071422 2.5000000000000004 16.500000000000004 0.87749999761581432 0.14415584504604342 13.500000000000002 0.63818180561065685
decision_type=2 2 2 2 2 2 2 2 2 2 2 2 2 2 2 2 2 2 2 2 2 2 2 2 2 2 2 2 2 2
left_child=2 3 6 5 11 13 -1 12 17 10 27 15 -8 20 28 25 -12 -4 -19 -20 21 -2 26 -16 -14 -3 -17 -5 -9 -15
right_child=1 4 8 9 -6 -7 7 14 -10 -11 16 -13 24 29 23 22 -18 18 19 -21 -22 -23 -24 -25 -26 -27 -28 -29 -30 -31
leaf_value=-0.050667836468178087 -0.040754576503898021 0.060479784670376763 0.034174820311641971 0.082670595710005235 0.075269675816340281 -0.041366495944588834 -0.049818999023939117 0.03773727838708834 0.074957963297174759 0.083024356095373203 0.045023322352338364 0.076842970285254761 -0.02339190154266349 -0.040299601319892922 0.24328374222051449 -0.024669793667224812 -0.03360939801475938 -0.048882333435389787 -0.0070003138333939053 0.083626855419960747 0.07405570919716653 0.040743512361492297 0.0589753711330607 0.083643778843027816 0.023273864456880733 0.0019604598558463681 0.064359148851376932 0.033615844099354308 -0.030457490705933621 0.022174756018773632
leaf_weight=13063.202494259924 208.54888819530606 148.89539064466953 499.63722942024469 366.88730752468109 7187.6945601552725 1959.6048124879599 2506.131543815136 241.1644386947155 419.42301166802645 620.74041756615043 178.50595504790545 939.6016038954258 597.20539043843746 473.03756978735328 20.650297895073891 148.03475115448236 476.71543963626027 389.6617068387568 267.83361732214689 103.58055931329727 188.99962796643376 398.93789450824261 1027.5331743434072 146.10361987352371 302.70530078932643 871.46262773498893 86.555003799498081 279.89457253366709 112.62208475545049 107.99871732667089
leaf_count=278569 2796 778 2959 1716 31425 30779 52222 2092 1824 2675 1324 4085 9122 8363 186 899 5143 6818 1863 475 1225 2187 4850 639 2735 5489 387 1770 1401 1024
internal_value=-0.00115966 0.0443057 -0.039319 0.00143271 0.0659664 -0.0227566 -0.0453489 -0.027645 0.0216464 0.0434059 0.0244682 0.0451962 -0.0386927 0.0037278 0.0445784 0.0321406 -0.012151 0.00386503 -0.0160517 0.0184306 0.0273677 0.0127444 0.0495727 0.104746 -0.00768641 0.0105507 0.00831237 0.0615268 0.0160039 -0.0286692
internal_weight=34339.6 15669.6 18669.9 5259.87 10409.8 3337.13 16989.8 3926.58 1680.14 1922.74 1302 3222.08 3406.04 1377.52 520.54 2282.48 655.221 1260.71 761.076 371.414 796.486 607.487 1262.12 166.754 899.911 1020.36 234.59 646.782 353.787 581.036
internal_count=467820 106915 360905 59002 47913 46374 346966 68397 13939 12628 9953 16488 64079 15595 4318 12403 6467 12115 9156 2338 6208 4983 6136 825 11857 6267 1286 3486 3493 9387
is_linear=0
shrinkage=0.05


Tree=19
num_leaves=31
num_cat=0
split_feature=39 50 3 6 51 41 28 48 45 19 44 25 51 48 45 35 31 41 51 7 25 47 55 43 28 36 52 55 50 58
split_gain=22085 4725.94 3159.56 1954.88 840.595 1071.1 786.556 612.713 595.059 506.729 420.507 409.332 327.936 308.385 257.767 255.553 247.667 445.106 293.003 232.573 420.717 175.178 159.018 157.368 155.924 220.946 205.12 154.211 135.402 196.978
threshold=0.35857143998146063 0.83225107192993175 1.5000000000000002 4.5000000000000009 0.75147059559822094 0.31909090280532842 5.5000000000000009 1.0000000180025095e-35 1.0000000180025095e-35 1.0000000180025095e-35 1.0000000180025095e-35 1.5000000000000002 0.96449580788612377 1.0000000180025095e-35 1.0000000180025095e-35 0.46428571641445165 0.62199923396110546 0.21807064861059192 0.97014260292053234 1.0000000180025095e-35 2.5000000000000004 1.0000000180025095e-35 0.97506219148635875 0.19780754297971728 5.5000000000000009 0.94444444775581371 0.68614074587821972 0.62869620323181163 0.58102023601531994 2.5000000000000004
decision_type=2 2 2 2 2 2 2 2 2 2 2 2 2 2 2 2 2 2 2 2 2 2 2 2 2 2 2 2 2 2
left_child=2 3 4 6 -1 9 14 16 -3 27 12 -8 22 -7 -2 23 17 -4 -19 20 -11 -13 -10 -5 -12 26 -26 -6 29 -23
right_child=1 8 7 15 5 13 11 -9 10 19 24 21 -14 -15 -16 -17 -18 18 -20 -21 -22 28 -24 -25 25 -27 -28 -29 -30 -31
leaf_value=-0.049799625997879862 0.061995969776112415 0.074019368263484417 -0.046577531089213461 -0.038831096211562138 -0.050885480883170457 0.0082599342953400684 0.064446006555046842 0.073041006649145257 -0.0022009143540686333 -0.01670589561700039 0.068880557490338376 -0.037504615912665254 0.071947425511511953 0.076551190616680476 0.021638435693845794 0.022867583522657799 0.037344330085782813 -0.0026707393375583035 0.073714625833886299 -0.048636295967007935 0.069072672925002729 -0.042842505926278085 0.093601593209530431 0.10869186321816049 0.14068035774678525 0.068373283210698729 -0.019804871679789546 0.04684009871167015 0.046619896265658323 0.061621309090214654
leaf_weight=13050.630716331303 1392.8264111690223 6705.7394265383482 407.44156840443611 1832.5715145245194 2194.4431978948414 546.7981289960444 182.63104170560837 474.31590344011784 697.17353355139494 446.53907489404082 1388.2068177424371 486.63525996357203 230.19971641898155 236.12720916420221 554.54600589722395 193.76224174723029 473.66777918487787 395.24637982621789 182.93618196249008 219.52950631827116 209.06476002931595 170.85184654965997 45.181129038333893 17.322912406176329 21.271965906023979 227.89226473122835 186.79630397260189 40.386149574071169 140.32392333447933 60.234802350401878
leaf_count=290534 7136 29944 7260 31093 47729 4892 1033 2091 4558 6472 6053 5465 1027 1134 4218 1511 2548 2658 847 2584 1684 2060 212 127 102 949 1030 300 714 280
internal_value=-0.00113771 0.0451887 -0.0368066 0.00600542 -0.0437168 -0.0233168 0.0317753 0.0237361 0.0659341 -0.0364743 0.0465284 -0.00331674 0.0199478 0.0289277 0.0505205 -0.03167 0.00767139 -0.00661213 0.021583 -0.00421459 0.0107115 -0.017798 0.00374788 -0.0373917 0.0606812 0.0344747 -0.00280317 -0.0490993 0.00805378 -0.0154649
internal_weight=33411.3 14534.2 18877.1 5031.71 16943.5 3892.89 2988.05 1933.61 9502.46 3109.96 2796.72 1040.68 972.554 782.925 1947.37 2043.66 1459.29 985.624 578.183 875.133 655.604 858.046 742.355 1849.89 1824.17 435.961 208.068 2234.83 371.411 231.087
internal_count=468245 97512 370733 53637 355329 64795 20906 15404 43875 58769 13931 9552 5797 6026 11354 32731 13313 10765 3505 10740 8156 8519 4770 31220 8134 2081 1132 48029 3054 2340
is_linear=0
shrinkage=0.05


Tree=20
num_leaves=31
num_cat=0
split_feature=56 50 3 13 45 50 56 28 35 49 51 48 44 19 5 45 48 56 7 32 51 32 58 34 47 31 51 30 42 35
split_gain=20622.2 5097.9 2381.92 1865.6 778.326 627.598 1023.38 588.47 520.68 620.803 501.957 499.491 463.294 456.418 352.067 276.681 267.593 219.451 191.12 251.986 190.261 183.856 176.459 339.668 173.241 163.303 152.87 137.358 136.336 134.816
threshold=0.78200307488441478 0.80901724100112926 1.5000000000000002 1.0000000180025095e-35 1.0000000180025095e-35 0.84292763471603405 0.615800440311432 4.5000000000000009 0.38750000298023229 0.20761494338512423 0.99425286054611217 1.0000000180025095e-35 1.0000000180025095e-35 1.0000000180025095e-35 5.5000000000000009 1.0000000180025095e-35 1.0000000180025095e-35 0.54585504531860363 1.0000000180025095e-35 2.5000000000000004 0.96449580788612377 1.5000000000000002 1.5000000000000002 0.27922078967094427 1.0000000180025095e-35 0.17512886226177218 0.7577352523803712 0.15047170221805575 0.023814042098820213 0.94444444775581371
decision_type=2 2 2 2 2 2 2 2 2 2 2 2 2 2 2 2 2 2 2 2 2 2 2 2 2 2 2 2 2 2
left_child=2 3 5 7 -3 -1 13 14 9 27 12 15 29 24 22 21 -8 -17 19 28 -19 -4 23 -2 -7 -14 -18 -5 -15 -6
right_child=1 4 11 8 10 6 16 -9 -10 -11 -12 -13 25 18 -16 17 26 20 -20 -21 -22 -23 -24 -25 -26 -27 -28 -29 -30 -31
leaf_value=-0.050391022894265815 -0.040561540583430797 0.071469597788959338 -0.033233220148015594 0.078701582456232197 0.035774096445905693 -0.049507253042206954 0.015676495900128758 -0.040122037435077224 0.078670053911824883 -0.010509246191878489 0.072837893050127167 0.069218331281989107 0.035253905435384141 -0.015670281220034433 -0.027251706785949736 -0.048307720635723334 0.22201868497269533 -0.013733461025868721 -0.047676306235566297 0.058359192901461035 0.07469053731740298 0.040585223052283466 0.065155335006001971 0.037586291338966932 0.081851070061470882 0.070768339062092844 0.075949974800943953 0.030255458623579281 0.13031051577067884 -0.0069322894064552734
leaf_weight=11764.128593150526 210.94044718891382 6797.6587458215654 100.86982690915465 359.77900692820549 244.36773173511028 2361.7766370996833 304.19538752734661 1897.7167178280652 601.53534580394626 679.82240863516927 943.60558082163334 381.75726908445358 890.34327971562743 507.3650452233851 571.72610939666629 320.80339113995433 20.223034765571356 215.58688014373183 214.27102167904377 172.95795027166605 83.626178171485662 494.39418571442366 195.84581506997347 403.4430425837636 24.506606295704842 511.81943906843662 134.26296600699425 249.3377391025424 15.519792929291723 747.71297433972359
leaf_count=274776 2950 31084 964 1710 1666 53693 2772 31989 2669 6766 4293 1709 4102 8123 9857 6321 167 1582 2685 1353 399 2708 1245 2170 335 2254 594 1551 173 4905
internal_value=-0.00101856 0.0411494 -0.0387261 0.000745833 0.0617572 -0.0447094 -0.026901 -0.0220558 0.0402937 0.0223367 0.0419622 0.019408 0.0297683 -0.0366385 0.00276413 0.003717 0.043007 -0.0196441 -0.00650281 0.00622597 0.0111464 0.0280416 0.0239518 0.010733 -0.0481245 0.0482586 0.0963761 0.0589526 -0.0110969 0.00361251
internal_weight=32421.9 15305.7 17116.2 5170.15 10135.5 15519.2 3755.08 3279.67 1890.47 1288.94 3337.85 1597.04 2394.24 3296.4 1381.96 1215.28 458.681 620.016 910.114 695.843 299.213 595.264 810.229 614.383 2386.28 1402.16 154.486 609.117 522.885 992.081
internal_count=467565 109211 358354 60907 48304 344671 69895 48211 12696 10027 17220 13683 12927 66362 16222 11974 3533 8302 12334 9649 1981 3672 6365 5120 54028 6356 761 3261 8296 6571
is_linear=0
shrinkage=0.05


Tree=21
num_leaves=31
num_cat=0
split_feature=56 50 3 6 13 45 50 56 48 19 51 44 28 48 35 51 45 21 34 56 7 25 51 32 35 39 58 50 45 51
split_gain=19179.1 4617.94 2356.88 1883.28 681.695 681.635 645.71 1012.95 504.38 479.98 435.771 427.188 398.172 324.242 265.504 375.533 253.601 224.881 220.173 194.903 179.794 264.82 168.122 168.045 157.985 154.055 186.329 152.882 147.488 144.939
threshold=0.78859698772430431 0.83225107192993175 1.5000000000000002 4.5000000000000009 1.0000000180025095e-35 1.0000000180025095e-35 0.85053193569183361 0.58079877495765697 1.0000000180025095e-35 1.0000000180025095e-35 0.98076212406158458 1.0000000180025095e-35 4.5000000000000009 1.0000000180025095e-35 0.46428571641445165 0.24048192799091342 1.0000000180025095e-35 15.500000000000002 0.31666667759418493 0.54585504531860363 1.0000000180025095e-35 2.5000000000000004 0.96449580788612377 1.5000000000000002 0.86607143282890331 0.67424243688583385 1.5000000000000002 0.97259759902954113 1.0000000180025095e-35 0.86240702867507946
decision_type=2 2 2 2 2 2 2 2 2 2 2 2 2 2 2 2 2 2 2 2 2 2 2 2 2 2 2 2 2 2
left_child=2 3 6 4 12 -3 -1 9 16 -8 11 24 29 28 15 -6 23 -17 25 -18 21 -11 -21 -4 -7 -5 -27 -26 -9 -2
right_child=1 5 8 18 14 10 7 13 -10 20 -12 -13 -14 -15 -16 17 19 -19 -20 22 -22 -23 -24 -25 27 26 -28 -29 -30 -31
leaf_value=-0.050036179528204175 0.015554143782942087 0.070163200195781691 -0.032449223448686386 -0.043890201674185517 0.060339900117360803 0.041593818220671375 -0.049465556458715337 0.088601949951487569 0.067701325014744726 -0.014535490451676484 0.071004446369846638 0.04838922544884125 -0.027606165052282451 0.093904308839797487 0.07368514289560088 0.049682108841625057 -0.04745139299308701 -0.026240455481522151 0.017436684765978511 -0.013965697817849905 -0.046588944275789697 0.052815053898249503 0.068343205039909899 0.037863081833941062 -0.037219454814691827 -0.03686548899737669 0.035297153861148824 0.010436756010720321 -0.0020049098668926566 0.070602868827043225
leaf_weight=11410.420374829322 621.704051412642 6424.1385523825884 101.28428606316447 1652.3348841145635 556.27938856557012 217.22475875914097 2173.84454299137 51.320784378796816 401.47947310656309 457.39588416740298 909.91771019995213 1316.7701465114951 621.10901244357228 171.66412892565131 676.53149294108152 143.95110325887799 308.06614531576633 297.14684594795108 201.05919737741351 225.07863521948457 203.89530614763498 213.15237119048834 84.524636194109917 506.06271602213383 263.68558424711227 224.37755655124784 147.3582466840744 461.24768885225058 316.94334831833839 147.33596257120371
leaf_count=278456 4726 30141 994 32775 2665 1380 51834 387 1826 7538 4248 5887 7638 858 3065 864 6353 2829 1556 1644 2650 1669 403 2743 2148 2850 980 2577 3437 658
internal_value=-0.00111075 0.0401193 -0.0380184 0.00260836 0.0280297 0.0607988 -0.0442177 -0.0257065 0.0191401 -0.0368867 0.0417985 0.0300079 0.00214537 0.0373657 0.049512 0.0330578 0.00318264 -0.001407 -0.0323943 -0.0193608 -0.00559533 0.00692052 0.0086531 0.0261034 0.00429378 -0.0373504 -0.00824184 -0.006925 0.0108277 0.0261786
internal_weight=31507.3 14882.2 16625.1 5289.19 3064.06 9592.98 14998.6 3588.22 1626.5 3048.29 3168.85 2258.93 1390.15 539.928 1673.91 997.377 1225.02 441.098 2225.13 617.669 874.444 670.548 309.603 607.347 942.158 2024.07 371.736 724.933 368.264 769.04
internal_count=467779 106987 360792 60606 22445 46381 346829 68373 13963 63691 16240 11992 13022 4682 9423 6358 12137 3693 38161 8400 11857 9207 2047 3737 6105 36605 3830 4725 3824 5384
is_linear=0
shrinkage=0.05


Tree=22
num_leaves=31
num_cat=0
split_feature=56 50 3 6 45 28 51 56 19 4 51 44 13 45 45 30 45 41 7 25 41 59 56 34 44 31 55 52 52 51
split_gain=17845.7 4407.85 2118.7 1725.57 702.089 657.931 625.849 700.115 526.125 452.808 428.014 364.939 330.362 269.386 224.85 222.5 212.213 243.211 196.688 299.99 179.96 189.437 171.598 160.416 139.707 129.579 128.915 124.443 124.233 120.774
threshold=0.78200307488441478 0.83225107192993175 1.5000000000000002 4.5000000000000009 1.0000000180025095e-35 4.5000000000000009 0.73375529050827037 0.58079877495765697 1.0000000180025095e-35 3.5000000000000004 0.99425286054611217 1.0000000180025095e-35 1.0000000180025095e-35 1.0000000180025095e-35 1.0000000180025095e-35 0.13680927455425265 1.0000000180025095e-35 0.21807064861059192 1.0000000180025095e-35 2.5000000000000004 0.76696833968162548 1.0000000180025095e-35 0.99822065234184276 0.31666667759418493 1.0000000180025095e-35 0.17512886226177218 0.97506219148635875 0.73765182495117199 0.9634092152118684 0.92390406131744396
decision_type=2 2 2 2 2 2 2 2 2 2 2 2 2 2 2 2 2 2 2 2 2 2 2 2 2 2 2 2 2 2
left_child=2 3 6 5 -3 14 -1 8 -8 16 11 26 -7 -9 -2 20 -4 -18 19 -10 27 -22 29 -23 -15 -13 -6 -5 -19 -16
right_child=1 4 9 15 10 12 7 13 18 -11 -12 25 -14 24 22 -17 17 28 -20 -21 21 23 -24 -25 -26 -27 -28 -29 -30 -31
leaf_value=-0.049968335064570261 0.05702058128208664 0.068604160730727046 0.057088321331584028 -0.038712501206696739 0.00035379234836632306 -0.027493031559861648 -0.049113943538049681 0.080983316810590081 -0.014516301211502734 -0.020567122338772215 0.069314988480766088 0.033159804765433946 0.02451385607858126 -0.020571127605136387 0.00052987634646624944 -0.042037606907888846 -0.042402078682250606 -0.011695187293045708 -0.04709925301214421 0.054547737431389715 0.075372115693267239 -0.045382010613171736 0.096463487909561163 0.059583604384386063 0.040632478468304999 0.065367110579942309 0.084243915430659289 0.039841556127901953 0.055454726470773909 0.070285870104929468
leaf_weight=10770.296745251864 1260.2766210958362 6284.4698811918497 566.02900145947933 369.85350560024381 902.57735132426023 626.50802166759968 2057.0587948970497 158.84221564233303 451.73794865980744 522.32995358109474 883.6239647269249 850.7823388427496 593.8033494129777 233.10937856510282 454.04868928715587 1539.2558007352054 143.64481537789106 97.783898409456015 196.32729046419263 239.9370922036469 106.94012985005975 107.33004068210721 63.583323657512665 53.839700050652027 153.96588385105133 496.97385164350271 47.243792362511158 57.519525229930878 229.578294724226 70.876408264040947
leaf_count=277403 6534 30305 2728 7375 5974 7919 51031 902 7066 6305 4239 3842 4043 2746 3761 29277 2868 689 2609 1779 841 1618 342 291 862 2187 216 402 1133 313
internal_value=-0.00105603 0.0384679 -0.0379541 0.00197625 0.0589127 0.0263088 -0.0440043 -0.0255951 -0.0352345 0.0173712 0.0397516 0.0283567 -0.00218714 0.0263757 0.0451088 -0.0314379 0.0364813 0.0116484 -0.00306352 0.00948568 -0.00795162 0.0241054 0.0195467 -0.0101664 0.00381564 0.0450756 0.00461067 -0.0280717 0.0354223 0.0100642
internal_weight=30590.1 14769.5 15820.6 5303.84 9465.67 3069.1 14261.3 3490.98 2945.06 1559.37 3181.2 2297.58 1220.31 545.917 1848.79 2234.74 1037.04 471.007 888.002 691.675 695.483 268.11 588.508 161.17 387.075 1347.76 949.821 427.373 327.362 524.925
internal_count=467600 109479 358121 62716 46763 22912 344398 66995 62485 13723 16458 12219 11962 4510 10950 39804 7418 4690 11454 8845 10527 2750 4416 1909 3608 6029 6190 7777 1822 4074
is_linear=0
shrinkage=0.05


Tree=23
num_leaves=31
num_cat=0
split_feature=56 50 3 6 45 50 56 28 48 19 51 44 25 48 13 35 27 56 43 51 58 56 51 58 7 25 35 50 38 35
split_gain=16695.4 4058.72 2046.68 1610.68 699.384 610.735 887.6 606.272 431.024 427.152 417.245 335.254 332.225 312.388 253.287 223.5 216.866 264.509 172.705 171.537 168.872 148.703 146.802 146.374 137.397 237.729 137.048 139.644 136.469 126.736
threshold=0.78200307488441478 0.83225107192993175 1.5000000000000002 4.5000000000000009 1.0000000180025095e-35 0.81872946023941051 0.59163263440132152 5.5000000000000009 1.0000000180025095e-35 1.0000000180025095e-35 0.99425286054611217 1.0000000180025095e-35 1.5000000000000002 1.0000000180025095e-35 1.0000000180025095e-35 0.46428571641445165 4.5000000000000009 0.5397799313068391 0.12788605690002444 0.96449580788612377 3.5000000000000004 0.98687082529068004 0.86240702867507946 1.5000000000000002 1.0000000180025095e-35 2.5000000000000004 0.86607143282890331 0.97259759902954113 13.500000000000002 0.94444444775581371
decision_type=2 2 2 2 2 2 2 2 2 2 2 2 2 2 2 2 2 2 2 2 2 2 2 2 2 2 2 2 2 2
left_child=2 3 5 7 -3 -1 9 14 16 -7 11 26 -9 28 21 18 -4 -18 -5 -19 -14 22 23 -2 25 -11 -6 -28 -8 -13
right_child=1 4 8 15 10 6 13 12 -10 24 -12 29 20 -15 -16 -17 17 19 -20 -21 -22 -23 -24 -25 -26 -27 27 -29 -30 -31
leaf_value=-0.050158825825990849 -0.01217908845109061 0.06716856884855528 0.026885102291803877 -0.038544890482639871 0.038246674433687247 -0.048450533656513951 0.02970390615048385 0.05503212191722251 0.064164622977388702 -0.018007631223823699 0.067936263373485267 0.064857559800076847 -0.026551610152051871 0.091080292342177002 0.05719377360209707 0.015703311529677286 -0.048594027684665642 -0.0076322921258957267 0.067628232488626816 0.070923408855396927 0.039583404773539541 0.068221189338051089 0.061676381143753269 0.045623106044050662 -0.046323228573023262 0.041765920443509026 -0.035330549625284251 0.010212667072012575 -0.033756673167262267 0.032228397781157443
leaf_weight=9982.9491042047739 454.15939219668508 6102.6156019382179 506.52634945884347 1894.6297890432179 226.92380962148309 2220.4485829509795 246.22748313099146 187.66994842886925 367.27689079940319 521.04147418215871 856.71963168680668 447.82615745440125 758.7688523940742 161.19614365696907 1137.1853627897799 229.65598971396685 326.70932220667601 251.50956607982516 38.213806878775358 94.940965250134468 109.67017350718379 139.6685258820653 122.21790357679129 143.23419371247292 190.47799667716026 243.13312143832445 261.80195976421237 467.25809192657471 127.91500186175108 897.78569889068604
leaf_count=268078 4118 30277 2951 37513 1427 57909 2290 1106 1729 9281 4228 1993 8674 851 5935 1890 6770 1817 351 463 841 733 571 952 2697 1869 2187 2600 1730 4032
internal_value=-0.00103761 0.0374152 -0.037562 0.00213341 0.0572809 -0.0437203 -0.0263886 0.0255179 0.0169434 -0.0364297 0.0381605 0.0270524 -0.00511724 0.0331223 0.041718 -0.0308726 0.00219992 -0.016387 -0.0364119 0.0140372 -0.0181639 0.0211945 0.0119851 0.00173295 -0.00844885 0.00103991 0.004404 -0.00616768 0.00797532 0.0431276
internal_weight=29716.4 14476 15240.4 5215.07 9260.93 13693.4 3710.44 3052.57 1546.96 3175.1 3158.32 2301.6 1056.11 535.339 1996.47 2162.5 1179.69 673.16 1932.84 346.451 868.439 859.28 719.611 597.394 954.653 764.175 955.984 729.06 374.142 1345.61
internal_count=467863 109428 358435 62684 46744 344705 76627 22930 13730 71756 16467 12239 10621 4871 12309 39754 12001 9050 37864 2280 9515 6374 5641 5070 13847 11150 6214 4787 4020 6025
is_linear=0
shrinkage=0.05


Tree=24
num_leaves=31
num_cat=0
split_feature=56 5 3 45 51 34 51 54 34 19 36 4 28 28 39 51 49 21 22 49 51 58 44 41 21 34 28 7 25 31
split_gain=15576.5 4110.24 1625.71 1234.36 877.172 656.087 509.962 528.398 438.243 425.887 368.397 350.389 334.661 283.153 269.419 204.668 314.218 312.935 187.858 183.618 182.844 174.715 174.611 173.815 165.905 165.621 287.02 158.733 213.092 145.833
threshold=0.75930878520011913 4.5000000000000009 1.5000000000000002 1.0000000180025095e-35 0.8874824345111848 0.31666667759418493 0.71503761410713207 0.63425377011299144 0.23611111193895343 1.0000000180025095e-35 0.94444444775581371 2.5000000000000004 4.5000000000000009 1.5000000000000002 0.61324787139892589 0.16784037649631503 0.58380147814750682 14.500000000000002 48.500000000000007 0.77459675073623668 0.99425286054611217 1.5000000000000002 1.0000000180025095e-35 0.3717105239629746 27.500000000000004 0.72077924013137828 2.5000000000000004 1.0000000180025095e-35 2.5000000000000004 0.62199923396110546
decision_type=2 2 2 2 2 2 2 2 2 2 2 2 2 2 2 2 2 2 2 2 2 2 2 2 2 2 2 2 2 2
left_child=2 3 6 8 10 14 -1 9 15 23 12 -4 22 -12 19 -2 17 -17 -9 -3 25 -16 -5 -8 -18 -6 -27 28 -11 -13
right_child=1 5 11 4 20 -7 7 18 -10 27 13 29 -14 -15 21 16 24 -19 -20 -21 -22 -23 -24 -25 -26 26 -28 -29 -30 -31
leaf_value=-0.050115758560887673 0.057943251704813882 -0.044477354433414558 0.039062611576286266 -0.014828109444034629 0.06874343511051495 0.030029401550947618 -0.049935667158753728 0.060314508930665693 0.064813940512376531 -0.014331214121996661 -0.045145507190590461 -0.030612995813608091 -0.028571553092617771 0.050590216430041662 -0.021364190691423618 0.042917107304920279 0.071907546275335896 -0.034292197936749168 -0.022078459872681526 0.073225457129931823 0.067218725021947395 0.038805946649817714 0.034407664970386408 0.0061878004407346114 -0.016575086269073249 -0.058250138833929613 0.035530167856438033 -0.046365008109624635 0.042764742450861946 0.014854374951952154
leaf_weight=9407.0164544992149 573.89513909071684 1640.8080788850784 664.05259037390351 283.30970381200314 264.76244915276766 523.06594967842102 1971.9715371616185 215.52257379516959 6394.2734948582947 464.90705621242523 89.118599824607372 413.3367611207068 886.3588885627687 546.66356356441975 367.45456397160888 214.87048289179802 294.66572889313102 333.75600507482886 101.03211800381541 32.950458124279976 903.81707865744829 178.38146917894483 490.98389157652855 148.10366742685437 64.136445198208094 94.621132262051105 557.48723478615284 182.94757260754704 250.72443557158113 306.23645521700382
leaf_count=266328 2866 37825 4681 2676 1187 3048 53522 1754 32499 7760 667 6523 10233 2533 5193 1272 1440 3959 1271 192 4554 1431 3176 1597 336 566 2668 2652 1806 1784
internal_value=-0.00105448 0.0349088 -0.0385694 0.0475366 0.0253417 -0.0203052 -0.0441586 -0.0273463 0.0591347 -0.0337919 0.00478664 0.0128976 -0.00760748 0.037121 -0.0321751 0.0345925 0.019777 -0.00402998 0.0340311 -0.0421179 0.051251 -0.00166534 0.0163967 -0.0460139 0.056089 0.0354545 0.0218543 -0.00493655 0.00570435 -0.0112692
internal_weight=28861.2 14735.4 14125.9 11992.7 4117.12 2742.66 12742.2 3335.21 7875.6 3018.65 2296.43 1383.63 1660.65 635.782 2219.59 1481.32 907.429 548.626 316.555 1673.76 1820.69 545.836 774.294 2120.08 358.802 916.871 652.108 898.579 715.631 719.573
internal_count=467999 118321 349678 70632 28260 47689 336690 70362 42372 67337 19285 12988 16085 3200 44641 9873 7007 5231 3025 38017 8975 6624 5852 55119 1776 4421 3234 12218 9566 8307
is_linear=0
shrinkage=0.05


Tree=25
num_leaves=31
num_cat=0
split_feature=39 50 52 56 13 23 45 35 49 28 49 44 21 42 48 52 58 56 45 41 50 21 49 30 21 55 43 49 41 35
split_gain=14482 3615.41 1894.08 1406.02 1328.11 1032.57 637.51 562.319 532.882 518.527 311.969 298.35 278.138 272.171 264.881 186.615 331.658 177.929 171.949 162.306 143.412 213.488 138.33 130.123 126.25 122.021 117.127 114.991 105.997 146.727
threshold=0.32795698940753942 0.83225107192993175 0.88548010587692272 0.57076102495193493 1.0000000180025095e-35 1.0000000180025095e-35 1.0000000180025095e-35 0.46428571641445165 0.20126582682132724 2.5000000000000004 0.96449580788612377 1.0000000180025095e-35 12.500000000000002 0.0025673983618617062 1.0000000180025095e-35 0.77871939539909374 1.5000000000000002 0.99822065234184276 1.0000000180025095e-35 0.71825397014617931 0.56562754511833202 25.500000000000004 0.96178188920021068 0.17902930825948718 27.500000000000004 0.97506219148635875 0.0019849917152896528 0.9495762586593629 0.58957219123840343 0.46428571641445165
decision_type=2 2 2 2 2 2 2 2 2 2 2 2 2 2 2 2 2 2 2 2 2 2 2 2 2 2 2 2 2 2
left_child=2 4 28 5 9 13 -3 8 23 15 11 25 -10 27 18 16 -2 -11 -5 -18 -14 -22 -20 -6 -13 -8 -7 -4 -1 -30
right_child=1 6 3 14 7 26 10 -9 12 17 -12 24 20 -15 -16 -17 19 -19 22 -21 21 -23 -24 -25 -26 -27 -28 -29 29 -31
leaf_value=-0.049444363706774297 -0.031086781908043044 0.06486569459578391 -0.020955426753654874 0.070105812097022907 0.067599012014653848 -0.048017936837928848 -0.00087289028359580339 0.070018245668056256 0.042741455520925647 -0.036980293945945923 0.064899673861524343 0.053018632668053602 -0.047676262796605383 0.043837323654549371 0.070535512822789428 0.047370629451145452 -0.015133797734058339 0.020231753293493578 -0.0039135054464735355 0.073603305972502794 0.057117202271398763 -0.044910961069158178 0.048301884130401485 0.018812224464466773 0.020925713050976309 0.080331112322321638 0.07492654841488855 0.020195760551977929 -0.0350495680381833 0.056137781766659303
leaf_weight=9496.8170718513429 382.72813579812646 5779.1384360976517 481.53902426362038 142.60613621398807 375.47011131048203 2103.279415871948 809.73795235157013 681.9688991047442 169.82208458706737 1942.2769952751696 711.37600241601467 858.27833203598857 384.13080551847816 419.89633835479617 396.10121023282409 268.69774051755667 76.276479884982109 145.49974443018436 486.5636688657105 155.94900625571609 97.83063793182373 105.55117673799396 170.504847291857 216.15486894920468 479.36997907981277 48.063555359840393 18.700366843491793 260.96085800230503 264.49067989364266 51.973742470145226
leaf_count=273279 6192 30423 6918 789 1951 56940 5320 3363 1207 36637 3707 3824 6254 2609 1978 1352 1503 1451 4313 988 642 766 1217 1506 2265 218 160 2957 6269 416
internal_value=-0.000998329 0.0357573 -0.0361979 -0.00925747 0.00189553 -0.0261576 0.0552563 0.0330492 0.0143214 -0.0194015 0.0361357 0.0267903 -0.0134516 0.0117154 0.0371442 0.0126935 -0.00251057 -0.0329853 0.0205371 0.0445169 -0.0297394 0.00420592 0.00968885 0.0498362 0.0415418 0.0037653 -0.0468997 -0.00648462 -0.0484951 -0.019944
internal_weight=27981.8 13688.3 14293.4 4480.15 5002.36 3284.38 8685.96 2030.93 1348.96 2971.43 2906.83 2195.45 757.335 1162.4 1195.78 883.651 614.954 2087.78 799.675 232.225 587.513 203.382 657.069 591.625 1337.65 857.802 2121.98 742.5 9813.28 316.464
internal_count=467414 109569 357845 77881 63812 69584 45757 15689 12326 48123 15334 11627 8869 12484 8297 10035 8683 38088 6319 2491 7662 1408 5530 3457 6089 5538 57100 9875 279964 6685
is_linear=0
shrinkage=0.05


Tree=26
num_leaves=31
num_cat=0
split_feature=56 5 3 13 51 49 51 48 38 36 28 35 48 52 39 27 56 58 51 56 55 41 32 48 51 30 52 49 30 56
split_gain=13542.7 3561.63 1534.79 1146.55 948.684 590.634 512.331 409.087 390.497 383.719 395.056 367.431 312.404 281.884 210.757 195.419 189.048 173.704 158.578 143.354 140.979 131.33 130.178 133.753 127.534 123.994 123.61 261.735 119.639 111.947
threshold=0.75930878520011913 4.5000000000000009 1.5000000000000002 1.0000000180025095e-35 0.8874824345111848 0.59317129850387584 0.7577352523803712 1.0000000180025095e-35 8.5000000000000018 0.94444444775581371 5.5000000000000009 0.30952382087707525 1.0000000180025095e-35 0.99425286054611217 0.61324787139892589 4.5000000000000009 0.5397799313068391 1.5000000000000002 0.9833287000656129 0.98687082529068004 0.64414930343627941 0.95993587374687206 2.5000000000000004 1.0000000180025095e-35 0.86240702867507946 0.15849281847476962 0.17192118614912036 0.58380147814750682 0.51887464523315441 0.48799693584442144
decision_type=2 2 2 2 2 2 2 2 2 2 2 2 2 2 2 2 2 2 2 2 2 2 2 2 2 2 2 2 2 2
left_child=2 3 6 4 9 14 -1 8 -8 10 19 26 15 -11 -3 -4 -17 -16 22 -2 -10 -12 -6 -24 -18 -19 -5 28 -28 -9
right_child=1 5 12 11 18 -7 7 29 20 13 21 -13 -14 -15 17 16 24 25 -20 -21 -22 -23 23 -25 -26 -27 27 -29 -30 -31
leaf_value=-0.049296853371039819 0.009300136708858776 -0.043779453238013091 0.023438810854820368 0.054382856824803642 0.056429960523332837 0.018833383592220296 0.0050753634402240901 -0.035152663995137889 -0.042412934762958251 -0.016724829459782153 -0.03216278729527014 0.064639296010003872 0.060455503148185687 0.05473836179329114 -0.029522420571716015 -0.04676134152094033 -0.026628744766804144 0.066102227637282365 0.064971921946135047 0.060781942633047592 0.027905840189786535 0.048805075643273688 0.0085134290711515372 0.065805439938683874 0.041151145959836613 -0.018090956673682435 -0.022905789749181241 0.056590893060885765 0.032012582850423431 0.073760337973609258
leaf_weight=8884.4115977808833 960.22566777467728 1428.7920496836305 504.24682434275746 454.80097602307796 509.22064796835184 722.57723410800099 627.5382017865777 28.301150571554899 2004.1910011172295 179.77484298869967 875.90622934699059 5272.9688213802874 273.65371784567833 587.09691638872027 281.41939150169492 297.86286808177829 125.92435689643025 110.17283262312412 1112.7726294547319 156.4961778447032 73.250565454363823 52.245430886745453 444.21503901481628 131.33845219016075 152.24647609144449 71.504024788737297 282.92861790582538 305.73061457276344 151.40970063209534 126.78923715651035
leaf_count=274533 7647 36003 2903 2198 2390 5479 7423 724 52809 1148 10188 28790 1354 2711 4728 6769 1127 661 5932 799 495 402 2279 592 804 759 2968 1544 962 715
internal_value=-0.000960791 0.0330591 -0.0375599 0.0450558 0.0270902 -0.0196021 -0.0433708 -0.0249516 -0.0294843 0.00784834 -0.00346681 0.0589637 0.0128404 0.0379856 -0.0342842 0.000733933 -0.0191476 -0.00495716 0.0516953 0.0165627 -0.0399213 -0.0275575 0.0380287 0.0216786 0.0104826 0.033048 0.0338844 0.0212309 -0.00373177 0.0537878
internal_weight=27190 14091.6 13098.4 11477.1 5009.29 2614.47 11744.5 2860.07 2704.98 2811.75 2044.87 6467.84 1353.93 766.872 1891.89 1080.28 576.034 463.096 2197.55 1116.72 2077.44 928.152 1084.77 575.553 278.171 181.677 1194.87 740.069 434.338 155.09
internal_count=467836 118180 349656 70550 34088 47630 336699 62166 60727 22895 19036 36462 12957 3859 42151 11603 8700 6148 11193 8446 53304 10590 5261 2871 1931 1420 7672 5474 3930 1439
is_linear=0
shrinkage=0.05


Tree=27
num_leaves=31
num_cat=0
split_feature=56 50 13 51 56 19 45 28 35 51 51 34 58 35 50 41 7 45 21 44 44 51 49 50 21 35 13 43 30 42
split_gain=12684.5 3775.06 1437.21 1293.41 796.852 857.118 746.801 516.18 445.652 422.253 386.336 300.975 419.248 300.694 313.867 295.255 280.785 227.804 216.427 189.816 167.711 166.403 157.199 132.16 199.103 120.183 190.782 108.923 108.394 108.272
threshold=0.74305018782615673 0.83225107192993175 1.0000000180025095e-35 0.78404876589775097 0.55585265159606945 1.0000000180025095e-35 1.0000000180025095e-35 4.5000000000000009 0.38750000298023229 0.98076212406158458 0.23606811463832858 0.31666667759418493 1.5000000000000002 0.86607143282890331 0.95275297760963451 0.71825397014617931 1.0000000180025095e-35 1.0000000180025095e-35 12.500000000000002 1.0000000180025095e-35 1.0000000180025095e-35 0.94312667846679699 0.72046512365341198 0.56562754511833202 23.500000000000004 0.64583334326744091 1.0000000180025095e-35 0.043523281812667854 0.14760348945856097 0.0061358464881777772
decision_type=2 2 2 2 2 2 2 2 2 2 2 2 2 2 2 2 2 2 2 2 2 2 2 2 2 2 2 2 2 2
left_child=3 2 7 25 5 -5 -3 11 10 13 28 12 -2 -8 -15 27 21 -6 -12 -16 -19 29 -13 -20 -25 -1 -27 -14 -4 -7
right_child=1 6 8 4 17 16 9 -9 -10 -11 18 22 15 14 19 -17 -18 20 23 -21 -22 -23 -24 24 -26 26 -28 -29 -30 -31
leaf_value=-0.050216477431582897 -0.044969821137130134 0.062522736084710637 0.062144981735487465 -0.046843477946069308 0.072025157268268233 -0.011975189606587071 0.04959731788026165 -0.038769214327777704 0.066210998513745969 0.063149408561666495 0.045203426154962582 0.049991294941911631 -0.038448538535424404 -0.023838693951151728 0.0025584270795662692 0.058815430368874114 -0.046946866756844612 -0.012569973076044461 -0.047881171087605971 0.041822070279297852 0.047893181955394354 0.045839998455015511 -0.0045334656975547401 0.064935107631110753 -0.036592545260438536 -0.032924779517671497 0.11257197170014897 0.087642842222070944 0.020924080488172687 0.036005206285607973
leaf_weight=8090.5332155376673 555.42864582873881 5554.8731033988297 338.16302418336272 1720.4670490734279 254.74934966117144 378.46470899507403 687.29978374578059 1891.4333877842873 653.3806057870388 823.66985213756561 128.91368757747114 348.81584088876843 166.97697250172496 479.45905089750886 570.00130866467953 231.71549311280251 183.39223192259669 267.65986094996333 303.63308630883694 668.55884932354093 199.26382469385862 382.6974671036005 212.23727438040078 80.143983423709869 118.27559115737677 620.54071223735809 22.416826033964753 18.123091438785195 303.87586239725351 169.37538311257958
leaf_count=260849 11573 31126 1796 50013 1400 4697 3618 40829 3383 4563 894 2043 4155 3162 3294 1657 2607 3240 4787 3028 1079 2977 1159 495 842 15605 216 169 2069 959
internal_value=-0.00106094 0.0312397 -0.0018666 -0.0382113 -0.0127865 -0.0247292 0.0514059 -0.0212991 0.0326736 0.0322679 0.0154217 0.000262883 -0.0165608 0.0216711 0.0104767 0.0213127 0.00943763 0.0340882 -0.0123569 0.0237691 0.0132804 0.0205885 0.0293941 -0.0271973 0.00453564 -0.0485611 -0.0276851 -0.0256984 0.0426981 0.00289745
internal_weight=26424.5 14135 5351.12 12289.6 3556.07 2834.4 8783.86 3424.73 1926.39 3228.99 1273.01 1533.3 972.244 2405.32 1718.02 416.816 1113.93 721.673 630.966 1238.56 466.924 930.538 561.053 502.053 198.42 8733.49 642.958 185.1 642.039 547.84
internal_count=468284 124642 75851 343642 66972 61253 48791 61585 14266 17665 10883 20756 17554 13102 9484 5981 11240 5719 7018 6322 4319 8633 3202 6124 1337 276670 15821 4324 3865 5656
is_linear=0
shrinkage=0.05


Tree=28
num_leaves=31
num_cat=0
split_feature=39 5 52 56 13 19 51 49 35 36 28 7 48 52 39 58 51 51 25 51 42 45 58 25 56 8 30 34 28 45
split_gain=11740.9 2823.2 1786.03 1158.97 957.451 951.075 763.477 479.665 382.94 279.786 324.025 279.489 243.411 229.195 169.452 164.204 162.063 149.455 149.41 145.761 124.213 122.088 108.431 261.067 106.845 105.878 104.796 104.723 256.056 101.232
threshold=0.32795698940753942 4.5000000000000009 0.88548010587692272 0.55585265159606945 1.0000000180025095e-35 1.0000000180025095e-35 0.8874824345111848 0.5604878067970277 0.35416667163372045 0.94444444775581371 5.5000000000000009 1.0000000180025095e-35 1.0000000180025095e-35 0.99425286054611217 0.61324787139892589 1.5000000000000002 0.95945203304290783 0.94312667846679699 1.5000000000000002 0.99425286054611217 0.0062114212196320304 1.0000000180025095e-35 1.5000000000000002 2.5000000000000004 0.98687082529068004 1.0000000180025095e-35 0.20204082131385806 0.72077924013137828 1.5000000000000002 1.0000000180025095e-35
decision_type=2 2 2 2 2 2 2 2 2 2 2 2 2 2 2 2 2 2 2 2 2 2 2 2 2 2 2 2 2 2
left_child=2 4 -1 5 6 -4 9 14 22 10 24 17 16 -11 -3 -16 21 20 -12 27 -7 -5 23 -6 -2 -18 -17 -8 -29 -9
right_child=1 7 3 12 8 11 19 29 -10 13 18 -13 -14 -15 15 26 25 -19 -20 -21 -22 -23 -24 -25 -26 -27 -28 28 -30 -31
leaf_value=-0.047909368866022081 0.0097450363701255122 -0.043104253496957151 -0.047013053520992804 0.058825676781559803 0.035051426789356577 -0.010336762083463593 0.060356688420294069 0.042890601528477096 0.062774051742955583 -0.017876536460190422 0.068303575894943153 -0.046074838190164405 0.066626278092650357 0.051240863202407241 -0.032537726621848617 0.055367468406749998 0.067165823364376084 0.045107454115349943 -0.030392070558250984 0.063914815628003233 0.039031862522731192 -0.008202341757598949 0.052584843925236019 -0.035440945692727641 0.054623467196233226 -0.0013550655890900685 -0.025211042659733798 -0.058672871531451669 0.036457623139441613 0.0028805198945466622
leaf_weight=8616.2804175522178 880.47871932946146 1141.7959845177829 1843.9762556403875 78.87282694503665 645.48854630067945 401.6995093356818 306.64965619146824 241.7823878005147 4892.5982361398637 154.9348414875567 39.404617909342051 181.65122934803367 378.04657478071749 523.5970685146749 252.35407190397382 124.37651054561138 206.44649191200733 393.16655138507485 778.40970994718373 940.45659384131432 185.40274164825678 453.60231741331518 400.25135055184364 163.96757792495191 155.29839225485921 77.361832175403833 58.789640322327614 79.548080511391163 584.29090524464846 453.68492630310357
leaf_count=280450 6748 31250 56320 492 4235 5589 1442 1492 28564 960 441 2740 2032 2461 4604 772 1354 3010 8835 5372 1236 4418 2020 2040 798 725 649 479 2824 3924
internal_value=-0.00103965 0.0327951 -0.0348787 -0.0081427 0.0436881 -0.0246968 0.0260227 -0.0177439 0.0565439 0.00801096 -0.00204923 0.0107293 0.0335065 0.0354556 -0.0329899 -0.00643531 0.018105 0.0212917 -0.025559 0.0498728 0.00529336 0.00181783 0.0313151 0.020746 0.01652 0.0485489 0.0295082 0.0362135 0.024987 0.0168318
internal_weight=25634.7 12818.2 12816.5 4200.23 10545.4 3005.9 4443.07 2272.78 6102.31 2532.12 1853.59 1161.92 1194.33 678.532 1577.32 435.52 816.283 980.269 817.814 1910.95 587.102 532.475 1209.71 809.456 1035.78 283.808 183.166 970.489 663.839 695.467
internal_count=468276 109910 358366 77916 67219 68895 30360 42691 36859 20243 16822 12575 9021 3421 37275 6025 6989 9835 9276 10117 6825 4910 8295 6275 7546 2079 1421 4745 3303 5416
is_linear=0
shrinkage=0.05


Tree=29
num_leaves=31
num_cat=0
split_feature=56 50 52 6 56 19 48 13 51 7 25 35 51 45 30 39 21 44 45 34 30 21 41 51 54 42 58 34 49 52
split_gain=11051.5 3308.34 1260.47 1242.25 733.027 878.801 726.797 428.524 392.268 259.781 236.773 229.682 224.664 219.039 200.689 198.906 196.839 178.904 156.635 146.766 130.31 129.36 117.192 115.316 112.395 112.39 105.434 214.85 117.312 101.007
threshold=0.74305018782615673 0.83225107192993175 0.88548010587692272 4.5000000000000009 0.56152367591857921 1.0000000180025095e-35 1.0000000180025095e-35 1.0000000180025095e-35 0.9833287000656129 1.0000000180025095e-35 2.5000000000000004 0.46428571641445165 0.16784037649631503 1.0000000180025095e-35 0.15047170221805575 0.61324787139892589 15.500000000000002 1.0000000180025095e-35 1.0000000180025095e-35 0.31666667759418493 0.13680927455425265 12.500000000000002 0.31909090280532842 0.94474968314170849 0.99820789694786083 0.0062114212196320304 1.5000000000000002 0.31666667759418493 0.72046512365341198 0.69614070653915416
decision_type=2 2 2 2 2 2 2 2 2 2 2 2 2 2 2 2 2 2 2 2 2 2 2 2 2 2 2 2 2 2
left_child=2 3 -1 7 5 22 8 14 10 23 29 12 -9 -6 26 19 -14 -15 -12 -5 -17 -16 -4 25 -20 -7 27 -2 -29 -3
right_child=1 6 4 15 13 9 -8 11 -10 -11 18 -13 16 17 21 20 -18 -19 24 -21 -22 -23 -24 -25 -26 -27 -28 28 -30 -31
leaf_value=-0.048732847540388924 -0.042371554355875821 0.1064587536066261 -0.04899810553808745 -0.0437919672908723 0.070703698018277264 -0.0095411747367174539 0.060130770715491347 0.049174334639056121 0.061039774726954099 -0.046107985853681019 0.041625497427350805 0.062523148794307218 0.036154528335792434 -0.013589717943884897 0.0416327685451095 0.02477294881698261 -0.025498213712257384 0.04879405390686839 -0.0055107905844088145 0.0092834747722985913 -0.02450315415533897 -0.029139241129531042 0.012052089049547061 0.040669817790791957 0.092044531732649787 0.037270610711999691 0.048838335483106204 0.047454519651908673 -0.0073049275048239527 0.034187575076260211
leaf_weight=7732.366009503603 163.18797457590699 50.414941448718309 1696.040124040097 1496.974302848801 243.51456022821367 392.80688716098666 5334.8066610172391 433.46074528060853 736.95205447822809 174.86809427291155 242.36819878220558 574.28522050008178 223.69079690612853 275.76081916876137 71.871668536216021 224.64946105331182 304.47068948857486 195.6527181789279 1050.7600302472711 142.30755893141031 329.98718778043985 572.59349203854799 82.054084083065391 396.17318240553141 29.378394559025764 189.15464705973864 190.25347374752164 241.78097202256322 163.39291683956981 894.9497030582279
leaf_count=268158 2431 260 55062 42353 1405 5554 31599 2183 4317 2751 1214 3163 1277 3539 996 1968 3234 1129 6575 1382 4994 8523 1534 2982 126 1244 1171 1268 878 4623
internal_value=-0.00102593 0.0296156 -0.0373063 -0.00196691 -0.0130667 -0.0241387 0.049052 0.0192828 0.0293693 0.00985599 0.0190555 0.0375218 0.0225415 0.0322972 -0.000695439 -0.030429 0.000632383 0.0123502 0.00538755 -0.0391816 -0.00453575 -0.0211944 -0.0461756 0.0198979 -0.00277473 0.00571187 0.016724 0.0059071 0.0254083 0.0381501
internal_weight=24850.9 13472.5 11378.4 5132.91 3646.03 2931.1 8339.63 2938.99 3004.82 1153 2267.87 1535.91 961.622 714.928 1403.08 2193.92 528.161 471.414 1322.51 1639.28 554.637 644.465 1778.09 978.135 1080.14 581.962 758.615 568.362 405.174 945.365
internal_count=467893 124535 343358 75821 75200 69127 48714 25124 17115 12531 12798 9857 6694 6073 15267 50697 4511 4668 7915 43735 6962 9519 56596 9780 6701 6798 5748 4577 2146 4883
is_linear=0
shrinkage=0.05


Tree=30
num_leaves=31
num_cat=0
split_feature=39 50 52 6 56 19 45 28 49 44 48 7 25 13 50 59 44 13 45 41 35 49 54 21 43 35 59 52 22 43
split_gain=10324.4 2640.09 1631.67 979.921 961.806 841.867 622.391 414.092 263.485 251.741 233.854 230.482 218.335 143.486 153.794 148.048 142.171 138.343 131.13 103.16 112.509 100.45 100.381 99.5941 94.316 92.021 91.7952 179.048 101.543 90.3932
threshold=0.32795698940753942 0.83225107192993175 0.88548010587692272 5.5000000000000009 0.55585265159606945 1.0000000180025095e-35 1.0000000180025095e-35 3.5000000000000004 0.96449580788612377 1.0000000180025095e-35 1.0000000180025095e-35 1.0000000180025095e-35 1.5000000000000002 1.0000000180025095e-35 0.54261502623558056 1.0000000180025095e-35 1.5000000000000002 1.0000000180025095e-35 1.0000000180025095e-35 0.58957219123840343 0.46428571641445165 0.95945203304290783 0.98048734664917003 27.500000000000004 0.0045357251074165114 0.46428571641445165 1.0000000180025095e-35 0.70678734779357921 51.500000000000007 0.035404909402132041
decision_type=2 2 2 2 2 2 2 2 2 2 2 2 2 2 2 2 2 2 2 2 2 2 2 2 2 2 2 2 2 2
left_child=2 3 19 7 5 24 -3 17 9 22 18 -7 -9 -14 15 -15 25 26 -6 -1 29 -20 -8 -11 -4 -5 -2 -28 -29 -21
right_child=1 6 4 16 10 11 8 12 -10 23 -12 -13 13 14 -16 -17 -18 -19 21 20 -22 -23 -24 -25 -26 -27 27 28 -30 -31
leaf_value=-0.048559339952685139 0.050616228959044288 0.05983171706558621 -0.047409626271139017 -0.041323082754287671 0.058494033052731959 0.018163040044429639 -0.0035977007008015371 0.046081223788381698 0.059095194271018836 0.046284513910105574 0.063290259863431439 -0.045004672570518107 -0.025012224205361346 0.023651100637792598 0.038705434718111692 -0.043959997947310321 0.0030274114725230678 0.050005892071310468 -0.0058846752121781238 -0.040008150986649664 0.049994437532071515 0.038407687041600941 0.068687685255890918 0.017177723802119609 0.091403131620565264 0.0020121616867070711 -0.032405140523772469 0.062175434536432234 0.0056688761060478777 0.097524230317953875
leaf_weight=7609.4882946964353 174.13893973268569 4901.7739093489945 1682.1943636480719 1205.57968252711 141.07879293523729 986.59886006265879 803.13679421879351 209.357451479882 607.00882594287395 816.09108086675406 360.76623008027673 168.16490647383034 655.26750249229372 146.84753946587443 248.88495725020766 178.17805409617722 266.76652934588492 839.58643960393965 494.3135208953172 211.51617843657732 49.910663267597556 171.64581955783069 50.078477911651134 461.66796389967203 11.439777251332996 136.24470794200897 173.18948746100068 140.85812641307712 181.38493512757123 11.720830963924525
leaf_count=273567 993 30408 56328 32401 814 9759 5261 1382 3710 3818 2045 2745 9449 755 1509 2723 4025 5213 4744 6056 408 1404 246 2227 103 1297 2419 721 934 230
internal_value=-0.00112599 0.031201 -0.0342603 0.00107664 -0.00831792 -0.0239833 0.0491644 0.0182044 0.0300521 0.0217553 0.0298794 0.00893313 -0.00099281 -0.00904155 0.0092049 -0.0134343 -0.0303014 0.0364919 0.0148841 -0.0474752 -0.0172044 0.00557181 0.000720449 0.0357896 -0.0464186 -0.0369247 0.0194972 0.00847925 0.0304848 -0.0323844
internal_weight=24094.9 12196 11898.8 4556.28 4016.2 2848.4 7639.76 2947.69 2737.98 2130.97 1167.8 1154.76 1438.54 1229.18 573.911 325.026 1608.59 1509.16 807.038 7882.64 273.148 665.959 853.215 1277.76 1693.63 1341.82 669.571 495.433 322.243 223.237
internal_count=467694 109491 358203 63821 77942 68935 45670 26098 15262 11552 9007 12504 15818 14436 4987 3478 37723 10280 6962 280261 6694 6148 5507 6045 56431 33698 5067 4074 1655 6286
is_linear=0
shrinkage=0.05


Tree=31
num_leaves=31
num_cat=0
split_feature=56 6 51 13 51 34 48 19 56 34 21 39 7 56 45 51 49 36 28 28 51 32 48 49 51 34 28 49 58 21
split_gain=9644.39 2817 1129.99 941.266 715.299 560.679 534.052 504.926 440.121 384.513 323.182 236.604 207.466 186.686 181.422 160.509 140.578 137.254 235.394 203.426 125.336 121.103 141.189 111.342 109.44 108.445 255.569 101.801 180.916 249.693
threshold=0.73247623443603527 4.5000000000000009 0.79830509424209606 1.0000000180025095e-35 0.8874824345111848 0.31666667759418493 1.0000000180025095e-35 1.0000000180025095e-35 0.55891487002372753 0.23611111193895343 16.500000000000004 0.61324787139892589 1.0000000180025095e-35 0.99822065234184276 1.0000000180025095e-35 0.98076212406158458 0.77849927544593822 0.94444444775581371 5.5000000000000009 5.5000000000000009 0.90054944157600414 1.5000000000000002 1.0000000180025095e-35 0.41421362757682806 0.89022758603096019 0.72077924013137828 2.5000000000000004 0.71503761410713207 1.5000000000000002 18.500000000000004
decision_type=2 2 2 2 2 2 2 2 2 2 2 2 2 2 2 2 2 2 2 2 2 2 2 2 2 2 2 2 2 2
left_child=2 3 21 4 10 11 7 8 -4 27 23 16 24 17 -7 25 -3 18 -12 -19 -16 -1 -23 -2 -9 -6 -27 28 29 -5
right_child=1 5 6 9 15 14 -8 12 -10 -11 13 -13 -14 -15 20 -17 -18 19 -20 -21 -22 22 -24 -25 -26 26 -28 -29 -30 -31
leaf_value=-0.049665680427047346 -0.00071006032799962821 -0.04247926253046462 -0.047856001666516032 0.032162755302071147 0.05756229069488409 0.058447244374777586 0.057600004432833522 -0.0066478581820425924 0.011976346422803727 0.060254345929012222 0.0029030935598714251 -0.00082542515238051702 -0.04414418260395344 0.039804501498515457 -0.010023570965962784 0.060204837979049831 0.059485125094009397 -0.025873523968316704 -0.03746495306183998 0.044821705674059756 0.041376550668820331 -0.033054902234075437 0.058574699179548856 0.054102759289871322 0.030142780403831806 -0.055967846534719035 0.032693543860996738 0.062269316249753265 0.047995243630538593 -0.033212497071890085
leaf_weight=6682.6902858745307 120.75724640674889 1498.2852356024086 1361.6178172621876 340.38585475645959 289.72652727365494 213.11487072333694 254.58703446388245 299.2481659129262 396.42431522905827 4448.1168109886348 805.37322377972305 508.14051380753517 155.28366914018989 229.01002519577742 416.23754989728332 973.40815849602222 33.745758026838303 166.75405682437122 653.48978489078581 258.02802331373096 164.71714502573013 558.40353923104703 44.55224402807653 396.64213128946722 619.85825607180595 92.286025039851665 633.99927445501089 181.74742804095149 389.97864917851985 254.28083655610681
leaf_count=257329 2062 45765 47703 2153 1419 1234 1960 3524 3814 28871 6689 6641 2582 1332 3219 6062 209 1015 8339 1291 831 16768 730 2191 4675 572 3140 1049 2036 2825
internal_value=-0.000989619 0.0275826 -0.0369861 0.0397984 0.0230736 -0.0165252 -0.0116283 -0.0178689 -0.0343652 0.0535525 0.00595683 -0.0303953 0.00913099 -0.00272245 0.019104 0.045688 -0.040196 -0.00791118 -0.0151928 0.0170737 0.00459588 -0.0477274 -0.0261986 0.0413332 0.0181701 0.0317344 0.0213662 0.0279649 0.0215762 0.00419932
internal_weight=23440.9 13068.2 10372.7 10234 4619.47 2834.24 3087.02 2832.43 1758.04 5614.51 2630.05 2040.17 1074.39 2112.66 794.07 1989.42 1532.03 1883.65 1458.86 424.782 580.955 7285.65 602.956 517.399 919.106 1016.01 726.285 1166.39 984.645 594.667
internal_count=468030 128945 339085 71046 34112 57899 64258 62298 51517 36934 22919 52615 10781 18666 5284 11193 45974 17334 15028 2306 4050 274827 17498 4253 8199 5131 3712 8063 7014 4978
is_linear=0
shrinkage=0.05


Tree=32
num_leaves=31
num_cat=0
split_feature=56 50 51 13 48 48 19 28 56 35 51 49 25 21 42 51 56 56 45 50 21 8 51 30 28 12 22 28 56 20
split_gain=9009.61 2858.15 1120.51 1098.28 672.418 543.982 496.406 441.897 441.13 386.253 349.182 284.808 221.585 190.226 180.908 173.642 154.931 153.944 136.698 130.375 169.702 119.356 115.202 108.747 99.6211 149.298 99.5904 147.831 107.368 86.3368
threshold=0.73247623443603527 0.84292763471603405 0.74873736500740062 1.0000000180025095e-35 1.0000000180025095e-35 1.0000000180025095e-35 1.0000000180025095e-35 2.5000000000000004 0.5397799313068391 0.35416667163372045 0.98076212406158458 0.21680375933647159 2.5000000000000004 12.500000000000002 0.0024883691221475606 0.85857143998146068 0.98421010375022899 0.99822065234184276 1.0000000180025095e-35 0.56562754511833202 25.500000000000004 1.0000000180025095e-35 0.94474968314170849 0.14760348945856097 1.5000000000000002 1.0000000180025095e-35 48.500000000000007 5.5000000000000009 0.97740960121154796 17.500000000000004
decision_type=2 2 2 2 2 2 2 2 2 2 2 2 2 2 2 2 2 2 2 2 2 2 2 2 2 2 2 2 2 2
left_child=2 3 -1 7 10 6 8 15 -4 11 12 23 24 -13 22 16 -2 -9 -14 -15 -21 -10 -8 -5 25 -3 28 -28 -20 -26
right_child=1 4 5 9 -6 -7 14 17 21 -11 -12 13 18 19 -16 -17 -18 -19 26 20 -22 -23 -24 -25 29 -27 27 -29 -30 -31
leaf_value=-0.048401041901155656 -0.0089132109012987591 0.037256861580760178 -0.048572907520896304 0.057810377721270859 0.057911483300242733 0.053929385195303964 -0.025097406258511586 -0.035217142834315249 0.027219926320771262 0.06006126047532559 0.058451299273643009 0.038530936777057129 0.039203540036538892 -0.046356537697623407 0.031605194712899416 0.056563540469041274 0.053778653212366738 0.017336958522997277 -0.016745419974627775 0.050189437336576742 -0.039791072421876898 -0.023207227873169471 0.014969926489394709 0.014504193493429194 0.020630273226162957 -0.060141501030037958 0.052817815041680642 -0.017861004240722983 0.086905753484615433 0.056729940160270748
leaf_weight=6622.1204329989851 762.76034164242446 106.30809043906629 1439.8008259925991 311.30704669654369 4752.2364888712764 277.41374623402953 437.47252048179507 2098.1296860780567 285.92681843228638 641.97898697666824 681.02582883089781 152.04871242679656 226.22069336473942 296.09575467929244 444.53008264116943 154.18378431349993 112.15021959133446 148.6704123839736 729.45019651763141 103.89770505018532 103.71574163250625 197.58626832813025 302.75937756150961 272.18345774896443 254.68033069930971 61.123161718249321 162.76001188158989 134.23905083164573 24.886441811919212 481.56576205417514
leaf_count=265335 12324 530 53341 1761 31159 2250 6724 50357 3040 3849 4382 1029 1199 5154 2684 803 723 1547 4770 661 775 2629 3280 1852 1248 461 789 848 111 2488
internal_value=-0.000918463 0.0269159 -0.0364396 -0.00182575 0.0463797 -0.0130353 -0.0190277 -0.0193095 -0.0347045 0.0286139 0.0272199 0.0122876 0.0174465 -0.0103192 0.00642945 0.00781992 -0.000824845 -0.0317335 0.00403563 -0.0251121 0.00526335 0.00660764 -0.00871153 0.0376685 0.0363803 0.00155424 -0.00356167 0.0209193 -0.0132153 0.0442874
internal_weight=22779.2 12771.6 10007.6 5157.12 7614.5 3385.49 3108.08 3275.89 1923.31 1881.23 2862.26 1239.25 2181.23 655.758 1184.76 1029.09 874.911 2246.8 1277.56 503.709 207.613 483.513 740.232 583.491 903.677 167.431 1051.34 296.999 754.337 736.246
internal_count=468103 128820 339283 80835 47985 73948 71698 65754 59010 15081 16826 11232 12444 7619 12688 13850 13047 51904 7717 6590 1436 5669 10004 3613 4727 991 6518 1637 4881 3736
is_linear=0
shrinkage=0.05


Tree=33
num_leaves=31
num_cat=0
split_feature=56 50 52 6 45 48 19 28 56 9 21 44 7 45 44 58 44 30 31 23 7 35 58 35 40 54 52 21 42 30
split_gain=8375.18 2667.67 1095.43 1035.99 654.241 501.567 542.058 439.936 412.713 269.898 226.668 217.527 198.508 190.545 157.959 153.397 135.28 135.156 114.103 110.155 108.857 102.708 304.707 94.4267 90.5772 87.0948 84.985 83.2516 83.0618 92.2445
threshold=0.73247623443603527 0.85053193569183361 0.88548010587692272 5.5000000000000009 1.0000000180025095e-35 1.0000000180025095e-35 1.0000000180025095e-35 5.5000000000000009 0.55891487002372753 1.0000000180025095e-35 14.500000000000002 1.0000000180025095e-35 1.0000000180025095e-35 1.0000000180025095e-35 1.0000000180025095e-35 3.5000000000000004 1.0000000180025095e-35 0.13680927455425265 0.19456735998392108 50.500000000000007 1.0000000180025095e-35 0.38750000298023229 1.5000000000000002 0.86607143282890331 0.8834841549396516 0.4668662697076798 0.99425286054611217 18.500000000000004 0.021752201020717624 0.029857398010790352
decision_type=2 2 2 2 2 2 2 2 2 2 2 2 2 2 2 2 2 2 2 2 2 2 2 2 2 2 2 2 2 2
left_child=2 3 -1 7 -3 6 8 13 -4 11 -9 23 28 21 -5 -12 -15 -16 24 20 -10 22 27 26 -13 -7 -6 -2 29 -8
right_child=1 4 5 14 9 25 12 10 19 -11 15 18 -14 16 17 -17 -18 -19 -20 -21 -22 -23 -24 -25 -26 -27 -28 -29 -30 -31
leaf_value=-0.048132843995595601 0.020152188722984982 0.057803686446595205 -0.047634611046194153 -0.042706744961628768 0.01685738414696409 -0.021264846840193617 0.030500072555610352 0.026613793096532314 0.035781996927091921 0.057573150988635392 -0.03120575608832582 0.012021138146799264 -0.043799850333735041 -0.018490446637695068 0.014565719064856342 0.031740619116169905 0.024816246803510331 -0.029341747094444877 0.053956705141901644 -0.049165894939279531 -0.027623058188834339 0.054116675056580466 0.055194553096408444 -0.0058760608701990307 0.047364169604609596 0.06475093995539756 0.099188878199680114 -0.03789513649183391 0.056147433365607652 -0.002319181703108224
leaf_weight=6355.6227622348815 99.898772923275828 4371.5739416144788 1444.4375492092222 1134.7520818505436 184.32358871027827 33.278106397017837 370.69566467404366 319.06071188487113 265.1381146274507 582.39385478198528 726.72871189750731 611.65920298174024 154.58028631098568 275.38143100589514 277.27349261008203 110.80867475457489 518.29888757690787 473.13572479970753 433.78155671060085 68.435007559135556 89.958928482607007 690.47300790995359 369.31926769763231 795.3370187394321 257.28037467598915 228.17868778854609 36.928337909281254 158.74531134776771 118.0008941590786 504.67547140084207
leaf_count=264331 818 30113 55655 34802 1190 657 2872 2981 2241 3966 10998 2946 2752 3338 4163 1118 4079 11197 2201 1019 1268 4216 2084 5249 1217 1540 166 1821 582 6334
internal_value=-0.00103635 0.026087 -0.0360262 -0.00143344 0.0455857 -0.0125411 -0.0183051 0.0155897 -0.0349157 0.0271651 -0.00919353 0.0195079 0.00873073 0.0291589 -0.0309427 -0.0228498 0.00978586 -0.0131203 0.0330266 0.00847181 0.0196867 0.040805 0.0261054 0.00216867 0.0225281 0.0537636 0.0309835 -0.0154837 0.0169409 0.0115978
internal_weight=22060.2 12427.2 9633 5153.88 7273.28 3277.38 3015.92 3268.71 1867.97 2901.7 1156.6 2319.31 1147.95 2112.12 1885.16 837.537 793.68 750.409 1302.72 423.532 355.097 1318.44 627.963 1016.59 868.94 261.457 221.252 258.644 993.372 875.371
internal_count=467914 128663 339251 81615 47048 74920 72723 31453 60183 16935 15097 12969 12540 16356 50162 12116 7417 15360 6364 4528 3509 8939 4723 6605 4163 2197 1356 2639 9788 9206
is_linear=0
shrinkage=0.05


Tree=34
num_leaves=31
num_cat=0
split_feature=56 50 51 6 45 44 27 28 51 53 35 27 13 50 7 41 56 25 44 50 20 58 42 25 58 35 43 30 48 21
split_gain=7848.63 2505.5 1099.54 970.869 627.206 490.957 587.59 427.416 304.513 259.419 226.827 206.314 205.259 180.911 179.271 156.867 145.593 139.043 138.687 112.579 107.35 104.772 101.935 100.852 100.822 96.6662 94.9523 94.2811 90.3329 84.9879
threshold=0.73247623443603527 0.8521554470062257 0.73942822217941295 5.5000000000000009 1.0000000180025095e-35 1.0000000180025095e-35 1.0000000180025095e-35 3.5000000000000004 0.98076212406158458 0.57786229252815258 0.94444444775581371 9.5000000000000018 1.0000000180025095e-35 0.95275297760963451 1.0000000180025095e-35 0.76330533623695385 0.4548176378011704 2.5000000000000004 1.0000000180025095e-35 0.98549506068229686 17.500000000000004 1.5000000000000002 0.0024883691221475606 1.5000000000000002 3.5000000000000004 0.46428571641445165 0.0010838342132046821 0.20204082131385806 1.0000000180025095e-35 14.500000000000002
decision_type=2 2 2 2 2 2 2 2 2 2 2 2 2 2 2 2 2 2 2 2 2 2 2 2 2 2 2 2 2 2
left_child=2 3 -1 7 -3 6 14 18 10 26 -6 16 23 -12 19 -5 -7 20 -2 22 -15 -17 -4 -9 -25 29 -8 -23 -19 -14
right_child=1 4 5 15 8 11 9 12 -10 -11 13 -13 25 17 -16 21 -18 28 -20 -21 -22 27 -24 24 -26 -27 -28 -29 -30 -31
leaf_value=-0.048172393235761037 0.0066481948578259445 0.057101194684881597 -0.032379171405140815 -0.039732002300034111 0.043879415073738395 -0.022233728485779314 -0.047731524489752125 0.045630714584214131 0.056939583349753645 0.019328499458422303 -0.020951056501640988 -0.046652116693349482 0.029973454192745226 0.012947755648854318 -0.043574571847034817 -0.022858938428711364 0.064559872790277931 -0.0052912359176059773 0.040478119728719182 0.026686406352728672 0.060449588561869598 0.05032506639770528 0.019918754887093576 -0.03081324239063454 0.030975656772896515 0.052609166390151521 0.030622779838771166 -0.024991105285655076 0.037679323888308164 -0.0085536581599515576
leaf_weight=6006.8794211316854 395.15932920016348 4211.0170995891094 195.56692199222744 1285.3327417634428 609.05006151460111 56.50805495493114 1449.8194593582302 52.992112120613456 645.6453950330615 170.67426483333111 401.95379623025656 61.925929017364979 236.71795683167875 221.01742586493492 151.67345519177616 378.23915980570018 315.54595808312297 569.97517674416304 1303.5950261224061 669.12465232238173 258.25398550182581 115.19959103129804 176.21414092741907 708.82393848709762 71.990413229912519 141.73480777069926 39.082014428451657 63.914823150262237 154.65798532217741 358.97835492901504
leaf_count=263827 3645 30121 3371 41254 3211 1722 55178 795 4508 1607 2770 1263 1335 1041 2752 6900 2089 3288 8988 5279 1272 1006 1575 11421 1022 835 422 1100 767 3602
internal_value=-0.000845309 0.0255509 -0.035453 -0.00111523 0.0448278 -0.012195 -0.0197355 0.0152398 0.0267464 -0.0389649 0.0179234 0.0372935 -0.00355678 0.00805798 0.0070341 -0.030131 0.0513533 0.0177527 0.0326172 0.0144432 0.0386165 -0.0079583 -0.00760443 -0.0205405 -0.025084 0.0156484 -0.0456556 0.0234599 0.00391923 0.00678083
internal_weight=21477.3 12184.2 9293.01 5112.68 7071.57 3286.13 2852.15 3269.99 2860.55 1659.58 2214.91 433.98 1571.24 1605.86 1192.58 1842.69 372.054 1203.9 1698.75 1040.91 479.271 557.354 371.781 833.806 780.814 737.431 1488.9 179.114 724.633 595.696
internal_count=467966 128881 339085 81903 46978 75258 70184 31643 16857 57207 12349 5074 19010 9138 12977 50260 3811 6368 12633 10225 2313 9006 4946 13238 12443 5772 55600 2106 4055 4937
is_linear=0
shrinkage=0.05


Tree=35
num_leaves=31
num_cat=0
split_feature=39 50 52 54 6 19 45 51 41 48 30 35 13 50 7 35 51 51 51 51 51 44 58 34 50 42 21 21 50 43
split_gain=7251.33 1879.43 1485.31 752.833 683.165 637.367 617.286 296.906 262.558 216.76 214.698 209.396 207.753 204.982 158.875 154.015 152.583 148.179 128.358 120.575 143.266 120.568 117.715 241.343 114.864 114.706 113.965 108.491 120.614 93.3141
threshold=0.32795698940753942 0.83225107192993175 0.81892696022987377 0.59275647997856151 3.5000000000000004 1.0000000180025095e-35 1.0000000180025095e-35 0.99425286054611217 0.31909090280532842 1.0000000180025095e-35 0.12613636255264285 0.94444444775581371 1.0000000180025095e-35 0.95275297760963451 1.0000000180025095e-35 0.46428571641445165 0.96178188920021068 0.16784037649631503 0.88047617673873912 0.92390406131744396 0.2237871661782265 1.0000000180025095e-35 1.5000000000000002 0.31666667759418493 0.90070420503616344 0.038476033136248596 18.500000000000004 27.500000000000004 0.56070175766944896 0.19780754297971728
decision_type=2 2 2 2 2 2 2 2 2 2 2 2 2 2 2 2 2 2 2 2 2 2 2 2 2 2 2 2 2 2
left_child=2 4 24 5 12 8 -3 11 -4 16 22 -8 19 -13 18 17 -5 -14 25 20 -2 -15 23 -6 -1 -7 -19 28 -22 -12
right_child=1 6 3 9 10 14 7 -9 -10 -11 29 13 15 21 -16 -17 -18 26 -20 -21 27 -23 -24 -25 -26 -27 -28 -29 -30 -31
leaf_value=-0.048193849070663326 0.031570403875824611 0.055894591536088535 -0.04862217446525266 -0.00060425906698847651 -0.041427707101967207 -0.014436208306883381 0.040438440556095995 0.057496271148916415 0.010372122388245329 0.063425740899981931 -0.034345952924709738 -0.024463356674135208 0.043838996707880627 -0.0015580492241598731 -0.042644441920394044 0.056654171790386482 0.04809132054004079 0.023764728784762115 0.025760903697339955 0.062287461220899266 -0.037360942970527951 0.032774645038874277 0.030577083086976077 0.036700356390313112 0.045368057684905115 0.10351740190587388 -0.028127479106597436 -0.03701192725471604 0.020820075650439973 0.074877625044709462
leaf_weight=5872.5678932797164 237.51051096245646 4094.1859463080764 1501.1208764705807 558.12871261127293 273.22319099493325 426.76173552311957 613.21255270764232 544.98155345767736 215.3198765385896 299.20662559010088 1255.2723236512393 406.74892853945494 354.97656426206231 462.97829600051045 150.10701397620142 455.86619926989079 224.99485586583614 230.9841382894665 672.74114659428596 78.301232784986496 127.50001220405102 569.97396430373192 237.03269713371992 153.6287683583796 32.250730264931917 20.660779336467385 193.52672627009451 284.72434479370713 289.39699487760663 18.956272883340716
leaf_count=266075 1922 30420 63048 5908 6801 7589 3230 4019 2895 1937 34073 2704 1959 2636 2902 2989 1898 1481 5030 428 2367 2783 3349 964 833 163 2244 3117 1978 183
internal_value=-0.000865387 0.027357 -0.0316599 -0.00841318 0.00109953 -0.0213586 0.0437981 0.0247203 -0.0412199 0.0272967 -0.0206593 0.0159955 0.0198199 0.00556372 0.00549003 0.0335911 0.0134297 0.0200479 0.0119726 0.00308252 -0.00191476 0.0173998 0.00239566 -0.0132885 -0.0476752 -0.00877072 9.7515e-05 -0.0132788 0.0029797 -0.0326636
internal_weight=20856.8 10883 9973.86 4069.04 4190.9 2986.71 6692.08 2597.9 1716.44 1082.33 1938.11 2052.91 2252.79 1439.7 1270.27 1235.35 783.124 779.487 1120.16 1017.43 939.132 1032.95 663.885 426.852 5904.82 447.423 424.511 701.621 416.897 1274.23
internal_count=467925 109647 358278 91370 63855 81627 45792 15372 65943 9743 45370 11353 18485 8123 15684 8673 7806 5684 12782 9812 9384 5419 11114 7765 266908 7752 3725 7462 4345 34256
is_linear=0
shrinkage=0.05


Tree=36
num_leaves=31
num_cat=0
split_feature=56 50 48 51 39 51 44 19 58 21 54 25 35 22 47 23 51 27 28 7 43 22 44 36 34 21 56 51 50 20
split_gain=6883.84 2275.97 1012.87 955.722 646.422 499.342 400.27 533.855 348.939 305.215 219.834 216.629 246.79 211.062 417.956 253.395 194.283 180.635 173.85 156.359 154.729 145.947 140.382 136.622 136.359 164.882 125.713 116.64 105.923 100.833
threshold=0.72236764430999767 0.64051282405853283 1.0000000180025095e-35 0.73375529050827037 0.53452381491661083 0.99425286054611217 1.0000000180025095e-35 1.0000000180025095e-35 1.5000000000000002 20.500000000000004 0.61302095651626598 1.5000000000000002 0.46428571641445165 51.500000000000007 1.0000000180025095e-35 43.500000000000007 0.91010102629661571 9.5000000000000018 8.5000000000000018 1.0000000180025095e-35 0.12788605690002444 48.500000000000007 1.5000000000000002 0.78888890147209179 0.14835165441036227 23.500000000000004 0.4548176378011704 0.90054944157600414 0.96824595332145702 16.500000000000004
decision_type=2 2 2 2 2 2 2 2 2 2 2 2 2 2 2 2 2 2 2 2 2 2 2 2 2 2 2 2 2 2
left_child=3 4 5 -1 20 9 7 10 11 29 -5 -6 -13 -4 15 -15 22 26 -10 28 -2 23 -11 -18 25 -16 -8 -17 -9 -3
right_child=1 2 13 6 8 -7 17 19 18 16 -12 12 -14 14 24 27 21 -19 -20 -21 -22 -23 -24 -25 -26 -27 -28 -29 -30 -31
leaf_value=-0.047959717947796854 -0.037762271489005329 0.012981025203155347 0.058327312653685286 -0.04744691155740402 0.033408614083215077 0.055677237079815922 -0.021876880716493779 -0.0097554924174485785 0.046116099696081825 -0.017911827466735874 0.0052426636199249818 -0.043084595067611808 0.041122900739463425 0.046750698757843268 0.055360404621806594 -0.053202580541805593 0.070908204476212447 -0.048732764040399751 -0.018791135623421804 -0.043914529591058168 0.068805559742371597 0.055236992503077967 0.024549229100671869 -0.011124277284062947 0.056509352858245987 -0.043211936185197475 0.06124348255051279 0.040820791793683441 0.023739460324355872 0.048063125295578268
leaf_weight=5379.3732317183167 1543.9862616900355 355.98433831334114 3434.7672431468964 1296.0995851680636 189.38564459979534 666.58853346854448 53.669228406623006 361.56787304393947 607.10830995813012 1310.4743734914809 233.39780534803867 482.43094176054001 105.2706210911274 131.23235848546028 87.511386420577765 212.35034257546067 60.252154044806957 55.596794635057449 123.66593108512461 140.72301218658686 33.944470195099711 212.64636735618114 227.68865177594125 295.2490066960454 1120.6429994665086 80.498103650286794 282.08507683500648 38.254194796085358 676.38549699634314 484.47915711812675
leaf_count=258977 50893 2068 25398 54659 1494 4791 1755 5040 3824 12266 2997 9487 660 901 537 1510 305 1265 1426 2754 417 1100 1475 1510 8729 518 1940 252 5254 3559
internal_value=-0.000852071 0.0238339 0.0368942 -0.0352189 -0.0130668 0.0166307 -0.0130983 -0.0199302 0.0103411 0.00778208 -0.0394084 -0.0129777 -0.0279569 0.0512301 0.0366112 -0.00931584 -0.00238592 0.0341098 0.0351214 0.00535743 -0.0354277 0.0225757 -0.0116146 0.00293891 0.0502164 0.00815537 0.0479315 -0.0387449 0.0120734 0.0332369
internal_weight=20283.3 11804.4 8718.62 8478.9 3085.79 3613.36 3099.52 2708.17 1507.86 2946.77 1529.5 777.087 587.702 5105.26 1670.49 381.837 2106.31 391.351 730.774 1178.68 1577.93 568.148 1538.16 355.501 1288.65 168.009 335.754 250.605 1037.95 840.463
internal_count=467761 133120 64919 334641 68201 27074 75664 70704 16891 22283 57656 11641 10147 37845 12447 2663 16656 4960 5250 13048 51310 2915 13741 1815 9784 1055 3695 1762 10294 5627
is_linear=0
shrinkage=0.05


Tree=37
num_leaves=31
num_cat=0
split_feature=56 50 35 13 45 48 19 28 35 56 49 35 50 50 41 21 25 28 36 7 49 33 12 28 45 49 50 49 32 52
split_gain=6425.4 2139.33 937.988 796.583 645.799 409.197 412.582 372.921 311.996 309.692 240.229 219.61 331.066 202.474 194.218 173.86 163.427 150.74 242.952 149.732 149.148 147.441 132.333 151.617 125.633 120.679 107.95 103.806 103.112 101.324
threshold=0.72236764430999767 0.84292763471603405 0.61250001192092907 1.0000000180025095e-35 1.0000000180025095e-35 1.0000000180025095e-35 1.0000000180025095e-35 5.5000000000000009 0.46428571641445165 0.53371214866638195 0.99425286054611217 0.41428571939468389 0.20204082131385806 0.28831169009208685 0.63397127389907848 15.500000000000002 2.5000000000000004 4.5000000000000009 0.94444444775581371 1.0000000180025095e-35 0.72046512365341198 2.5000000000000004 1.0000000180025095e-35 3.5000000000000004 1.0000000180025095e-35 0.81375637650489818 0.95275297760963451 0.88621979951858532 1.0000000180025095e-35 0.7103942632675172
decision_type=2 2 2 2 2 2 2 2 2 2 2 2 2 2 2 2 2 2 2 2 2 2 2 2 2 2 2 2 2 2
left_child=2 3 25 7 -3 6 9 11 13 -4 16 12 14 -5 -2 -15 29 22 -19 21 -13 26 27 -24 -11 -1 -8 -18 -27 -6
right_child=1 4 5 8 10 -7 19 -9 -10 24 -12 20 -14 15 -16 -17 17 18 -20 -21 -22 -23 23 -25 -26 28 -28 -29 -30 -31
leaf_value=-0.048913642508478933 -0.036659393177718561 0.054785548774160114 -0.047823624939435372 0.035067282283820354 0.095809774317307708 0.052091841204555768 -0.040404423225155604 -0.036399270095256571 0.055501580588047966 0.061665666858160419 0.054310257507773685 0.039359903861893114 -0.042860550452720234 0.022430020394722746 0.03753536444029229 -0.028730000770382132 0.013449332932668527 -0.032986374309913864 0.039297491035475862 -0.042795037126168695 -0.0079002108642944793 0.032901623933873143 -0.038875019019645955 0.024294652399457769 -0.010442693674930168 0.22554520516254592 0.0075081103213066776 0.063335599512096871 -0.0089138799636817572 0.028373965479455799
leaf_weight=5028.7868074774742 123.30527367256582 3855.1352943051606 1170.0398814678192 476.04631363973022 58.698613364249468 224.96072879433632 158.02420599572361 1415.2221353985369 561.15396140143275 71.011885587126017 514.92677482962608 408.15421494096518 538.65277305804193 283.94302678853273 303.24863923341036 397.16805889084935 202.43898572027683 429.97273993492126 158.24734533578157 146.5014987513423 281.52155372872949 443.07221448235214 157.92306873947382 235.11413137614727 373.77276955544949 3.8670653328299514 450.05145461671054 215.56301864236593 127.44845809787512 886.5891791973263
leaf_count=254955 4520 30766 53861 3138 290 2173 3202 41829 3859 555 4030 2759 15563 2264 3100 5930 1149 3240 781 3041 1682 2907 1041 1165 5756 58 5026 1098 3753 4759
internal_value=-0.000880349 0.0232244 -0.0347036 -0.00230984 0.0414314 -0.0126532 -0.0178487 -0.017565 0.0249408 -0.0343332 0.0234145 -0.00144599 -0.0168356 0.0100855 0.0160521 -0.00740069 0.0166086 0.00575053 -0.0135063 0.00438796 0.0200851 0.0109984 0.0197163 -0.00112128 0.00118224 -0.0476783 -0.0049891 0.0392654 -0.000356957 0.0326583
internal_weight=19700.6 11503 8197.54 4788.42 6714.61 3037.43 2812.47 3070.1 1718.31 1614.82 2859.47 1654.88 965.207 1157.16 426.554 681.111 2344.55 1399.26 588.22 1197.65 689.676 1051.15 811.039 393.037 444.785 5160.1 608.076 418.002 131.316 945.288
internal_count=468250 132963 335287 84644 48319 76521 74348 69453 15191 60172 17553 27624 23183 11332 7620 8194 13523 8474 4021 14176 4441 11135 4453 2206 6311 258766 8228 2247 3811 5049
is_linear=0
shrinkage=0.05


Tree=38
num_leaves=31
num_cat=0
split_feature=56 50 52 5 45 48 19 56 51 45 41 35 50 28 42 56 28 25 23 58 21 51 56 45 44 33 49 52 52 36
split_gain=5988.16 1881 993.333 749.118 654.055 412.078 419.54 362.22 282.11 273.034 173.528 168.35 181.233 162.161 141.39 139.78 114.348 107.331 106.703 106.157 104.454 101.559 96.0485 87.7442 88.649 84.3981 84.1709 82.6296 105.032 78.356
threshold=0.73247623443603527 0.84292763471603405 0.81892696022987377 4.5000000000000009 1.0000000180025095e-35 1.0000000180025095e-35 1.0000000180025095e-35 0.54585504531860363 0.98076212406158458 1.0000000180025095e-35 0.76330533623695385 0.94444444775581371 0.9569842815399171 6.5000000000000009 0.0036379732191562657 0.99822065234184276 2.5000000000000004 2.5000000000000004 50.500000000000007 1.5000000000000002 15.500000000000002 0.99425286054611217 0.48549300432205206 1.0000000180025095e-35 1.0000000180025095e-35 3.5000000000000004 0.81872946023941051 0.99425286054611217 0.7103942632675172 0.38750000298023229
decision_type=2 2 2 2 2 2 2 2 2 2 2 2 2 2 2 2 2 2 2 2 2 2 2 2 2 2 2 2 2 2
left_child=2 3 26 9 -3 6 7 -4 11 13 29 27 -13 -2 21 16 -11 -14 23 25 -15 -8 -7 -9 -25 -12 -1 28 -6 -5
right_child=1 4 5 10 8 22 14 18 -10 15 19 12 17 20 -16 -17 -18 -19 -20 -21 -22 -23 -24 24 -26 -27 -28 -29 -30 -31
leaf_value=-0.048632192883691111 0.037104814315501222 0.054149162151397146 -0.047262520903452843 -0.041860182656907066 0.089317872545081334 -0.021096062597082337 -0.02262059747684525 0.06171664716437273 0.053492288513692289 0.0098304909706134896 0.025170381942715838 -0.02159221230995962 0.034760648208260157 0.028851338867939971 0.026378183432641519 0.053654568829011706 -0.02369657109873655 0.0035078616525895043 -0.046851329836741888 0.023051722790215529 -0.015180066295824572 0.013665410513729957 0.060960613695990332 -0.011966795293347236 0.048372260995980243 -0.032768525935937536 0.15292308926506457 0.076246328011108699 0.019580146689446548 0.010440011766736968
leaf_weight=4726.2674696724862 1191.1158356163651 3683.7398343198001 1299.3161849230528 1082.788625035435 60.219736646860838 42.09540218859911 490.57456012256444 76.335241122171283 568.00426010787487 430.9447422735393 78.292557466775179 447.43426072411239 454.03450674936175 239.23530189320445 457.15774201229215 93.2081528455019 617.9544182009995 693.9060938693583 87.303006203845143 212.70151153020561 305.62622931227088 316.44428065419197 217.55603586323559 252.03096964396536 79.157934337854385 305.2225756328553 4.2433108370751134 104.77480078116059 467.80971858091652 76.300561361014843
leaf_count=251248 8736 30568 63110 42097 301 1081 9031 545 4565 3524 857 3121 2243 1483 3447 647 10398 3952 1596 2333 3343 3270 1562 3834 476 6820 111 539 2608 776
internal_value=-0.000867865 0.022918 -0.0337101 -0.00140891 0.0403102 -0.0127308 -0.0178691 -0.0334074 0.0220657 0.0142905 -0.0271439 0.0140341 0.00536982 0.0267763 0.00419204 -0.00469437 -0.00992559 0.0158885 0.00299542 -0.00521159 0.00417048 -0.008393 0.0476275 0.0137625 0.00255713 -0.0209059 -0.0484191 0.0358349 0.0276873 -0.0384113
internal_weight=19161.8 11113.3 8048.48 4633.39 6479.92 3317.97 3058.32 1794.14 2796.18 2878.08 1755.31 2228.18 1595.37 1735.98 1264.18 1142.11 1048.9 1147.94 494.827 596.217 544.862 807.019 259.651 407.524 331.189 383.515 4730.51 632.804 528.029 1159.09
internal_count=468222 128911 339311 81014 47897 87952 85309 69561 17329 28131 52883 12764 9316 13562 15748 14569 13922 6195 6451 10010 4826 12301 2643 4855 4310 7677 251359 3448 2909 42873
is_linear=0
shrinkage=0.05


Tree=39
num_leaves=31
num_cat=0
split_feature=56 50 51 44 48 28 44 19 51 41 54 35 58 27 25 44 51 42 45 21 56 45 54 50 21 51 49 38 51 50
split_gain=5515.22 1787.43 981.599 771.665 579.681 428.334 394.335 473.957 256.349 237.613 236.583 184.759 389.477 166.423 156.566 144.457 142.393 136.821 128 123.694 119.744 110.793 110.564 100.467 90.0883 87.2243 85.9714 84.8251 80.1237 78.1899
threshold=0.73247623443603527 0.87298336625099193 0.71503761410713207 1.0000000180025095e-35 1.0000000180025095e-35 5.5000000000000009 1.0000000180025095e-35 1.0000000180025095e-35 0.99425286054611217 0.85092595219612133 0.61302095651626598 0.46428571641445165 1.5000000000000002 9.5000000000000018 1.5000000000000002 1.5000000000000002 0.8874824345111848 0.0036379732191562657 1.0000000180025095e-35 16.500000000000004 0.45954339206218725 1.0000000180025095e-35 0.97570812702178966 0.59611794352531444 16.500000000000004 0.94474968314170849 0.76506900787353527 11.500000000000002 0.94312667846679699 0.58745098114013683
decision_type=2 2 2 2 2 2 2 2 2 2 2 2 2 2 2 2 2 2 2 2 2 2 2 2 2 2 2 2 2 2
left_child=2 3 -1 9 8 11 7 10 15 16 -4 12 19 20 -7 18 -2 25 -3 23 -8 -11 24 -5 -20 -9 -13 -28 -12 -16
right_child=1 4 6 5 -6 14 13 17 -10 21 28 26 -14 -15 29 -17 -18 -19 22 -21 -22 -23 -24 -25 -26 -27 27 -29 -30 -31
leaf_value=-0.047599407795209728 -0.036932742429554792 0.037702151474970913 -0.046667860039910754 -0.014922584992491883 0.053604890842474051 0.029146446565648999 -0.019914794436374054 -0.022039543849944835 0.053501782362372664 0.044035573299259653 -0.014602693903607633 0.052668828875967313 0.043935276659916971 -0.044556472908997252 -0.029712565095821614 0.048488764257717747 0.027246339896196538 0.027661319174123108 0.029587431790205468 -0.035920110632441118 0.060477067006941942 -0.028153053758363307 0.055877058145201955 0.07675527282982772 -0.0077541257229493139 0.012181493944119746 0.043665296846446378 -0.012172882456266125 0.042894934436479258 -0.00068623669341156786
leaf_weight=4681.4258761107922 1479.8362377714366 296.63600341230631 1198.1898415610194 72.138851445168257 3494.6647347137332 217.54348689503968 54.516100332140923 438.21479426138103 502.02422848343849 160.18742126040161 171.74273558147252 744.91427068226039 492.42959823645651 55.922809228301048 562.39346918649971 253.07431134209037 91.08336191624403 432.11461484245956 188.65412140637636 332.98826351203024 291.995022919029 78.476371364668012 86.512243434786797 49.705497615039349 1087.9336609840393 322.39012095704675 158.82287552580237 117.78705685399473 92.345809729769826 394.52779924310744
leaf_count=258637 43488 1893 57484 1177 29511 2215 1909 7646 4144 1358 2491 5074 3972 1372 12735 1329 551 2904 945 5946 2120 1083 422 293 6770 3300 1149 699 893 3931
internal_value=-0.000957458 0.0220222 -0.0332106 -0.000133579 0.0405882 0.0148398 -0.0111706 -0.0181635 0.0217364 -0.0261363 -0.0372329 0.0290903 0.0131636 0.0348945 -0.00905304 0.0133759 -0.0331966 0.00522719 0.00799591 -0.020175 0.0478082 0.0202804 0.00150838 0.0227971 -0.00221695 -0.00753766 0.0438319 0.0199299 0.0055889 -0.0177585
internal_weight=18601.2 10862.3 7738.86 4952.83 5909.5 3143.25 3057.43 2655 2414.83 1809.58 1462.28 1968.79 947.262 402.434 1174.46 1912.81 1570.92 1192.72 1659.74 454.833 346.511 238.664 1363.1 121.844 1276.59 760.605 1021.52 276.61 264.089 956.921
internal_count=467441 128685 338756 83671 45014 37191 80119 74718 15503 46480 60868 18310 11388 5401 18881 11359 44039 13850 10030 7416 4029 2441 8137 1470 7715 10946 6922 1848 3384 16666
is_linear=0
shrinkage=0.05


Tree=40
num_leaves=31
num_cat=0
split_feature=56 50 13 52 51 21 43 44 19 44 54 50 27 34 25 30 42 56 36 28 28 22 51 51 32 50 20 34 52 31
split_gain=5194.62 1671.66 1007.61 972.508 516.345 485.534 441.283 363.336 477.655 261.252 246.435 235.606 164.476 159.023 176.631 157.713 135.412 120.058 112.705 185.537 129.61 132.551 106.787 98.4855 97.8819 104.378 194.848 142.632 95.8244 90.5583
threshold=0.73247623443603527 0.61167800426483165 1.0000000180025095e-35 0.81892696022987377 0.91010102629661571 20.500000000000004 0.06250630691647531 1.0000000180025095e-35 1.0000000180025095e-35 1.0000000180025095e-35 0.61302095651626598 0.28831169009208685 9.5000000000000018 0.14835165441036227 1.5000000000000002 0.20204082131385806 0.0021254009334370498 0.4548176378011704 0.94444444775581371 5.5000000000000009 5.5000000000000009 42.500000000000007 0.99425286054611217 0.27334994077682501 1.0000000180025095e-35 0.9941176474094392 16.500000000000004 0.63068181276321422 0.79759037494659435 0.33213429152965551
decision_type=2 2 2 2 2 2 2 2 2 2 2 2 2 2 2 2 2 2 2 2 2 2 2 2 2 2 2 2 2 2
left_child=3 6 4 -1 5 24 9 8 10 -2 -5 15 17 14 -13 -11 -10 -9 19 28 -20 -22 -6 29 -3 27 -27 -26 -7 -8
right_child=1 2 -4 7 22 18 23 12 16 11 -12 13 -14 -15 -16 -17 -18 -19 20 -21 21 -23 -24 -25 25 26 -28 -29 -30 -31
leaf_value=-0.048087000258326587 -0.04101777387627447 0.077095828373480335 0.052571622890613595 -0.046459839478328033 0.026968824335067268 -0.028619657957629791 0.041191846685779687 -0.019869300403603907 -0.0088334005025227959 0.036173641959631207 0.0059074121425023701 0.015484769238716231 -0.043387018564485097 0.044339953308344143 -0.047209081927971026 -0.018398914146275928 0.02467605193242756 0.05866968505275965 -0.018056181466803569 -0.037513144422886245 0.088890364758828708 0.0099365360417811716 0.053937474447738269 -0.0083364022653340669 0.029323005892623585 0.0090595663346076469 0.072373415713210626 -0.035037137803476802 0.01008951445165631 0.1519349357798282
leaf_weight=4316.0460202097893 955.66294993460178 110.0072208121419 3645.0231448784471 1240.299775486812 719.53838799148798 224.05016795359552 299.7380489371717 57.915178848430514 741.19176118448377 377.6260328348726 274.04726232774556 143.55897499248385 60.229957953095436 72.253352800384164 508.92502734623849 202.80487322434783 506.77886472456157 289.95947808586061 202.23072027415037 638.0415403842926 78.767137449234724 160.26026909425855 756.8028412759304 101.09274111501873 253.27649643272161 230.82530830055475 256.37383883818984 129.17522188462317 551.09341968223453 18.881964268162847
leaf_count=251311 36168 1455 32228 62510 3897 3399 2157 2160 11675 3632 3714 1735 1589 549 13026 3859 3963 2223 1246 7240 414 866 6371 1815 1784 1178 1448 863 3273 203
internal_value=-0.000739405 0.0217187 0.0332238 -0.0326442 0.0168545 0.00435999 -0.0124267 -0.0116126 -0.0181202 -0.0211688 -0.0369854 -0.00661483 0.0323715 -0.0256106 -0.0334126 0.0171069 0.00478306 0.0455748 -0.0106819 -0.017567 0.0113584 0.0362163 0.0408207 0.0346023 0.0328153 0.0271319 0.0424566 0.00755032 -0.00112158 0.0482095
internal_weight=18122.5 10636 7955.47 7486.47 4310.44 2834.1 2680.54 3170.42 2762.32 2260.83 1514.35 1305.17 408.105 724.737 652.484 580.431 1247.97 347.875 1854.44 1413.19 441.258 239.027 1476.34 419.713 979.658 869.651 487.199 382.452 775.144 318.62
internal_count=467951 128806 65662 339145 33434 23166 63144 87834 81862 58969 66224 22801 5972 15310 14761 7491 15638 4383 16438 13912 2526 1280 10268 4175 6728 5273 2626 2647 6672 2360
is_linear=0
shrinkage=0.05


Tree=41
num_leaves=31
num_cat=0
split_feature=56 50 52 5 45 45 28 44 51 56 27 21 45 56 35 41 50 7 56 27 51 35 59 60 34 50 54 26 52 34
split_gain=4836.63 1661.45 870.918 663.508 589.868 321.89 296.285 258.876 236.27 235.362 218.035 183.862 164.442 152.801 141.297 133.149 128.117 118.159 99.8437 99.0412 88.9384 87.6861 216.562 79.0268 78.8214 77.6825 75.6714 75.3523 73.7489 77.1738
threshold=0.72236764430999767 0.85912698507308971 0.88548010587692272 5.5000000000000009 1.0000000180025095e-35 1.0000000180025095e-35 5.5000000000000009 1.0000000180025095e-35 0.99425286054611217 0.48799693584442144 3.5000000000000004 15.500000000000002 1.0000000180025095e-35 0.98421010375022899 0.86607143282890331 0.76330533623695385 0.97259759902954113 1.0000000180025095e-35 0.98687082529068004 9.5000000000000018 0.8874824345111848 0.41428571939468389 1.0000000180025095e-35 1.0000000180025095e-35 0.31666667759418493 0.56562754511833202 0.69255909323692333 8.5000000000000018 0.99425286054611217 0.19090909510850909
decision_type=2 2 2 2 2 2 2 2 2 2 2 2 2 2 2 2 2 2 2 2 2 2 2 2 2 2 2 2 2 2
left_child=2 3 -1 6 -3 9 12 26 13 10 17 -8 21 14 28 24 27 -4 20 -9 -14 22 -2 -17 -5 -24 -7 -16 29 -6
right_child=1 4 5 15 8 7 11 19 -10 -11 -12 -13 18 -15 16 23 -18 -19 -20 -21 -22 -23 25 -25 -26 -27 -28 -29 -30 -31
leaf_value=-0.046621630495161326 0.04695256019494224 0.052829010937362676 0.011757092822555059 -0.042451207583363418 0.073761912639926194 -0.045747032694557689 0.021101288390713499 0.034229335791977192 0.051522407657984305 0.05761570834647909 -0.048050345406980111 -0.022849102296502617 -0.0068271754561452045 0.056425141153033709 -0.037026988691604562 -0.022669751011099359 0.011464077641315313 -0.039778037905270069 0.054628930291912604 -0.047559070876708139 0.040200556340012246 0.047900569095984814 -0.040044717127408307 0.018572184903998243 0.014603635190493985 0.015869966253998256 0.0063419029111411208 0.0044943003352569044 0.074900419570508997 0.014058174632591364
leaf_weight=4389.5995570961386 334.86092463694513 3198.775000018999 1013.0428754240274 964.99808009155095 63.206117166206241 879.92947519384325 342.93824530020356 181.51723276264966 502.76728034764528 182.33773302473128 221.10181860812008 771.75852186605334 663.9733216445893 186.80990089476109 276.37530449777842 310.77086290903389 961.44916447252035 123.94518827833235 93.764824530109763 45.504099257290363 117.44312287867069 612.32793857343495 135.13448327034712 184.20556129142642 64.10933993011713 113.47594110108912 75.469617631286383 179.96694140508771 82.878569941967726 350.04898334108293
leaf_count=260772 2134 29751 10100 42255 332 44052 3640 2613 4503 1693 11141 12710 7346 1014 2323 6727 5160 2745 536 1263 692 4671 2018 2114 647 785 726 1020 437 1950
internal_value=-0.00100318 0.0205413 -0.0328438 -0.00152254 0.0384479 -0.0106232 0.0114579 -0.0302337 0.0207651 0.00443951 -0.00273709 -0.0093209 0.0226412 0.0133829 0.00915449 -0.0286444 0.00111118 0.00610913 0.00616139 0.017699 0.000283212 0.0346871 0.020762 -0.00731506 -0.0388862 -0.0145616 -0.0416301 -0.0206783 0.0320912 0.0233457
internal_weight=17624.5 10512 7112.45 4709.76 5802.28 2722.85 3185.68 1182.42 2603.5 1540.43 1358.09 1114.7 2070.98 2100.73 1913.93 1524.08 1417.79 1136.99 875.181 227.021 781.416 1195.8 583.471 494.976 1029.11 248.61 955.399 456.342 496.134 413.255
internal_count=467870 132765 335105 86275 46490 74333 34532 48654 16739 25679 23986 16350 18182 12236 11222 51743 8503 12845 8574 3876 8038 9608 4937 8841 42902 2803 44778 3343 2719 2282
is_linear=0
shrinkage=0.05


Tree=42
num_leaves=31
num_cat=0
split_feature=56 50 52 6 48 45 51 28 44 7 56 27 41 44 25 58 50 13 45 54 13 30 27 41 38 51 58 22 30 25
split_gain=4480.78 1603.89 826.329 666.137 631.191 309.946 262.489 262.178 225.002 215.395 193.938 170.943 142.293 138.799 133.273 167.582 198.927 138.48 109.775 110.609 108.173 90.3146 87.5983 125.706 83.4826 74.9919 97.3234 92.1704 73.9229 73.6014
threshold=0.70801955461502086 0.8521554470062257 0.88548010587692272 5.5000000000000009 1.0000000180025095e-35 1.0000000180025095e-35 0.99425286054611217 3.5000000000000004 1.0000000180025095e-35 1.0000000180025095e-35 0.47643721103668218 3.5000000000000004 0.73879140615463268 1.5000000000000002 1.5000000000000002 3.5000000000000004 0.54261502623558056 1.0000000180025095e-35 1.0000000180025095e-35 0.97570812702178966 1.0000000180025095e-35 0.13397436589002612 7.5000000000000009 0.86811593174934398 16.500000000000004 0.86706829071044933 1.5000000000000002 49.500000000000007 0.4236596822738648 3.5000000000000004
decision_type=2 2 2 2 2 2 2 2 2 2 2 2 2 2 2 2 2 2 2 2 2 2 2 2 2 2 2 2 2 2
left_child=2 3 -1 7 6 9 13 20 -7 10 11 -4 -5 18 -9 16 -16 -18 22 29 25 -14 -3 -24 -10 26 27 -2 -17 -20
right_child=1 4 5 12 -6 8 -8 14 24 -11 -12 -13 21 -15 15 28 17 -19 19 -21 -22 -23 23 -25 -26 -27 -28 -29 -30 -31
leaf_value=-0.046759073084123505 0.020657821559016472 0.053898331046848227 0.012119745995536993 -0.039184505567392641 0.05147555932641127 -0.041714215312659404 0.051224144125443676 0.032727802191359505 0.039953878682189282 -0.041737221995693907 0.067601498904613241 -0.04727416596106454 0.014536928821378556 0.043900744349118032 -0.043087999020256403 0.048936085877928318 -0.017373622274854405 0.030467040575240578 0.0033358194074104494 0.052041245340078916 0.039942485210088835 -0.02467881627224711 -0.051309173638057717 0.049495862793728043 -0.025723268393745141 0.046351684340099536 0.037192738280719062 -0.023861868099646633 -0.054610010819149672 -0.022230148193444016
leaf_weight=4094.7742585204542 196.3215662445873 185.64901275187731 1014.328949501738 1035.2043283227831 3299.4530180804431 897.04419387876987 485.87673377245665 215.21702325064689 131.67265204899013 219.14757203869522 137.83282391447574 136.56762439757586 247.43216582015157 266.74255383759737 434.53886807337403 146.38382075633854 399.54110491834581 242.04923163354397 974.16467685997486 92.921772785484791 734.93602611217648 358.23612774536014 60.495288489386439 61.215146772563457 75.306626698933542 140.96167158335447 182.99554031342268 282.0908112404868 18.681951579637825 394.81653681211174
leaf_count=255017 2269 1235 10075 45361 30910 44650 4365 1675 1642 7308 1213 6968 3206 1448 10579 1318 4799 1727 5672 465 6023 8937 389 456 2121 874 1263 2787 320 2819
internal_value=-0.00084774 0.0196127 -0.0327444 -0.00233498 0.0370835 -0.0107636 0.018241 0.0116983 -0.0308801 0.00397587 0.0117757 0.00503703 -0.0279298 0.0103485 -0.00350381 -0.00980748 -0.0170085 0.000694285 0.00526809 -0.000449983 0.0260935 -0.00866055 0.0323784 -0.000618367 0.0160493 0.0133744 0.00628685 -0.00558776 0.0369586 -0.00404829
internal_weight=17162.6 10455.9 6706.67 4634.59 5821.33 2611.9 2521.88 2993.72 1104.02 1507.88 1288.73 1150.9 1640.87 2036 1456.41 1241.19 1076.13 641.59 1769.26 1461.9 1537.31 605.668 307.359 121.71 206.979 802.37 661.408 478.412 165.066 1368.98
internal_count=467891 138897 328994 91138 47759 73977 16849 33634 48413 25564 18256 17043 57504 12484 20418 18743 17105 6526 11036 8956 13216 12143 2080 845 3763 7193 6319 5056 1638 8491
is_linear=0
shrinkage=0.05


Tree=43
num_leaves=31
num_cat=0
split_feature=56 50 51 44 48 28 44 19 51 54 5 38 34 58 43 32 20 7 21 21 21 50 22 58 28 21 51 36 20 20
split_gain=4195.49 1431.92 865.005 641.083 557.944 333.83 282.849 397.866 218.22 195.949 153.095 131.841 124.764 257.532 115.695 114.944 150.942 110.436 108.745 90.4279 86.6545 92.9934 163 159.062 84.5992 80.8922 74.2766 73.1894 72.1459 70.3566
threshold=0.72236764430999767 0.87298336625099193 0.71503761410713207 1.0000000180025095e-35 1.0000000180025095e-35 3.5000000000000004 1.0000000180025095e-35 1.0000000180025095e-35 0.99425286054611217 0.55585265159606945 5.5000000000000009 16.500000000000004 0.31666667759418493 1.5000000000000002 0.14298191666603091 2.5000000000000004 22.500000000000004 1.0000000180025095e-35 16.500000000000004 12.500000000000002 12.500000000000002 0.56562754511833202 46.500000000000007 3.5000000000000004 2.5000000000000004 23.500000000000004 0.88047617673873912 0.38750000298023229 23.500000000000004 12.500000000000002
decision_type=2 2 2 2 2 2 2 2 2 2 2 2 2 2 2 2 2 2 2 2 2 2 2 2 2 2 2 2 2 2
left_child=2 3 -1 10 8 12 7 9 15 -4 24 -8 13 19 20 16 18 26 29 -5 -7 23 -23 -22 -2 28 -9 -16 -17 -3
right_child=1 4 6 5 -6 14 11 17 -10 -11 -12 -13 -14 -15 27 25 -18 -19 -20 -21 21 22 -24 -25 -26 -27 -28 -29 -30 -31
leaf_value=-0.046933162754221491 0.0076962571729938985 -0.0020584742509198988 -0.047897511671520836 0.056828733416412772 0.05144621668488019 0.017480429144846332 0.048111126169407464 -0.0087417597743025318 0.05060261135211206 -0.0021778671607823458 -0.040392285073835819 -0.022602221413970936 0.04401995211682154 0.042260658800902101 0.062147247659828 0.0058269180661414226 0.043688129589212948 -0.041200639429139284 -0.0089370373460381045 -0.026805419310784753 -0.044450214995659057 0.045988802464336349 -0.016695831263342793 0.013867408046352891 -0.023488406264535668 -0.01103534478233373 0.018987096845810333 -0.012576923745910677 0.080033750401537304 0.055857419486540577
leaf_weight=3854.7751938709989 372.33814325556159 83.579153463244438 922.48664151597768 35.382054321467876 3029.0521052926779 268.1597641678527 272.0096661709249 369.03182836435735 437.82630491256714 314.18723019398749 822.9717129888013 86.230419870465994 777.507727464661 395.2601230731234 101.60999402776361 101.85188474133611 459.34509651362896 119.12403410486877 417.05471549928188 292.08864831365645 412.00408882368356 145.09291340969503 356.44879591744393 162.54597326088697 520.60784670617431 632.65351996943355 695.25496127083898 47.71131170168519 47.403633162379265 139.42862305790186
leaf_count=254843 3578 427 54521 308 29627 3387 2904 6072 4152 6097 36027 2359 5713 3133 710 586 2726 2784 2596 5090 11366 1162 4071 2793 9706 4124 5051 385 263 790
internal_value=-0.000741112 0.0196157 -0.031607 -0.000488963 0.0373171 0.0134757 -0.0103334 -0.0164733 0.0188487 -0.0362932 -0.0248472 0.0310745 0.0301266 0.0151402 -0.00325853 0.0114359 0.0218513 0.00425186 0.00613623 -0.0176235 -0.00790514 -0.0142415 0.00149387 -0.0279561 -0.010491 -0.00321794 0.00937319 0.0383465 0.0297708 0.0342393
internal_weight=16691 10057.9 6633.1 4709.73 5348.2 2993.81 2778.32 2420.08 2319.14 1236.67 1715.92 358.24 1500.24 722.731 1493.57 1881.32 1099.41 1183.41 640.062 327.471 1344.25 1076.09 501.542 574.55 892.946 781.909 1064.29 149.321 149.256 223.008
internal_count=467351 132720 334631 87429 45291 38118 79788 74525 15664 60618 49311 5263 14244 8531 23874 11512 6539 13907 3813 5398 22779 19392 5233 14159 13284 4973 11123 1095 849 1217
is_linear=0
shrinkage=0.05


Tree=44
num_leaves=31
num_cat=0
split_feature=39 52 50 45 56 23 45 51 35 50 56 45 21 51 56 50 50 42 25 35 50 13 27 41 23 54 51 52 41 30
split_gain=3946.63 1134.27 1071.82 520.565 435.379 518.221 422.089 202.88 200.646 227.143 190.942 189.921 188.186 142.499 126.235 123.601 121.68 118.487 109.665 104.346 102.051 99.0488 126.298 107.227 98.283 91.5428 89.6732 84.2178 79.1506 74.0918
threshold=0.32795698940753942 0.78629976511001598 0.85912698507308971 1.0000000180025095e-35 0.5397799313068391 1.0000000180025095e-35 1.0000000180025095e-35 0.99425286054611217 0.41428571939468389 0.28831169009208685 0.99822065234184276 1.0000000180025095e-35 17.500000000000004 0.91715687513351452 0.98421010375022899 0.89022758603096019 0.54261502623558056 0.0024478749837726359 1.5000000000000002 0.86607143282890331 0.95861870050430309 1.0000000180025095e-35 7.5000000000000009 0.87228259444236766 56.500000000000007 0.99820789694786083 0.96178188920021068 0.96609193086624157 0.21807064861059192 0.14760348945856097
decision_type=2 2 2 2 2 2 2 2 2 2 2 2 2 2 2 2 2 2 2 2 2 2 2 2 2 2 2 2 2 2
left_child=1 15 6 -4 5 17 8 14 9 29 13 -6 16 25 19 -1 18 27 -11 -5 -21 22 -10 -24 26 -8 -13 -3 -7 -2
right_child=2 4 3 7 11 28 10 -9 21 12 -12 24 -14 -15 -16 -17 -18 -19 -20 20 -22 -23 23 -25 -26 -27 -28 -29 -30 -31
leaf_value=-0.047310600451037792 0.045859964209170948 -0.041157084340346824 0.051526062652152586 0.028550306413121652 0.052096661967487773 -0.049080531019326204 -0.023107208821801228 0.052220369488055023 0.061032144922841459 0.026514681358606119 0.041741155162404737 0.00034891081051654734 -0.032599399681102516 0.045823931368175426 0.052115121404779821 0.066939109700257612 0.05767367241100977 0.02091219327306236 -0.038325297156544022 -0.024587153016478128 0.0085414197918715958 0.05047981742609458 -0.059473925994509381 0.055016879449660987 -0.051946651063644905 0.12773585651654548 0.03765566879585814 -0.001306665783182569 -0.0059601667253530348 0.0090998091200328139
leaf_weight=3830.3784683858976 339.64624523278326 170.10629041492939 2767.3789280094206 423.28512333519757 295.98518800735474 998.47002466302365 1679.0861024335027 372.5721333399415 63.023863546550274 140.17021879274398 138.0500337574631 583.02690815087408 432.62774324044585 79.713680744171143 173.10464944690466 22.988650703802705 117.391112674959 506.96825050748885 120.20520257484168 316.83463111147285 864.44789380580187 525.56515982560813 74.161421214230359 27.210678331553936 66.994700491428375 9.1405610144138318 221.57300987094641 589.1392202116549 119.43679279275239 230.37266397848725
leaf_count=259181 2614 4714 29029 2308 2539 63163 40308 3867 400 1177 1284 6459 9027 509 992 621 852 4469 2857 2310 4714 4470 394 148 1502 72 2213 8180 5162 2437
internal_value=-0.000866095 -0.0278282 0.0215829 0.0371885 -0.00744172 -0.01969 0.00227881 0.0187206 0.0179049 0.00688959 -0.0146954 0.0175638 -0.0101185 -0.0191234 0.0116741 -0.0466118 0.0156453 0.00221697 -0.00345152 0.00728152 -0.000357355 0.0399014 0.0059822 -0.0285047 0.00579056 -0.0222154 0.0106565 -0.0102774 -0.044483 0.0310453
internal_weight=16299.1 7405.07 8893.99 4917.62 3551.7 2384.12 3976.36 2150.24 2070.37 1380.41 1905.99 1167.58 810.394 1767.94 1777.67 3853.37 377.767 1266.21 260.375 1604.57 1181.28 689.961 164.396 101.372 871.595 1688.23 804.6 759.246 1117.91 570.019
internal_count=467972 358203 109769 43220 98401 85688 66549 14191 24376 18964 42173 12713 13913 40889 10324 259802 4886 17363 4034 9332 7024 5412 942 542 10174 40380 8672 12894 68325 5051
is_linear=0
shrinkage=0.05


Tree=45
num_leaves=31
num_cat=0
split_feature=56 13 51 32 35 45 5 0 44 21 51 56 50 50 21 50 58 50 38 21 43 49 25 32 38 7 23 49 32 23
split_gain=3652.19 1302.78 817.732 809.858 514.091 287.116 243.709 223.521 212.925 199.79 193.386 135.61 127.922 153.615 130.192 161.912 119.577 120.1 137.119 115.31 114.8 102.654 102.317 101.829 93.9201 105.971 87.6138 82.2218 102.374 81.8268
threshold=0.71865645051002514 1.0000000180025095e-35 0.86240702867507946 1.5000000000000002 0.30952382087707525 1.0000000180025095e-35 6.5000000000000009 3.5000000000000004 1.0000000180025095e-35 17.500000000000004 0.99425286054611217 0.47643721103668218 0.82247900962829601 0.28831169009208685 22.500000000000004 0.54261502623558056 1.5000000000000002 0.58898946642875682 10.500000000000002 29.500000000000004 0.071481905877590193 0.81375637650489818 1.5000000000000002 1.0000000180025095e-35 8.5000000000000018 1.0000000180025095e-35 50.500000000000007 0.47478812932968145 1.0000000180025095e-35 16.500000000000004
decision_type=2 2 2 2 2 2 2 2 2 2 2 2 2 2 2 2 2 2 2 2 2 2 2 2 2 2 2 2 2 2
left_child=3 2 6 21 12 7 9 24 -7 27 19 29 13 -3 15 22 17 -11 -19 -4 -8 -1 -15 -23 25 -5 -10 -2 -29 -9
right_child=1 4 10 5 -6 8 20 11 26 16 -12 -13 -14 14 -16 -17 -18 18 -20 -21 -22 23 -24 -25 -26 -27 -28 28 -30 -31
leaf_value=-0.047639884461134034 -0.0040025205820738837 0.028976310460474677 0.027988213486370702 0.019768455388784231 0.052234897113685869 -0.040915714254331582 -0.032990605452356575 0.022404976204144438 0.031529419675254577 -0.047616783793888402 0.050818726472400259 0.075933534097911343 0.054943445940295599 0.0191168548460635 -0.040672908010911474 0.05628913652287252 0.018575302743155823 0.0086784182723814128 -0.023257204087992041 -0.0023369504538907921 0.038848820306138523 0.21541579571481836 -0.04247237940320462 -0.014129828392959995 -0.029564821916021247 -0.037190483669549045 -0.045620318315186981 0.11667114994039528 0.028804400759065471 -0.044600321900616816
leaf_weight=3513.3351408280432 174.69503965508193 445.8215547055006 935.14587025716901 301.31163457687944 2755.2074601333588 813.27352368831635 1146.134992018342 497.69249207153916 169.44648452289402 241.88632819801569 650.08029755949974 114.73366492893547 157.5962171331048 125.67936076410115 216.2308972524479 117.87221963703632 311.82767397444695 591.46973460260779 776.27386485598981 471.06493473425508 57.629959484562278 3.9798812177032223 143.41600718908012 162.22263144236058 400.98192723374814 110.88966291211545 45.992997521534562 35.914212299510837 342.34490669425577 49.216676969081163
leaf_count=253345 4287 3177 5317 3154 29999 44460 46235 3375 2651 7941 6454 1141 1374 778 3723 768 3858 4758 6751 2944 809 61 2897 5201 13958 2962 1326 281 2170 2063
internal_value=-0.000874915 0.0182728 0.00303747 -0.0309004 0.0403185 -0.00895745 -0.0110796 0.00518493 -0.0292182 -0.00209931 0.0282823 0.0267438 0.0130877 0.00675326 -0.00969247 0.00767908 -0.00972199 -0.015212 -0.00945065 0.0178352 -0.0295219 -0.0458238 -0.0137432 -0.00737766 -0.0123676 0.00439254 0.0149245 0.0243584 0.0374326 0.0163047
internal_weight=15879.4 9696.29 5734.47 6183.08 3961.82 2503.54 3678.18 1474.83 1028.71 2474.41 2056.29 661.643 1206.62 1049.02 603.198 386.968 1921.46 1609.63 1367.74 1406.21 1203.76 3679.54 269.095 166.203 813.183 412.201 215.439 552.954 378.259 546.909
internal_count=468218 134521 91805 333697 42716 75090 77090 26653 48437 30046 14715 6579 12717 11343 8166 4443 23308 19450 11509 8261 47044 258607 3675 5262 20074 6116 3977 6738 2451 5438
is_linear=0
shrinkage=0.05


Tree=46
num_leaves=31
num_cat=0
split_feature=39 13 52 51 52 39 31 50 36 28 8 51 54 44 41 20 45 49 42 50 58 21 50 25 28 44 30 25 7 25
split_gain=3367.89 1058.75 1012.82 643.203 514.539 339.684 425.838 219.92 216.104 204.564 148.915 139.958 131.135 113.122 118.249 107.009 106.164 102.903 102.878 102.418 110.6 191.165 130.494 123.05 91.4435 91.0949 84.9612 84.6871 80.0393 77.7697
threshold=0.29520697891712194 1.0000000180025095e-35 0.7897985875606538 0.89512962102890026 0.75181159377098095 0.15075758099555972 0.82185000181198131 0.96178188920021068 0.94444444775581371 6.5000000000000009 1.0000000180025095e-35 0.99425286054611217 0.53178024291992199 1.0000000180025095e-35 0.85092595219612133 17.500000000000004 1.0000000180025095e-35 0.81375637650489818 0.050097465515136726 0.83225107192993175 1.5000000000000002 22.500000000000004 0.53907206654548656 1.5000000000000002 5.5000000000000009 1.0000000180025095e-35 0.41240409016609197 1.5000000000000002 1.0000000180025095e-35 2.5000000000000004
decision_type=2 2 2 2 2 2 2 2 2 2 2 2 2 2 2 2 2 2 2 2 2 2 2 2 2 2 2 2 2 2
left_child=2 3 17 7 19 6 12 9 24 13 16 -5 -4 14 -2 -10 -7 -1 28 20 21 22 23 -3 -9 -14 -22 -11 29 -8
right_child=1 4 5 11 -6 10 18 8 15 27 -12 -13 25 -15 -16 -17 -18 -19 -20 -21 26 -23 -24 -25 -26 -27 -28 -29 -30 -31
leaf_value=-0.046896572010464092 -0.023462261981115191 0.025328304934792691 -0.047488630948097472 0.020542989734842476 0.052418562152371041 0.063561703300924199 -0.0065120013073904654 0.056272131223614408 0.0075577371515920012 0.0088607142458499415 -0.015555638934528307 0.053262137286535408 -0.019762900032997553 0.010299571754601281 0.024016557763934465 0.053505678208863421 0.018581886360467554 0.13474807910130912 0.075161906687790297 0.056450676611431438 0.035487200871577272 -0.041229607705040812 0.0468191499756586 -0.036315355298626645 -0.033627972602514301 0.062999102016467787 -0.057871081831140717 -0.035307187647055191 -0.039604951539787304 0.020549525081725542
leaf_weight=3410.4868977377191 737.13964274339378 161.60579565912485 927.09967378992587 818.96633850410581 2543.5123588722199 185.27252522204071 682.89681274816394 31.680267512798309 212.47731813043356 122.08817456196994 223.95404536742717 545.39153221994638 173.80412530899048 864.95461351890117 158.62110662646592 314.31187058798969 448.34062066115439 6.8805544348433605 46.130016858689487 123.59628059528768 381.53303083498031 224.52453487645835 189.47210576850921 160.25004859920591 212.64597500488162 40.061500040814281 25.142467531375587 951.17688167002052 115.19854202866554 433.00508267711848
leaf_count=253808 15994 1057 62310 4677 29253 1583 12189 174 1105 4014 3442 5788 6128 9772 1369 1923 4267 118 266 1106 2588 4402 1331 3573 1446 449 240 27862 2954 2684
internal_value=-0.000738222 0.0196295 -0.0274527 0.00442444 0.0394573 -0.00758263 -0.0171696 -0.00664294 0.0170167 -0.0130844 0.0194395 0.0336516 -0.0393549 -0.00259174 -0.0150373 0.0350223 0.0318137 -0.0464915 0.00266416 0.0133987 0.00869613 -0.00287421 0.0140153 -0.00538111 -0.0217893 -0.0040388 0.0295876 -0.0302793 -0.000111173 0.00399772
internal_weight=15472.2 8779.09 6693.13 4969.45 3809.64 3275.76 2418.2 3605.1 771.115 2833.98 857.567 1364.36 1140.97 1760.72 895.761 526.789 633.613 3417.37 1277.23 1266.12 1142.53 735.852 511.328 321.856 244.326 213.866 406.675 1073.27 1231.1 1115.9
internal_count=467872 117674 350198 74124 43550 96272 86980 63659 4648 59011 9292 10465 68887 27135 17363 3028 5850 253926 18093 14297 13191 10363 5961 4630 1620 6577 2828 31876 17827 14873
is_linear=0
shrinkage=0.05


Tree=47
num_leaves=31
num_cat=0
split_feature=56 50 13 52 51 43 21 45 39 56 56 58 23 35 50 20 22 51 25 52 42 34 21 28 49 38 48 7 52 52
split_gain=3181.1 1162.44 858.802 748.538 390.166 370.178 300.615 274.619 254.91 199.902 195.555 179.44 173.8 155.163 225.516 140.654 137.823 129.924 113.249 114.879 105.125 97.2072 109.374 95.5789 87.0189 74.65 73.7953 71.3054 75.1069 71.1219
threshold=0.70801955461502086 0.61167800426483165 1.0000000180025095e-35 0.78629976511001598 0.99425286054611217 0.14298191666603091 26.500000000000004 1.0000000180025095e-35 0.53033089637756359 0.5397799313068391 0.4944437593221665 1.5000000000000002 15.500000000000002 0.94444444775581371 0.94494947791099559 23.500000000000004 48.500000000000007 0.92893216013908397 1.5000000000000002 0.66287881135940563 0.050097465515136726 0.34848485887050634 25.500000000000004 8.5000000000000018 0.80982521176338207 12.500000000000002 1.0000000180025095e-35 1.0000000180025095e-35 0.95488464832305919 0.81302964687347423
decision_type=2 2 2 2 2 2 2 2 2 2 2 2 2 2 2 2 2 2 2 2 2 2 2 2 2 2 2 2 2 2
left_child=3 5 4 24 6 8 13 10 26 -9 12 18 20 16 -15 -16 -3 29 -10 -20 27 22 -4 -13 -1 -12 -2 28 -5 -8
right_child=1 2 21 7 -6 -7 17 9 11 -11 25 23 -14 14 15 -17 -18 -19 19 -21 -22 -23 -24 -25 -26 -27 -28 -29 -30 -31
leaf_value=-0.048260460719746795 -0.042414560615515171 0.054359737799160007 0.045127043348239103 -0.017881399437530011 0.049460990390065074 0.048852792837983383 -0.042168834181160776 -0.045187092611534287 0.015033108419661849 -0.00063213130023128143 0.06910352564096986 0.030391243667904789 -0.046376591958424904 -0.030014067998451216 0.0087561823789582029 0.056827542811387216 0.012969575072798278 0.020388912734235341 -0.043096741063161061 0.049139207806506796 0.075761028986682966 0.053843131232042922 0.00043617349735094861 -0.025513700667837005 0.15924084314242903 -0.011580181352998259 -0.014134478268978607 -0.03851442990715806 0.011475508725020673 -0.011247033450428705
leaf_weight=2915.5010289335623 845.49117800872773 457.1545926919207 456.13844760041684 297.23958550952375 619.31098039448261 223.5913471467793 225.67167626973242 763.56276389956474 159.8648546859622 375.37473069410771 134.01057066954672 423.05840523168445 210.66463098209351 293.94324257411063 589.77563863433897 204.30923197977245 359.93809369578958 287.7308084666729 364.98094933107495 36.359311297535896 46.242571798153222 2181.8487540259957 195.46143182367086 92.466682991012931 4.1148190507665268 36.065357129089534 318.93624618183821 109.73351702373475 807.69916332699358 1043.4800708806142
leaf_count=235467 44790 3462 4078 6757 6563 1678 5092 53882 1381 6567 1362 3075 13770 2103 3288 1274 4371 1631 9223 276 259 26576 1761 1287 105 551 9351 2953 7624 7500
internal_value=-0.000780078 0.017122 0.02763 -0.0302353 0.0129428 -0.012357 0.00639769 -0.0116626 -0.0184827 -0.030516 0.00142805 -0.000942257 -0.00445116 0.0197123 0.00733472 0.0211803 0.0361651 -0.00989733 -0.020488 -0.0346393 0.00258464 0.0487737 0.0317423 0.0203339 -0.0479136 0.0520265 -0.0346874 -0.000261209 0.00356918 -0.0167742
internal_weight=15079.7 9379.51 6914.76 5700.21 4081.31 2464.75 3462 2780.59 2241.16 1138.94 1641.66 1076.73 1471.58 1905.12 1088.03 794.085 817.093 1556.88 561.205 401.34 1260.91 2833.45 651.6 515.525 2919.62 170.076 1164.43 1214.67 1104.94 1269.15
internal_count=468057 138760 67699 329297 35284 71061 28721 93725 69383 60449 33276 15242 31363 14498 6665 4562 7833 14223 10880 9499 17593 32415 5839 4362 235572 1913 54141 17334 14381 12592
is_linear=0
shrinkage=0.05


Tree=48
num_leaves=31
num_cat=0
split_feature=56 52 52 45 44 45 51 41 39 38 50 50 41 25 40 35 21 25 42 35 44 4 56 20 34 28 23 49 50 45
split_gain=2972.43 1097.56 718.061 556.111 525.255 256.333 234.894 213.647 191.048 190.27 188.5 235.413 187.081 165.019 154.392 137.923 132.667 128.232 123.428 102.379 99.7051 84.5378 84.3427 82.1734 80.4102 79.3464 77.1535 74.9306 73.779 71.9804
threshold=0.70801955461502086 0.90366768836975109 0.78629976511001598 1.0000000180025095e-35 1.0000000180025095e-35 1.0000000180025095e-35 0.99425286054611217 0.21807064861059192 0.16064515709877017 14.500000000000002 0.56562754511833202 0.28831169009208685 0.85092595219612133 1.5000000000000002 0.90692642331123363 0.88194444775581371 30.500000000000004 2.5000000000000004 0.0036379732191562657 0.30952382087707525 1.0000000180025095e-35 3.5000000000000004 0.99822065234184276 17.500000000000004 0.72077924013137828 1.5000000000000002 49.500000000000007 0.80982521176338207 0.96922349929809581 1.0000000180025095e-35
decision_type=2 2 2 2 2 2 2 2 2 2 2 2 2 2 2 2 2 2 2 2 2 2 2 2 2 2 2 2 2 2
left_child=2 4 27 -3 12 8 15 -7 18 10 11 -6 -2 -13 -11 -5 -12 23 -4 -15 -9 24 28 -17 -20 -25 -22 -1 -19 -14
right_child=1 3 5 6 9 7 -8 20 -10 14 16 13 29 19 -16 17 -18 22 21 -21 26 -23 -24 25 -26 -27 -28 -29 -30 -31
leaf_value=-0.04812704565091723 -0.030274897812899066 0.050313426674295419 -0.014771268364632687 0.03725286386238718 0.029955847807222581 -0.046312774241357324 0.047449744787265435 -0.02185509663816379 0.058349934482542137 -0.022490244214507592 0.041842846952458421 0.026583274146432335 0.040874481612032422 -0.046512908380644313 0.024031130991066057 -0.0013490021859293481 -0.0041607024028888903 -0.030945591164688993 0.13522548344997926 0.050711053868953929 0.046906559759905708 0.00018084575623366099 0.056950140731637344 -0.05341202429880846 0.030334732141842603 0.045586329389201818 -0.038283623021474346 0.13279323267165757 -0.0018276975174741175 -0.020042793040866133
leaf_weight=2783.3007994657382 1422.9305883487687 2389.3388041276485 967.9923342783004 325.13240703754127 437.22377608530223 720.25342491269112 467.61121498793364 221.93200608715415 132.029017300345 582.07267888169736 915.27208610065281 133.80961531400681 139.58750884234905 323.74181197118014 255.99726217053831 228.11413874477148 188.84749582782388 343.28079383447766 19.643771289847791 28.72622337192297 129.19000682514161 336.27079062908888 44.817525178194046 21.000260323286057 170.82861623074859 277.68310976028442 32.58495317120105 4.8047758452594271 591.35046156309545 73.273898767307401
leaf_count=235613 51253 29006 25577 1937 4171 52273 5100 6115 1252 12557 7597 1191 1339 9996 1985 1156 1787 2993 278 224 1425 5370 267 157 971 1562 621 108 3390 1036
internal_value=-0.000921295 0.0164967 -0.029923 0.0334256 -0.00113842 -0.0116924 0.0158599 -0.0302766 0.000930062 0.0117647 0.0200448 0.00336809 -0.0237364 -0.02055 -0.0082681 0.00777244 0.0339778 0.00138842 -0.00417742 -0.0384681 -0.000133059 0.0152819 -0.0093093 0.0212581 0.0418021 0.0384708 0.0296176 -0.0477678 -0.0125441 0.0199091
internal_weight=14708.6 9189.81 5518.83 4688.33 4501.48 2730.72 2298.99 1103.96 1626.76 2865.69 2027.62 923.501 1635.79 486.278 838.07 1831.38 1104.12 1506.25 1494.74 352.468 383.707 526.743 979.449 526.798 190.472 298.683 161.775 2788.11 934.631 212.861
internal_count=468307 138704 329603 45568 93136 93882 16562 60434 33448 39508 24966 15582 53628 11411 14542 11462 9384 9525 32196 10220 8161 6619 6650 2875 1249 1719 2046 235721 6383 2375
is_linear=0
shrinkage=0.05


Tree=49
num_leaves=31
num_cat=0
split_feature=41 50 51 48 13 34 38 56 3 48 50 36 28 7 54 51 26 51 50 58 21 50 58 50 8 35 34 30 30 31
split_gain=2753.15 1090.06 798.897 540.418 495.258 274.666 237.116 207.797 150.036 149.496 132.228 173.446 145.458 115.062 107.906 100.647 114.019 95.6564 94.8696 109.243 121.476 94.8229 87.7017 116.329 113.413 85.5579 83.6782 88.7165 79.8431 74.1245
threshold=0.56832298636436474 0.78319624066352855 0.88047617673873912 1.0000000180025095e-35 1.0000000180025095e-35 0.27922078967094427 9.5000000000000018 0.98421010375022899 1.5000000000000002 1.0000000180025095e-35 0.96178188920021068 0.94444444775581371 6.5000000000000009 1.0000000180025095e-35 0.50993552803993236 0.99425286054611217 8.5000000000000018 0.95488464832305919 0.8521554470062257 1.5000000000000002 22.500000000000004 0.54261502623558056 1.5000000000000002 0.56070175766944896 1.0000000180025095e-35 0.64583334326744091 0.72077924013137828 0.089898992329835906 0.41240409016609197 0.57674983143806469
decision_type=2 2 2 2 2 2 2 2 2 2 2 2 2 2 2 2 2 2 2 2 2 2 2 2 2 2 2 2 2 2
left_child=1 25 4 6 7 18 13 10 -8 15 12 -12 22 17 -5 16 26 -3 19 20 21 -6 23 -2 -24 -1 -4 -28 -21 -10
right_child=2 3 9 14 5 -7 8 -9 29 -11 11 -13 -14 -15 -16 -17 -18 -19 -20 28 -22 -23 24 -25 -26 -27 27 -29 -30 -31
leaf_value=-0.046957886692236994 -0.044702846954530612 -0.00071184334492319415 0.042105864505224071 -0.025483128135202423 -0.0067247995720892241 0.049091721386197065 -0.033605611704230362 0.028983037154931193 -0.013367424450264294 0.051307141184767091 -0.027351394988161359 0.034221492947409761 -0.032181763806174005 -0.029864102502100306 0.05804469808491939 0.049852868044255982 0.041583369563551721 0.029342285602696968 0.053064576496417243 0.033358575476400636 -0.036540485028389885 0.043611940165278959 0.060317443516554985 -0.0033011084442370556 -0.0043681701793163536 -0.0084364653243291423 -0.059009812474830059 0.0026506868764594391 -0.058218370679108011 0.03234388435120214
leaf_weight=3058.5963254468516 214.88238905277103 813.50609097070992 97.110424928367138 42.661586762405932 293.23759432230145 834.18416111730039 1229.2089128131047 392.08966724015772 269.41063686367124 1617.1396314203739 173.80068610049784 330.22614000551403 806.46168503258377 224.23154170345515 365.38130424823612 335.56766308099031 284.05519727990031 391.46050345897675 121.44898967444897 363.82141894381493 216.48200118076056 136.24960326962173 104.72295314166695 793.39122137334198 188.3827399564907 151.78281714301556 72.436651326715946 283.30158610641956 24.56521519459784 130.96931410394609
leaf_count=254062 8968 12665 571 1430 4211 9985 66193 3345 7198 20567 1143 1899 25789 6880 3822 3952 1691 3429 1280 2498 4147 935 1388 7147 3762 5689 487 1542 224 1041
internal_value=-0.000668586 -0.0241511 0.0197388 -0.0047075 0.00790362 0.0272428 -0.011922 -0.0049125 -0.0249531 0.0417027 -0.01001 0.0129775 -0.0155103 0.00294333 0.0492708 0.0271861 0.0168107 0.00906815 0.0114448 0.00651147 -0.00608973 0.00930813 -0.00516228 -0.0121602 0.0188697 -0.0451398 0.00121436 -0.0100351 0.0274318 0.00162865
internal_weight=14360.8 6677.21 7683.56 3466.83 4993.95 1989.99 3058.79 3003.96 1629.59 2689.61 2611.87 504.027 2107.84 1429.2 408.043 1072.47 736.904 1204.97 1155.8 1034.36 645.969 429.487 1301.38 1008.27 293.106 3210.38 452.849 355.738 388.387 400.38
internal_count=467940 362409 105531 102658 76721 23280 97406 53441 74432 28810 50096 3042 47054 22974 5252 8243 4291 16094 13295 12015 9293 5146 21265 16115 5150 259751 2600 2029 2722 8239
is_linear=0
shrinkage=0.05


Tree=50
num_leaves=31
num_cat=0
split_feature=56 13 52 51 34 45 50 41 56 36 55 51 30 27 12 50 42 34 30 8 52 58 21 44 23 30 20 21 49 51
split_gain=2564.14 986.072 700.912 578.656 488.611 229.898 229.384 210.418 193.368 184.474 164.865 146.994 131.817 119.657 103.71 102.498 95.4156 87.5163 173.017 86.8705 85.3603 84.9247 118.841 83.9381 73.5471 72.3883 72.1125 66.6064 66.5641 65.5894
threshold=0.70801955461502086 1.0000000180025095e-35 0.78629976511001598 0.8874824345111848 0.31666667759418493 1.0000000180025095e-35 0.96178188920021068 0.21807064861059192 0.98421010375022899 0.94444444775581371 0.48502780497074133 0.99425286054611217 0.18808962404727939 3.5000000000000004 1.0000000180025095e-35 0.83225107192993175 0.050097465515136726 0.72077924013137828 0.080540537834167494 1.0000000180025095e-35 0.94185259938240062 1.5000000000000002 18.500000000000004 1.0000000180025095e-35 49.500000000000007 0.41240409016609197 15.500000000000002 19.500000000000004 0.80982521176338207 0.94474968314170849
decision_type=2 2 2 2 2 2 2 2 2 2 2 2 2 2 2 2 2 2 2 2 2 2 2 2 2 2 2 2 2 2
left_child=2 3 28 6 15 10 8 -7 12 -8 13 17 14 16 19 21 29 -5 -19 -2 -20 22 -3 -9 -25 -23 -11 -22 -1 -4
right_child=1 4 5 11 -6 7 9 23 -10 26 -12 -13 -14 -15 -16 -17 -18 18 20 -21 27 25 -24 24 -26 -27 -28 -29 -30 -31
leaf_value=-0.04785564829949368 0.0087308482878492612 0.013411904112792541 -0.0095353308162751324 0.038594536110395712 0.050613244391354319 -0.045758033645566604 -0.018967988915054419 -0.019128764483055092 0.022576632886767787 0.0058722387547698795 0.05508805929958982 0.048307668331234122 -0.030297240068817701 -0.0376764448870784 -0.061230943346819382 0.049340974552657665 0.072737878659750066 -0.053883361811199626 0.060864961011107901 -0.016486262802031481 0.054047021980541378 0.029333986173560152 -0.029609261614240431 0.045821885743499699 -0.038394910071832274 -0.056522834148388379 0.04604231323245693 0.0020030830449585262 0.12205958751712748 0.014417910064136702
leaf_weight=2541.3682645680383 627.42253420874476 356.64081578049809 741.73183122184128 310.82523316890001 2203.152410518378 668.20219581481069 249.92315009981394 216.12255563028157 316.98045808076859 164.00768379680812 129.381900023669 557.62185219675303 1284.4530633846298 217.95047183707356 86.152248320169747 149.66869419440627 45.413707867264748 99.858284704387188 92.120519693940878 747.26196851115674 69.94248416274786 364.30351891927421 290.31249613314867 125.87750138994306 31.764339986257255 25.405899417586625 351.64620960690081 461.44757249206305 4.8554101707413784 463.53163305670023
leaf_count=235425 10808 3668 13642 1921 29608 52102 1728 6104 2847 850 1440 6556 47307 13988 736 1596 258 677 568 16659 409 2582 5439 1384 623 257 2211 2554 104 4053
internal_value=-0.000882419 0.0155384 -0.028772 0.00230742 0.0366873 -0.0107136 -0.0082287 -0.028974 -0.0143482 0.0162359 0.00120364 0.027633 -0.0186184 -0.00357768 -0.00833595 0.0108045 0.00238993 0.0164496 0.00689392 -0.00497889 0.0166984 0.00519858 -0.00590923 0.001074 0.0287174 0.0236065 0.033302 0.00894185 -0.0474838 -0.000318851
internal_weight=13995.3 8809.15 5186.2 5419.66 3389.48 2639.98 3827.85 1041.97 3062.27 765.577 1598.01 1591.82 2745.29 1468.63 1460.84 1186.33 1250.68 1034.19 723.369 1374.68 623.511 1036.66 646.953 373.764 157.642 389.709 515.654 531.39 2546.22 1205.26
internal_count=468104 138981 329123 95831 43150 93594 83146 60213 78357 4789 33381 12685 75510 31941 28203 13542 17953 6129 4208 27467 3531 11946 9107 8111 2007 2839 3061 2963 235529 17695
is_linear=0
shrinkage=0.05


Tree=51
num_leaves=31
num_cat=0
split_feature=6 13 56 39 23 50 51 32 21 50 42 41 28 50 32 28 36 35 25 56 7 51 35 25 34 51 36 25 43 34
split_gain=2434.66 1144.71 484.806 406.496 395.542 385.375 341.88 255.141 150.398 114.944 105.546 102.14 99.6476 87.7067 163.974 87.2999 192.379 81.644 76.9441 74.9651 73.3626 62.3666 59.8156 74.741 54.5883 54.0231 53.4203 52.7189 65.8646 50.0715
threshold=4.5000000000000009 1.0000000180025095e-35 0.83735463023185741 0.15075758099555972 11.500000000000002 0.59611794352531444 0.98076212406158458 1.5000000000000002 23.500000000000004 0.30094340443611151 0.0021254009334370498 0.98076921701431286 4.5000000000000009 0.56562754511833202 1.0000000180025095e-35 5.5000000000000009 0.94444444775581371 0.94444444775581371 2.5000000000000004 0.5397799313068391 1.0000000180025095e-35 0.24048192799091342 0.30952382087707525 1.5000000000000002 0.4083333313465119 0.84262126684188854 0.94444444775581371 1.5000000000000002 0.06250630691647531 0.72077924013137828
decision_type=2 2 2 2 2 2 2 2 2 2 2 2 2 2 2 2 2 2 2 2 2 2 2 2 2 2 2 2 2 2
left_child=1 3 7 4 10 9 8 25 13 -3 18 15 -4 21 -15 -10 -17 -16 -1 -6 -20 -5 23 -11 -7 -2 27 28 -14 -12
right_child=2 5 12 6 19 24 -8 -9 11 22 29 -13 26 14 17 16 -18 -19 20 -21 -22 -23 -24 -25 -26 -27 -28 -29 -30 -31
leaf_value=-0.017284195349824713 -0.047020619529466262 0.026672503629680596 0.0091791315988799162 0.01850637568753279 -0.046592470181681694 0.034768382782971771 0.04555805468814679 -0.0076922400722511334 0.0010112406953119676 0.011639281206737691 0.090951451677387121 0.047004902345207981 0.002812217153847022 0.092694616786421269 0.035849884185058932 -0.037166695919379884 0.024132635191858168 0.0077064187452139873 0.031637673672732208 -0.009257325302297767 -0.038593587822703848 -0.033269048307701249 0.047471496369277222 -0.039619624363555768 0.052734826135194118 -0.0060789974571248068 0.03219432281878809 -0.027098509722253208 0.1664495203938029 0.024651620024014984
leaf_weight=426.09437780827284 2765.5341044813395 335.67218271363527 670.21351538412273 100.17012049164623 788.69192854315042 559.28653394524008 593.85797635000199 518.96744919382036 1170.7516630748287 109.80442259088159 32.098257510922849 90.073022786527872 68.657893681898713 75.728322952985764 387.5096710883081 501.79928573220968 170.9241935685277 767.64121179655194 192.25056708883494 162.72622389905155 45.145368969999254 136.0857366528362 34.144304656423628 198.89812116604298 1849.8344495967031 83.319247387349606 48.434743024408817 558.67447804473341 5.7583437887951723 216.82954397145659
leaf_count=9367 243216 3047 10295 2017 67706 6218 7398 15001 10196 887 1051 696 1996 943 2914 9157 1224 5804 1184 5602 1055 5812 360 7309 26593 2375 334 17280 65 976
internal_value=-0.000750904 0.0145777 -0.0298035 0.00159151 -0.0176842 0.0392088 0.0105876 -0.0399536 0.00446919 0.00591306 0.00583663 -0.00468978 -0.00450409 0.0165348 0.0218883 -0.00723972 -0.0215792 0.0171703 -0.00458833 -0.0402233 0.018176 -0.0113313 -0.0144304 -0.0214083 0.04858 -0.0458258 -0.0179539 -0.0218352 0.0175137 0.0335304
internal_weight=13665.6 8946.02 4719.56 5858.38 1863.84 3087.64 3994.54 3367.82 3400.68 678.519 912.418 1933.55 1351.74 1467.14 1230.88 1843.48 672.723 1155.15 663.49 951.418 237.396 236.256 342.847 308.703 2409.12 2848.85 681.525 633.091 74.4162 248.928
internal_count=468078 177516 290562 133102 86941 44414 46161 260592 38763 11603 13633 21273 29970 17490 9661 20577 10381 8718 11606 73308 2239 7829 8556 8196 32811 245591 19675 19341 2061 2027
is_linear=0
shrinkage=0.05


Tree=52
num_leaves=31
num_cat=0
split_feature=56 13 51 51 34 5 45 21 41 55 51 7 39 56 50 34 28 21 44 43 34 23 23 48 48 50 39 23 21 50
split_gain=2250.08 899.424 666.326 516.715 441.152 220.686 203.57 198.085 193.506 146.899 126.627 116.687 101.064 96.8207 87.8395 85.5284 181.314 81.8619 80.3135 76.5069 69.8548 69.845 69.5768 114.263 85.0398 67.5909 67.4799 62.0139 61.9723 103.607
threshold=0.70801955461502086 1.0000000180025095e-35 0.680425524711609 0.8874824345111848 0.31666667759418493 6.5000000000000009 1.0000000180025095e-35 15.500000000000002 0.21807064861059192 0.48502780497074133 0.99425286054611217 1.0000000180025095e-35 0.61324787139892589 0.98687082529068004 0.8521554470062257 0.72077924013137828 3.5000000000000004 29.500000000000004 1.0000000180025095e-35 0.16840209066867831 0.94444444775581371 15.500000000000002 49.500000000000007 1.0000000180025095e-35 1.0000000180025095e-35 0.30877573788166052 0.075961541384458556 50.500000000000007 25.500000000000004 0.54261502623558056
decision_type=2 2 2 2 2 2 2 2 2 2 2 2 2 2 2 2 2 2 2 2 2 2 2 2 2 2 2 2 2 2
left_child=2 3 -1 5 14 7 9 -2 -8 11 15 21 -7 22 19 -5 20 -18 -10 25 -17 -4 24 -24 -9 -3 -23 -20 29 -27
right_child=1 4 6 10 -6 12 8 13 18 -11 -12 -13 -14 -15 -16 16 17 -19 27 -21 -22 26 23 -25 -26 28 -28 -29 -30 -31
leaf_value=-0.046411230931532987 0.030895966613088917 0.01830337604520952 0.0068101199269546553 0.038461323349077606 0.049768323741798376 -0.035188276329853323 -0.045074187219599743 -0.0088859436345068085 -0.019101298763666393 0.053516318044982171 0.046388214793580254 -0.043173809988130592 0.0011490823746396878 0.023432701640226327 0.049946440415432974 0.0333967333681972 0.035501658564835989 -0.0058006544564926229 0.043122760034953078 0.050899537868460736 -0.048834914407671404 -0.04999861443743514 -0.0098307733798155394 -0.051352919830588088 0.024236650132437136 -0.018445760437796301 0.028045189330094492 -0.04016662908963161 -0.034643969957133272 0.034042404988777829
leaf_weight=2429.4492973648012 429.60166473966092 376.63395621534437 1080.6048747058958 302.12325851619244 2030.3882371075451 837.35984887741506 593.06936703342944 864.71625206619501 202.4473602604121 125.50156902801245 524.23238148167729 157.28469782788306 247.86153627187014 245.54461897537112 127.74323367327452 30.144535973668098 355.15938280895352 180.529087908566 127.25130536779761 86.251960912719369 156.81046541035175 107.40797590091825 659.94519723299891 220.54101991653442 248.67099749483168 243.7738507213071 36.470169814303517 26.238204356282949 165.45467024762183 151.65079644974321
leaf_count=240202 5342 3015 13251 1903 29606 46167 49949 12530 5643 1429 6591 7229 3809 1789 1478 167 2026 1074 1405 600 966 8344 7671 2864 2966 4230 1167 568 3012 1123
internal_value=-0.000822533 0.0147412 -0.0278498 0.00213009 0.0357527 -0.00789545 -0.00947969 -0.000162859 -0.027607 0.00194436 0.026418 -0.00277508 -0.0268955 -0.0061322 0.0110179 0.0161667 0.00680546 0.0215977 0.00154194 0.00611649 -0.0354688 0.00244513 -0.00978303 -0.0202775 -0.00147302 0.00194657 -0.0301591 0.0287171 -0.00905015 0.00171927
internal_weight=13370.9 8485.14 4885.72 5303.24 3181.9 3754.24 2456.28 2669.02 949.006 1507.27 1549 1381.77 1085.22 2239.42 1151.51 1024.77 722.643 535.688 355.937 1023.77 186.955 1224.48 1993.87 880.486 1113.39 937.513 143.878 153.49 560.879 395.425
internal_count=468116 138929 329187 95865 43064 83138 88985 33162 57565 31420 12727 29991 49976 27820 13458 6136 4233 3100 7616 11980 1133 22762 26031 10535 15496 11380 9511 1973 8365 5353
is_linear=0
shrinkage=0.05


Tree=53
num_leaves=31
num_cat=0
split_feature=41 50 32 45 44 28 0 41 38 44 48 21 49 45 29 38 31 31 52 58 49 28 58 52 51 55 56 4 52 56
split_gain=2084.2 823.383 724.977 430.314 357.32 219.629 193.428 164.813 138.832 132.005 125.694 115.42 105.658 101.014 100.522 94.2602 81.895 79.0509 77.414 144.589 74.0817 73.2424 72.3881 74.9873 70.3843 69.7384 67.4355 64.3913 63.4562 62.2984
threshold=0.48913043737411505 0.87298336625099193 1.5000000000000002 1.0000000180025095e-35 1.0000000180025095e-35 6.5000000000000009 3.5000000000000004 0.82971012592315685 8.5000000000000018 1.0000000180025095e-35 1.0000000180025095e-35 15.500000000000002 0.81375637650489818 1.0000000180025095e-35 35.500000000000007 17.500000000000004 0.22173058241605761 0.51031038165092479 0.77871939539909374 1.5000000000000002 0.77003204822540294 4.5000000000000009 3.5000000000000004 0.080540537834167494 0.98076212406158458 0.64126285910606395 0.99822065234184276 3.5000000000000004 0.75181159377098095 0.97740960121154796
decision_type=2 2 2 2 2 2 2 2 2 2 2 2 2 2 2 2 2 2 2 2 2 2 2 2 2 2 2 2 2 2
left_child=2 4 12 -3 7 15 8 21 -4 29 14 -7 -1 -9 27 17 24 18 19 -6 -20 28 -13 -24 26 -10 -11 -8 -2 -5
right_child=1 3 6 9 5 11 10 13 25 16 -12 22 -14 -15 -16 -17 -18 -19 20 -21 -22 -23 23 -25 -26 -27 -28 -29 -30 -31
leaf_value=-0.046391512826533754 -0.029849893802215938 0.047816151557679758 0.0033374325040735307 -0.0030854931713590558 -0.0038253280104659144 0.0139618862375994 0.0065448187908126653 0.03750111308136269 -0.035791919965866774 0.0054656009015127301 0.054249208400599228 -0.032043122370439173 -0.0041380149230859078 -0.023446820938597984 0.026992894792624324 -0.0090411574620564046 0.046872710388346825 0.077066828099386461 0.051714056020539856 0.036783752090593848 0.012226783092125909 -0.04173874403201909 -0.042225683402657629 0.043226075164777195 0.052347556577107449 0.016090611298984588 0.054059972972189396 -0.023962369407345259 0.0055069851829620256 0.05423784147108851
leaf_weight=2495.6142801390961 326.85431841481477 1973.9092124570161 440.45807679090649 817.9938488798216 509.14817887078971 322.25928414426744 374.00758786033839 168.50927812233567 759.04029840789735 606.569056160748 134.56837173458189 463.26100939884782 157.48928221873939 112.63411451503634 301.35425547510386 231.80536084808409 334.6650016233325 69.192142731510103 339.05985307134688 383.67211467865855 183.71413711737841 593.64959134813398 38.880077360197902 71.249488022178411 121.65651065856218 70.24004365503788 79.967356525361538 320.25365887954831 206.59564937185496 49.308846656233072
leaf_count=247337 14828 28966 6663 6025 9278 5343 5783 1647 45410 3281 1693 12097 5332 2056 3046 3580 2775 1028 3428 3206 1643 33095 1008 1128 1816 532 529 13367 1556 350
internal_value=-0.000738986 0.0151319 -0.0258782 0.0312382 -0.000832395 0.0101113 -0.0059608 -0.0211253 -0.019346 0.0149435 0.00908097 -0.00995256 -0.0438858 0.0130871 0.00292768 0.0205795 0.0260978 0.0252069 0.0226194 0.0136473 0.0378872 -0.0296633 -0.023394 0.0129497 0.0174477 -0.0313834 0.0111962 -0.00754197 -0.0161721 0.000232227
internal_weight=13057.6 8004.55 5053.03 3984.07 4020.48 2612.24 2399.92 1408.24 1269.74 2010.16 1130.18 895.65 2653.1 281.143 995.616 1716.59 1142.86 1484.79 1415.59 892.82 522.774 1127.1 573.391 110.13 808.193 829.28 686.536 694.261 533.45 867.303
internal_count=467826 138663 329163 43742 94921 41739 76494 53182 52605 14776 23889 19576 252669 3703 22196 22163 8401 18583 17555 12484 5071 49479 14233 2136 5626 45942 3810 19150 16384 6375
is_linear=0
shrinkage=0.05


Tree=54
num_leaves=31
num_cat=0
split_feature=6 13 56 52 56 23 51 52 21 41 28 56 42 28 36 0 42 49 58 21 49 51 30 25 55 49 32 29 0 36
split_gain=1961.47 938.844 436.823 365.127 329.007 323.709 287.286 244.743 145.795 102.494 99.5291 98.0307 97.5614 84.5738 168.594 76.7962 76.5133 67.5708 60.7286 108.775 79.983 60.1235 56.8864 51.5252 47.8372 47.2591 46.4872 46.4767 46.0436 45.4433
threshold=4.5000000000000009 1.0000000180025095e-35 0.83087757229805004 0.77032968401908886 0.62529620528221141 12.500000000000002 0.98076212406158458 0.79759037494659435 16.500000000000004 0.2788888961076737 4.5000000000000009 0.99822065234184276 0.0021254009334370498 4.5000000000000009 0.94444444775581371 3.5000000000000004 0.0029863378731533889 0.75134408473968517 1.5000000000000002 21.500000000000004 0.4403389841318131 0.88047617673873912 0.41421362757682806 1.5000000000000002 0.60891634225845348 0.8263767957687379 1.5000000000000002 51.500000000000007 3.5000000000000004 0.94444444775581371
decision_type=2 2 2 2 2 2 2 2 2 2 2 2 2 2 2 2 2 2 2 2 2 2 2 2 2 2 2 2 2 2
left_child=1 4 7 17 5 12 8 25 -6 -7 -4 13 21 15 -15 -10 -11 18 19 20 23 -1 -20 -3 28 -2 -9 -28 -8 -12
right_child=2 3 10 -5 6 9 24 26 11 16 29 -13 -14 14 -16 -17 -18 -19 22 -21 -22 -23 -24 -25 -26 -27 27 -29 -30 -31
leaf_value=-0.027124411391269372 -0.047185681380787527 0.01655664041733533 0.0093862099753909689 0.050127930061738671 0.029145821861980434 -0.044831296565442012 -0.02165180163916932 -0.028966075946218573 -0.02220781700484278 -0.019983721824775522 -0.021374921542887993 0.029880549125612013 0.032465976378186483 -0.028634956778677102 0.014367444712223072 0.0093412095693106469 0.057989008469805925 0.061572526440584335 0.032394838480214079 -0.032188373373795508 0.04303212929875555 0.0056455162905884038 -0.064543328868447492 -0.027022735326815164 0.050747262307630263 0.10198456505898866 -0.011421716315052873 0.029691757060389956 0.050105435591816572 0.029131685800931253
leaf_weight=201.62413405161351 2225.7860838454217 154.78315565921366 674.04255570098758 1845.8694618595764 507.24061129055917 739.37238104548305 49.295963913202286 308.79669812042266 226.21144933253527 142.85679778270423 624.23224901873618 248.91167169064283 244.62398238386959 672.34858739096671 343.80684574693441 1276.8354036109522 39.271895863115788 63.644588585011661 279.42933406028897 185.75100263673812 148.52381213009357 451.85622755996883 15.08540059160441 119.13865725044161 444.69639275968075 4.4213307015597811 371.5545750092715 83.305449343286455 39.308462385088205 47.095666306093335
leaf_count=6313 230955 1244 10757 29597 6032 69385 369 16580 1542 7495 20333 1842 2013 12553 2228 10868 600 687 2361 5244 1605 5567 156 3529 5975 64 10259 838 420 341
internal_value=-0.000533139 0.0135116 -0.0278492 0.037097 0.00172245 -0.015762 0.0100777 -0.0384809 0.00453062 -0.0365651 -0.00417945 1.11377e-05 0.00559998 -0.00295082 -0.0140857 0.00458141 -0.00294584 0.0121801 0.00863345 -0.000400712 0.0136195 -0.00449128 0.0272279 -0.00242698 0.0440736 -0.0468444 -0.0140267 -0.00384336 0.0103865 -0.0177937
internal_weight=12779.7 8440.49 4339.23 2812.23 5628.26 1819.61 3808.66 2993.86 3275.35 921.501 1345.37 2768.11 898.104 2519.2 1016.16 1503.05 182.129 966.356 902.711 608.197 422.446 653.48 294.515 273.922 533.301 2230.21 763.657 454.86 88.6044 671.328
internal_count=467752 177625 290127 44423 133202 91373 41829 258696 35065 77480 31431 29033 13893 27191 14781 12410 8095 14826 14139 11622 6378 11880 2517 4773 6764 231019 27677 11097 789 20674
is_linear=0
shrinkage=0.05


Tree=55
num_leaves=31
num_cat=0
split_feature=41 50 50 45 28 48 23 56 35 58 41 44 13 27 50 21 31 43 38 51 36 7 52 51 51 40 52 53 8 8
split_gain=1816.25 778.909 687.669 408.888 305.502 217.762 193.964 226.444 168.96 339.08 127.944 121.726 113.479 112.057 87.4199 175.369 83.4179 81.0427 79.2434 76.6071 72.9308 70.6804 66.9954 66.7074 64.4135 68.3575 62.9085 72.9378 60.7775 59.0046
threshold=0.48913043737411505 0.87298336625099193 0.80982521176338207 1.0000000180025095e-35 5.5000000000000009 1.0000000180025095e-35 11.500000000000002 0.52960655093193065 0.41428571939468389 1.5000000000000002 0.78759399056434642 1.0000000180025095e-35 1.0000000180025095e-35 7.5000000000000009 0.60136988759040844 19.500000000000004 0.20851448923349383 0.15727518498897555 15.500000000000002 0.8874824345111848 0.30952382087707525 1.0000000180025095e-35 0.94185259938240062 0.96720427274703991 0.98076212406158458 0.85092595219612133 0.71503761410713207 0.63499587774276745 1.0000000180025095e-35 1.0000000180025095e-35
decision_type=2 2 2 2 2 2 2 2 2 2 2 2 2 2 2 2 2 2 2 2 2 2 2 2 2 2 2 2 2 2
left_child=2 4 26 -3 8 6 21 -8 9 14 -6 -5 13 -10 -2 -16 24 -12 -7 -15 -19 22 -4 -9 25 -13 -1 -28 -11 -25
right_child=1 3 5 11 10 18 7 23 12 28 17 16 -14 19 15 -17 -18 20 -20 -21 -22 -23 -24 29 -26 -27 27 -29 -30 -31
leaf_value=-0.048770957873724735 -0.043201628476571691 0.047355958444663761 -0.015504060373175595 0.0004141408941082446 -0.03153423978093773 0.056218473898856515 -0.045482087533907027 -0.012228850727454705 0.034541488709227748 0.046200061522469867 -0.0093777897723723719 -0.0014455306475278512 0.047431284011064209 -0.013109086401635911 0.064986622015011791 -0.033052716578950189 0.045612495864432806 0.069901600669115632 -0.03860144279314065 0.047713293386819747 -0.024882074864125716 -0.03764218879652588 0.014124520495339219 0.048523514899851489 0.052143761832685501 0.032166115314205573 -0.033194150602809579 0.042129762673103761 0.012577106746678342 -0.019858375013864921
leaf_weight=1884.8923869756982 392.94415064156055 1833.696298235096 249.07149057649076 858.94131061714143 851.11950287409127 167.31126022618264 646.17438825499266 419.92512318771333 336.88616020418704 196.72277456708252 634.36800048314035 430.99593035690486 356.45801045931876 354.29112666752189 64.290425301529467 150.36304360814393 350.75849183276296 63.874161312356591 24.636630001477897 59.607472509145737 28.916410768404603 95.265086997300386 804.91121004335582 99.077818886376917 106.23937144130468 232.001414462924 318.5204277234152 34.875849069096148 423.40578395314515 45.399011095054448
leaf_count=214024 17837 29057 6363 6342 42869 2247 61526 6760 2603 2723 10155 2370 4559 2242 617 3277 3032 436 726 481 284 2940 7382 1276 1727 1340 24445 523 6785 844
internal_value=-0.000727231 0.0142699 -0.0249139 0.0303508 -0.00140135 -0.00716578 -0.0113372 -0.0252956 0.010083 -0.0026909 -0.0183874 0.0145777 0.0242366 0.0131758 -0.029213 -0.00352397 0.0254298 -0.00297727 0.0439113 -0.00425588 0.0404137 0.00337524 0.0071148 -0.00214487 0.0161796 0.0103469 -0.0451356 -0.0256627 0.0233005 0.027047
internal_weight=12515.9 7725.88 4790.06 3812.63 3913.25 2551.77 2359.82 1210.58 2334.97 1227.73 1578.28 1978.94 1107.24 750.785 607.598 214.653 1120 727.159 191.948 413.899 92.7906 1149.25 1053.98 564.402 769.237 662.997 2238.29 353.396 620.129 144.477
internal_count=467792 138736 329056 43868 94868 90064 87091 70406 41124 31239 53744 14811 9885 5326 21731 3894 8469 10875 2973 2723 720 16685 13745 8880 5437 3710 238992 24968 9508 2120
is_linear=0
shrinkage=0.05


Tree=56
num_leaves=31
num_cat=0
split_feature=6 13 56 50 54 51 19 52 41 21 28 41 51 35 0 12 50 58 52 21 30 35 21 23 55 55 21 31 0 49
split_gain=1730.03 879.264 404.414 330.291 295.4 288.262 253.725 238.521 134.504 116.545 96.3934 90.9801 86.3348 90.3295 71.859 67.9163 85.3222 59.414 64.6079 100.877 53.3143 51.7981 57.9534 50.9093 49.2965 46.5261 46.3907 45.8137 44.1805 43.9951
threshold=4.5000000000000009 1.0000000180025095e-35 0.83087757229805004 0.6291005313396455 0.60390022397041332 0.99425286054611217 1.0000000180025095e-35 0.80243903398513805 0.31909090280532842 16.500000000000004 4.5000000000000009 0.98076921701431286 0.89022758603096019 0.88194444775581371 3.5000000000000004 1.0000000180025095e-35 0.95488464832305919 1.5000000000000002 0.62575301527977001 14.500000000000002 0.41421362757682806 0.58571431040763866 25.500000000000004 49.500000000000007 0.73538899421691906 0.55468320846557628 5.5000000000000009 0.41702897846698767 4.5000000000000009 0.8263767957687379
decision_type=2 2 2 2 2 2 2 2 2 2 2 2 2 2 2 2 2 2 2 2 2 2 2 2 2 2 2 2 2 2
left_child=1 4 7 17 6 9 8 29 -1 -6 -4 12 13 -11 -14 -8 -17 18 19 26 -19 22 24 -24 -5 28 -3 -10 -7 -2
right_child=2 3 10 21 5 25 15 -9 27 11 -12 -13 14 -15 -16 16 -18 20 -20 -21 -22 -23 23 -25 -26 -27 -28 -29 -30 -31
leaf_value=-0.045261618170880771 -0.046735439681513016 -0.077118788910396543 0.0090882659560415791 0.091691291887096585 0.026114565381208179 -0.026797563843361218 0.046688110590253878 -0.012750086139685486 -0.018740298104453094 0.0026552756859184383 -0.017901103262748786 0.041960717975270095 -0.015003165109147693 -0.019823562388567698 0.020661129378462817 -0.037467718839612661 0.0067101028291076201 0.0288331409056591 0.058877866533116732 -0.042381534003903355 -0.06709111745603534 0.05130592445655742 0.044493820633640116 -0.022680847514793951 0.034999320844435237 0.050950137554184899 0.017721065986741242 0.02417150806633123 0.057934605236630167 0.088904016315870471
leaf_weight=665.49537579063326 2071.0079908603802 12.882184892892836 669.97759939916432 43.669937145896256 502.45568324252963 40.013515470549464 83.578734789974988 709.08568665478379 171.79894222971052 930.76612978894264 651.68431756738573 121.61911579594016 186.16707528010011 858.33467539399862 576.44095471315086 129.27807686384767 677.51833252329379 264.08972075395286 33.405151168815792 158.73254777770489 14.390370139852164 1508.6645066393539 43.576659138314426 75.802887962199748 300.40862092748284 430.53097090963274 182.88234477117658 96.192345408722758 23.627592547796667 5.1129672517999998
leaf_count=68102 233601 111 10731 614 6889 666 2159 25401 5114 16489 20593 1056 1472 7059 3576 3243 8031 2290 345 7000 158 26647 596 808 3708 6130 2167 3002 253 69
internal_value=-0.00055578 0.0128028 -0.0270048 0.0365205 0.00140739 0.0095802 -0.0150341 -0.03781 -0.0332329 0.0040463 -0.00422311 -0.000109676 -0.00213048 -0.00813417 0.0119466 0.00406173 -0.000406408 0.0060757 -0.00657233 -0.0128881 0.023654 0.0467995 0.0320511 0.00200558 0.0424394 0.0450637 0.01112 -0.00330501 0.00506996 -0.0463588
internal_weight=12239.2 8132.32 4106.87 2638.5 5493.82 3669.96 1823.86 2785.21 933.487 3175.78 1321.66 2673.33 2551.71 1789.1 762.608 890.375 806.796 666.382 387.902 354.497 278.48 1972.12 463.458 119.38 344.079 494.172 195.765 267.991 63.6411 2076.12
internal_count=468080 177685 290395 44444 133241 43590 89651 259071 76218 36541 31324 29652 28596 23548 5048 13433 11274 12071 9623 9278 2448 32373 5726 1404 4322 7049 2278 8116 919 233670
is_linear=0
shrinkage=0.05


Tree=57
num_leaves=31
num_cat=0
split_feature=6 13 34 56 56 23 51 52 21 30 36 12 41 56 5 42 34 42 49 34 20 44 45 43 25 7 31 55 49 52
split_gain=1588.58 859.663 341.82 327.48 271.091 291.625 266.605 213.694 122.555 88.0058 134.844 98.0651 87.3411 79.1726 79.0461 78.8523 74.9601 66.5634 64.7449 95.7298 65.6978 56.3467 82.4681 54.3113 52.7652 53.3564 52.5734 51.2001 50.4981 63.4033
threshold=5.5000000000000009 1.0000000180025095e-35 0.34848485887050634 0.83375209569931041 0.62529620528221141 12.500000000000002 0.99425286054611217 0.79759037494659435 18.500000000000004 0.17902930825948718 0.94444444775581371 1.0000000180025095e-35 0.2788888961076737 0.98421010375022899 1.5000000000000002 0.001050322665832937 0.63068181276321422 0.0029863378731533889 0.41421362757682806 0.11805555596947671 14.500000000000002 1.0000000180025095e-35 1.0000000180025095e-35 0.023811220191419128 2.5000000000000004 1.0000000180025095e-35 0.21889881044626239 0.61951711773872387 0.58380147814750682 0.64326766133308422
decision_type=2 2 2 2 2 2 2 2 2 2 2 2 2 2 2 2 2 2 2 2 2 2 2 2 2 2 2 2 2 2
left_child=1 4 14 7 5 15 8 -2 18 13 16 -12 -7 26 -3 24 -11 -14 23 -20 -21 22 -5 -6 -1 -26 -10 -8 -16 -30
right_child=3 2 -4 21 6 12 27 -9 9 10 11 -13 17 -15 28 -17 -18 -19 19 20 -22 -23 -24 -25 25 -27 -28 -29 29 -31
leaf_value=-0.017069285206457275 -0.046692176677025111 0.033804203034953788 0.050873027973458045 0.024636546660334692 -0.026858955241986317 -0.043966868978808901 0.0091731505884859142 -0.013383055037424743 -0.0045698617902757022 -0.012444305825442729 0.075863267149200497 0.00014145494733563591 -0.02174598194027097 0.035534429458985176 -0.0024276447609544167 0.024517821989244817 -0.047222656457840954 0.048489777875722166 0.093069454300210061 -0.00025407155471597181 0.035219461636148648 0.0047971943804840872 -0.027779166329331535 0.035888366271835052 0.024091380927243972 -0.038096379718199354 0.016822392112832575 0.050442666865144495 0.062578447016597927 0.0075417310401886123
leaf_weight=401.76712869713083 1873.8347931960598 369.54000830836594 1483.004487211816 91.530761938542128 111.31235247338191 701.15924912784249 93.476167028769851 649.28781042713672 1089.063275385648 352.50863388506696 48.641023146919906 308.37696842756122 145.22218843968585 186.78851057961583 557.72638129256666 312.57361751236022 276.85205412097275 42.85989674879238 50.905810933560133 208.40756995789707 348.18530871998519 605.97248176205903 399.33736518025398 48.797322001773864 189.60208131186664 41.176331114955246 388.95212607411668 393.3058099001646 75.460283390246332 166.86911370931193
leaf_count=9603 222279 5106 27173 2777 4408 74695 847 25326 8952 10220 307 2006 8577 1293 11517 2984 2637 735 687 1273 2607 10808 13846 1092 1185 1078 4940 5924 748 2176
internal_value=-0.000535994 0.0114056 0.0349397 -0.028217 0.000525597 -0.0153247 0.00797217 -0.0381293 0.00303743 -0.00205828 -0.0138856 0.0106411 -0.0358608 0.00495343 0.0147106 0.00401461 -0.0277937 -0.00556895 0.0206169 0.0280621 0.0219603 -0.00540118 -0.0179751 -0.00763112 -0.0061398 0.0128791 0.00106726 0.0425528 0.00586027 0.0248667
internal_weight=12012.5 8392.53 2652.6 3619.96 5739.93 1834.36 3905.57 2523.12 3418.79 2651.18 986.379 357.018 889.241 1664.8 1169.6 945.119 629.361 188.082 767.608 607.499 556.593 1096.84 490.868 160.11 632.546 230.778 1478.02 486.782 800.056 242.329
internal_count=467806 192770 46720 275036 146050 98857 47193 247605 40422 30355 15170 2313 84007 15185 19547 14850 12857 9312 10067 4567 3880 27431 16623 5500 11866 2263 13892 6771 14441 2924
is_linear=0
shrinkage=0.05


Tree=58
num_leaves=31
num_cat=0
split_feature=6 13 41 52 54 23 51 52 41 21 50 35 50 23 28 42 50 43 25 58 52 58 50 20 38 0 51 58 50 21
split_gain=1486.16 757.997 362.778 330.375 241.142 260.7 253.472 234.603 99.7107 99.0857 96.8798 151.396 161.858 101.898 95.9217 76.1555 71.9387 64.0517 62.8628 77.3156 58.1977 56.9053 89.0749 63.9294 50.002 68.5688 47.4993 68.2204 75.574 90.0265
threshold=4.5000000000000009 1.0000000180025095e-35 0.58957219123840343 0.77032968401908886 0.58355855941772472 1.0000000180025095e-35 0.98076212406158458 0.80243903398513805 0.2788888961076737 27.500000000000004 0.56070175766944896 0.94444444775581371 0.95040982961654674 50.500000000000007 5.5000000000000009 0.0021254009334370498 0.83225107192993175 0.15727518498897555 1.5000000000000002 1.5000000000000002 0.96609193086624157 1.5000000000000002 0.87026646733284008 29.500000000000004 13.500000000000002 4.5000000000000009 0.85270008444786083 1.5000000000000002 0.55036231875419628 23.500000000000004
decision_type=2 2 2 2 2 2 2 2 2 2 2 2 2 2 2 2 2 2 2 2 2 2 2 2 2 2 2 2 2 2
left_child=1 4 7 16 5 15 9 -2 -7 10 18 13 -13 -12 26 20 17 -3 -6 -20 -1 22 -11 -24 -8 -26 27 28 -4 -30
right_child=2 3 14 -5 6 8 24 -9 -10 21 11 12 -14 -15 -16 -17 -18 -19 19 -21 -22 -23 23 -25 25 -27 -28 -29 29 -31
leaf_value=-0.039540519275751522 -0.046599487867670208 0.0019006515704305602 -0.044973638487797424 0.048485168168328374 0.040386245369153216 -0.046264945207212187 0.050063314722633548 -0.012676414800176453 -0.0064668949937889495 -0.029997311500979836 0.050152815596442725 -0.027484095676884441 0.015915642457652396 0.0067229025238969998 -0.020032763620403505 0.02782540011274073 0.056069161194088307 0.046379323705522404 -0.045017238798368713 0.013185632207601002 0.0015739493855881602 0.018595396287334996 -0.015055261992912248 0.015795516595487721 -0.037097316057634326 0.046905561879251351 0.028739938948327007 0.023002629537386854 0.03770753141325181 -0.022610585244732074
leaf_weight=101.24836205132306 1829.5255202390254 763.09335760911927 122.95097866747528 1569.7597126588225 41.447305702604353 574.40307948738337 386.6830390477553 707.62229495216161 217.13489206787199 418.19975215941668 389.88154241256416 298.5488547924906 758.71940821036696 206.89391405833885 603.10762600041926 243.64745311159641 79.547728076577187 89.558430127799511 167.93366752425209 85.591898072510958 543.57724623754621 176.8887454890646 358.12414226774126 314.40080209914595 42.704483011737466 53.761482462286949 183.44435380026698 201.27901009470224 105.56325040478259 146.47669381089509
leaf_count=3532 226396 13121 6874 29585 1041 65343 6101 25556 7885 7389 3483 2714 5706 1773 23217 2006 1071 739 8752 1005 7926 2267 2697 2185 552 838 1408 3446 1103 2169
internal_value=-0.000732492 0.0117589 -0.0259739 0.03449 0.00118298 -0.0145211 0.00831593 -0.0371469 -0.0353695 0.00323823 0.0103133 0.0150208 0.00364614 0.0351327 -0.00516116 0.00407162 0.0108964 0.00662133 -0.016045 -0.025393 -0.00493294 -0.00763963 -0.0119074 -0.000630696 0.0420449 0.00971928 0.00665565 -0.000412068 -0.0130078 0.00270196
internal_weight=11781.7 7881.75 3899.97 2501.96 5379.79 1680.01 3699.78 2537.15 791.538 3216.63 1949.02 1654.04 1057.27 596.775 1362.82 888.473 932.2 852.652 294.973 253.526 644.826 1267.61 1090.72 672.525 483.149 96.466 759.714 576.27 374.991 252.04
internal_count=467880 177711 290169 44516 133195 86692 46503 251952 73228 39012 24474 13676 8420 5256 38217 13464 14931 13860 10798 9757 11458 14538 12271 4882 7491 1390 15000 13592 10146 3272
is_linear=0
shrinkage=0.05


Tree=59
num_leaves=31
num_cat=0
split_feature=41 51 51 44 50 48 23 56 41 28 45 25 50 54 44 21 55 27 38 40 51 45 36 20 13 36 42 28 12 21
split_gain=1369.18 618.65 591.755 399.984 221.452 166.028 189.859 204.701 142.762 135.22 123.475 121.397 118.613 85.6823 83.6111 71.5884 69.1756 68.6912 66.1381 74.2282 65.2977 64.7608 62.9788 93.9868 62.0823 68.0033 58.9655 57.8787 49.2902 48.3064
threshold=0.48913043737411505 0.65599384903907787 0.91010102629661571 1.0000000180025095e-35 0.98213717341423046 1.0000000180025095e-35 11.500000000000002 0.48799693584442144 0.85092595219612133 6.5000000000000009 1.0000000180025095e-35 1.5000000000000002 0.98386678099632274 0.51176634430885326 1.0000000180025095e-35 6.5000000000000009 0.63497856259346019 8.5000000000000018 14.500000000000002 0.7947368621826173 0.96720427274703991 1.0000000180025095e-35 0.94444444775581371 20.500000000000004 1.0000000180025095e-35 0.84523808956146251 0.050097465515136726 5.5000000000000009 1.0000000180025095e-35 16.500000000000004
decision_type=2 2 2 2 2 2 2 2 2 2 2 2 2 2 2 2 2 2 2 2 2 2 2 2 2 2 2 2 2 2
left_child=1 -1 3 8 9 6 26 -8 12 16 -4 15 27 -7 -12 -11 -5 20 28 -20 -9 -10 -14 29 25 -6 -3 -2 -18 -24
right_child=2 5 10 4 24 13 7 17 21 11 14 -13 22 -15 -16 -17 18 -19 19 -21 -22 -23 23 -25 -26 -27 -28 -29 -30 -31
leaf_value=-0.045442476446794083 -0.017678726142371065 0.0013599656160618284 0.049767271645159178 0.048050553592040343 -0.010864607711946426 -0.033184560759766807 -0.046941654329701578 -0.008642143840125743 0.036303875738441176 -0.024010596092808666 0.0045824535984788951 -0.016231926573979497 -0.032169098763635121 0.054025961969744678 0.037159200427048934 0.043345442434493738 0.021323865731654065 -0.043922761711613398 -0.033861780806445634 0.010052587450677459 0.031073515789477597 -0.013833634823235314 0.023117544128906056 0.055169565326990813 0.052577347639822483 0.037107222628989515 0.059499811601150344 -0.039343636242106128 -0.030245011210015528 -0.027260867523967631
leaf_weight=1796.1038945680484 730.48591426387429 1120.8237111219205 963.30625387653708 153.47158185625449 102.17949768155813 33.755172314122319 553.85263932496309 393.46761322580278 184.11126593500376 51.801177024841309 345.47424417734146 769.36140202311799 86.409975587390363 152.96120237233117 458.1712350435555 157.45431685214862 1139.6233504055999 96.19705217750743 136.62690880149603 318.94394354335964 139.30835451325402 98.104804607108235 85.981653230264783 100.14101968705654 383.69285828620195 262.14272771961987 44.378509793430567 536.45293421670794 47.449933622032404 104.09082945808768
leaf_count=231968 20967 17225 18566 4412 533 1353 62828 7642 1794 633 2555 18357 825 1910 5072 1842 13499 3039 2750 2532 3111 1282 456 648 7761 1792 254 31487 350 511
internal_value=-0.000780294 -0.0230014 0.0125585 0.00440173 0.0144168 -0.00708818 -0.0107016 -0.0248044 -0.0139164 0.00790119 0.0376939 -0.00704762 -0.0195573 0.038167 0.0231781 0.0266366 0.0160455 -0.00526742 0.0130278 -0.00316277 0.00178132 0.0188876 0.00506838 0.0162281 0.0385434 0.0236599 0.00362343 -0.026876 0.0192388 -0.00446985
internal_weight=11546.3 4330.85 7215.48 5448.53 3522.75 2534.74 2348.03 1182.83 1925.78 2774.73 1766.95 978.617 1643.56 186.716 803.645 209.255 1796.12 628.973 1642.64 455.571 532.776 282.216 376.623 290.214 748.015 364.322 1165.2 1266.94 1187.07 190.072
internal_count=467954 329330 138624 112431 54461 97362 94099 76620 57970 44375 26193 20832 54894 3263 7627 2475 23543 13792 19131 5282 10753 3076 2440 1615 10086 2325 17479 52454 13849 967
is_linear=0
shrinkage=0.05


Tree=60
num_leaves=31
num_cat=0
split_feature=6 47 35 56 56 23 51 32 21 56 56 42 28 42 30 36 5 49 32 20 49 25 58 32 55 0 36 43 51 21
split_gain=1275.53 675.368 327.457 289.455 230.656 238.702 220.692 202.158 120.023 102.587 73 69.4179 65.912 61.2836 61.1636 101.463 58.4013 57.584 121.996 63.784 57.4722 56.8069 56.9095 53.5956 50.6563 46.3729 42.7796 45.2052 40.1738 56.5959
threshold=5.5000000000000009 1.0000000180025095e-35 0.58571431040763866 0.8134463131427766 0.63743132352828991 12.500000000000002 0.99425286054611217 1.5000000000000002 21.500000000000004 0.47643721103668218 0.98421010375022899 0.0028992209117859606 4.5000000000000009 0.00086095582810230564 0.15470086038112643 0.94444444775581371 1.5000000000000002 0.44575163722038275 1.0000000180025095e-35 16.500000000000004 0.81872946023941051 1.5000000000000002 1.5000000000000002 2.5000000000000004 0.63806602358818065 4.5000000000000009 0.94444444775581371 0.071481905877590193 0.42933948338031774 25.500000000000004
decision_type=2 2 2 2 2 2 2 2 2 2 2 2 2 2 2 2 2 2 2 2 2 2 2 2 2 2 2 2 2 2
left_child=1 4 16 7 5 13 8 20 17 -7 14 -11 -5 23 -10 -16 -3 21 -19 -20 -2 -6 -23 -1 25 -8 27 -14 -18 -30
right_child=3 2 -4 12 6 9 24 -9 10 11 -12 -13 26 -15 15 -17 28 18 19 -21 -22 22 -24 -25 -26 -27 -28 -29 29 -31
leaf_value=-0.01691578825977345 -0.046146785653883499 0.029786235176071003 0.05008620990156433 0.0057723935429918206 0.034493674849322947 -0.04695451464522174 -0.021347170157386051 -0.0037839703692551241 0.00086079925031761232 -0.023057617913063072 0.021913379709518555 0.033680646142909311 -0.025727010009892387 0.021466876924136891 -0.029845566931798191 0.0069507376902172404 -0.0039928262143698644 0.086497216002089261 0.0011414414278693951 0.028494291508906873 -0.0061415076291132936 -0.040189511617413437 0.028121627907380098 0.013367984859025085 0.049399774255052563 0.049773165258771908 0.033368044976086225 0.031161697391015316 0.034066354054488782 -0.013080863050971173
leaf_weight=391.97931035328656 1713.4135262886994 350.08961344091222 1265.7986878342927 578.88115547597408 59.525115159340203 521.7897317414172 55.062047924846411 376.86982823954895 1148.5376911968924 249.34403737308457 252.42471996415406 67.762571907602251 497.097278107889 311.2141284365207 535.11878912430257 287.47910730727017 467.41278732800856 66.828110761940479 371.80703196907416 498.67695980519056 95.087863012216985 116.22291760426015 40.4036157396622 231.647550214082 353.95362703129649 37.805429365485907 36.789854124188423 36.721867691725492 204.79129404015839 91.514761843718588
leaf_count=9687 226654 5107 26345 10635 1236 65426 397 13119 10530 18090 1935 1747 20389 3069 11291 1798 10007 901 2338 3776 3506 5602 531 2200 6042 483 262 623 2881 1356
internal_value=-0.000466679 0.0103891 0.0326962 -0.0264296 0.000901837 -0.0139959 0.00781417 -0.0371093 0.00343948 -0.0333419 -0.0033502 -0.0108654 -0.00611113 0.0033817 -0.00659493 -0.0169933 0.012906 0.0165197 0.0218802 0.0168259 -0.0440479 -0.00671909 -0.0225013 -0.00566342 0.040796 0.00782702 -0.0181559 -0.0217626 0.00513927 0.0195098
internal_weight=11312.1 7977.19 2379.61 3334.86 5597.58 1773.74 3823.85 2185.37 3377.02 838.896 2223.56 317.107 1149.49 934.841 1971.14 822.598 1113.81 1153.46 937.312 870.484 1808.5 216.152 156.627 623.627 446.821 92.8675 570.609 533.819 763.719 296.306
internal_count=467963 192775 45696 275188 147079 100219 46860 243279 39938 85263 25554 19837 31909 14956 23619 13089 19351 14384 7015 6114 230160 7369 6133 11887 6922 880 21274 21012 14244 4237
is_linear=0
shrinkage=0.05


Tree=61
num_leaves=31
num_cat=0
split_feature=6 44 50 41 45 50 50 31 45 54 41 40 42 51 40 33 55 54 35 21 50 58 21 51 8 23 51 32 25 26
split_gain=1196.69 629.388 362.466 281.575 230.49 199.151 151.766 150.298 145.453 172.843 104.668 127.575 93.6435 84.8827 87.8874 82.6691 79.9639 74.8137 73.801 73.0094 72.9296 98.0152 82.7241 70.7725 69.2357 65.7871 63.5655 57.5795 57.5447 54.4398
threshold=5.5000000000000009 1.0000000180025095e-35 0.59611794352531444 0.58114033937454235 1.0000000180025095e-35 0.77032968401908886 0.28831169009208685 0.1673669517040253 1.0000000180025095e-35 0.60556918382644664 0.82480818033218395 0.81534090638160717 0.0015576362493447962 0.98076212406158458 0.89564427733421337 3.5000000000000004 0.66542288661003124 0.99820789694786083 0.58571431040763866 25.500000000000004 0.68496242165565502 1.5000000000000002 23.500000000000004 0.99425286054611217 1.0000000180025095e-35 52.500000000000007 0.87559524178504955 1.0000000180025095e-35 1.5000000000000002 9.5000000000000018
decision_type=2 2 2 2 2 2 2 2 2 2 2 2 2 2 2 2 2 2 2 2 2 2 2 2 2 2 2 2 2 2
left_child=1 8 6 5 18 -2 -3 13 10 -10 11 12 16 14 29 -8 26 23 19 -4 21 28 -22 -11 -23 -9 -1 -13 -5 -6
right_child=3 2 4 20 7 -7 15 25 9 17 -12 27 -14 -15 -16 -17 -18 -19 -20 -21 22 24 -24 -25 -26 -27 -28 -29 -30 -31
leaf_value=-0.029207058335205777 -0.047123411689153974 0.01711614771920349 0.038636874888032365 0.011237741222729837 0.0017052194858145318 -0.013891703511464527 0.018030670134799403 0.041577209171326908 -0.042908788478540981 -0.012557293824338057 0.036014962162660029 0.0067517826060316567 0.021842053929821085 0.047825093627572153 0.027066608496506495 -0.03078931571547663 0.034794480864371057 0.080866864851045148 0.049887315185494135 -0.004921382978254756 0.033796008287098965 0.049838177004563063 -0.0083538501059184367 0.024199431218396735 -0.0083693777630443229 -0.0030180894294314356 -0.00050251229458188752 -0.084041224034957951 -0.041758098446233044 -0.028252666015215658
leaf_weight=301.33120484044775 1459.9440899961628 487.19559412170202 351.45937665877864 60.569954894017428 374.21430523786694 653.62541982159019 107.21744783315808 571.31817019311711 441.59529643552378 1166.2319351090118 228.38104435056448 23.944710263982415 459.9163863924332 98.110930078662932 206.94432068616152 440.20298332767561 107.18834082968533 22.883750574663281 1238.9246977688745 132.0280088474974 195.27684743097052 66.732664559502155 285.32950786780566 146.57411404140294 207.05232897307724 96.515907640568912 532.78940334869549 62.129722371697426 318.26333086425439 253.85172940371558
leaf_count=17880 206807 7027 4816 2893 2770 32803 1541 7634 48342 17495 2288 188 6009 1995 1338 23656 1839 184 26851 1718 1686 1808 3297 2088 6498 1824 12654 419 19239 2259
internal_value=-0.00055317 0.0100056 0.0226777 -0.02608 0.0307213 -0.0368579 -0.00316437 0.0170473 -0.00580674 -0.0158275 0.00457706 -0.000271317 0.00337555 0.00407647 -0.0011149 -0.021212 -0.00566065 -0.00684875 0.0434137 0.0267566 -0.00596363 -0.0168378 0.00880682 -0.00843813 0.00594794 0.0351374 -0.0108948 -0.0589964 -0.0332776 -0.0104288
internal_weight=11097.7 7850.95 4357.98 3246.79 3323.37 2113.57 1034.62 1600.96 3492.97 1777.29 1715.68 1487.3 1401.23 933.121 835.01 547.42 941.309 1335.69 1722.41 483.487 1133.22 652.618 480.606 1312.81 273.785 667.834 834.121 86.0744 378.833 628.066
internal_count=467846 192815 83429 275031 51205 239610 32224 17820 109386 68109 41277 38989 38382 8362 6367 25197 32373 19767 33385 6534 35421 30438 4983 19583 8306 9458 30534 607 22132 5029
is_linear=0
shrinkage=0.05


Tree=62
num_leaves=31
num_cat=0
split_feature=41 49 5 13 49 21 43 48 23 56 34 32 49 41 21 54 58 23 7 49 21 41 29 28 21 35 28 55 7 52
split_gain=1101.44 580.741 482.774 308.37 178.888 179.798 161.514 143.142 138.751 202.828 131.849 106.953 99.3138 93.7133 91.3218 84.6141 78.9857 67.8756 72.7272 67.0873 65.8521 63.0108 67.8644 60.7612 60.0492 58.7629 70.5167 58.1747 54.4305 51.3534
threshold=0.48913043737411505 0.66312056779861461 2.5000000000000004 1.0000000180025095e-35 0.51087471842765819 23.500000000000004 0.083435263484716429 1.0000000180025095e-35 10.500000000000002 0.47643721103668218 0.34848485887050634 1.0000000180025095e-35 0.96449580788612377 0.71825397014617931 16.500000000000004 0.5966327190399171 1.5000000000000002 50.500000000000007 1.0000000180025095e-35 0.96449580788612377 12.500000000000002 0.98076921701431286 1.0000000180025095e-35 4.5000000000000009 12.500000000000002 0.64583334326744091 5.5000000000000009 0.9143919348716737 1.0000000180025095e-35 0.64051282405853283
decision_type=2 2 2 2 2 2 2 2 2 2 2 2 2 2 2 2 2 2 2 2 2 2 2 2 2 2 2 2 2 2
left_child=1 -1 3 12 6 11 13 8 28 -10 -5 -6 14 -4 -2 -9 20 18 19 -11 -15 22 27 -24 -8 -7 -27 -16 -3 -22
right_child=2 7 4 10 5 25 24 15 9 17 -12 -13 -14 16 21 -17 -18 -19 -20 -21 29 -23 23 -25 -26 26 -28 -29 -30 -31
leaf_value=-0.044705640957503227 0.031491386437687473 0.0059007067862189844 -0.037345854931115419 0.020748955251971204 0.067090447409188403 -0.024989370867487832 0.11137299744430509 -0.01436868599682347 -0.046449794879328814 0.0033422583987302319 0.049999142361519727 0.016782670027987907 0.040244605071597779 0.0051317453455125613 0.012768988489976216 0.060232757210920231 0.0087024712585408188 -0.045820309939472038 -0.031633189008745254 0.054324456212543976 -0.046708742224616885 0.044818390790404034 0.012249643822780907 -0.0071747248945259294 0.019598100911043803 0.018584816529658345 -0.022438779453753409 -0.048416965932324453 -0.034997845704474874 0.067359338059113524
leaf_weight=1609.2374768154696 346.35345291066915 1061.6446848022752 606.20082024531439 622.228742654901 142.32157926214859 296.38547179382294 20.230712667573243 54.50837315665558 479.39145277626812 343.37773086689413 1020.2475510984659 406.08889194577932 263.03507992252707 111.17349879723042 57.819427648093551 122.09848821861669 301.43723851907998 79.918563142418861 115.83055385714397 78.503070861566812 219.11963185109198 87.822973925620317 1043.1961622806266 654.38727896427736 115.57678631180897 286.48173798527569 163.82300577219576 115.24378469027579 87.101267790887505 9.4759394600987417
leaf_count=230763 3372 15416 48216 7293 2171 6244 186 1860 60947 6466 23563 4144 4646 1958 513 1607 3852 3294 4458 1295 9158 865 8046 7703 1468 2757 1735 880 2876 121
internal_value=-0.000678973 -0.0214328 0.0114687 0.0220239 -0.00512633 0.00822501 -0.0176241 -0.00596011 -0.00937372 -0.022083 0.0389375 0.0299367 0.0111946 -0.0232654 0.00786324 0.0372563 -0.00991622 -0.00312542 0.00329348 0.012935 -0.0264115 0.00367069 0.00171598 0.00476209 0.0339836 -0.00773998 0.00364359 -0.0280192 0.00277192 -0.0417075
internal_weight=10920.3 4031.61 6888.65 4210.33 2678.32 1295.1 1383.21 2422.37 2245.77 1097.02 1642.48 548.41 2567.86 1247.41 2304.82 176.607 641.206 617.63 537.711 421.881 339.769 1958.47 1870.65 1697.58 135.807 746.69 450.305 173.063 1148.75 228.596
internal_count=467873 328982 138891 56881 82010 17051 64959 98219 94752 76460 30856 6315 26025 63305 21379 3467 15089 15513 12219 7761 11237 18007 17142 15749 1654 10736 4492 1393 18292 9279
is_linear=0
shrinkage=0.05


Tree=63
num_leaves=31
num_cat=0
split_feature=56 51 51 44 50 13 50 45 41 45 38 21 28 58 43 35 50 20 42 31 21 58 55 40 52 40 41 23 44 55
split_gain=1029.47 510.544 476.172 362.539 193.332 142.696 133.37 132.315 133.755 131.464 122.575 97.8285 87.8462 87.5087 81.8883 79.2076 84.0675 135.357 76.8574 73.5834 73.2486 74.1111 66.1913 59.3064 57.5188 57.2166 50.3856 50.1125 57.8041 46.5485
threshold=0.67867964506149303 0.99425286054611217 0.680425524711609 1.0000000180025095e-35 0.87298336625099193 1.0000000180025095e-35 0.68614074587821972 1.0000000180025095e-35 0.21807064861059192 1.0000000180025095e-35 17.500000000000004 23.500000000000004 6.5000000000000009 1.5000000000000002 0.0041560025420039901 0.94444444775581371 0.95275297760963451 19.500000000000004 0.0015576362493447962 0.23112535476684573 15.500000000000002 3.5000000000000004 0.72192236781120311 0.92450141906738292 0.99425286054611217 0.85092595219612133 0.62202382087707531 50.500000000000007 1.0000000180025095e-35 0.64126285910606395
decision_type=2 2 2 2 2 2 2 2 2 2 2 2 2 2 2 2 2 2 2 2 2 2 2 2 2 2 2 2 2 2
left_child=2 3 -1 6 10 19 9 14 -9 13 12 15 22 -2 18 -8 -17 -18 24 25 -14 -22 -5 -12 -4 -6 -15 28 -10 -3
right_child=1 29 7 4 5 -7 11 8 27 -11 23 -13 20 26 -16 16 17 -19 -20 -21 21 -23 -24 -25 -26 -27 -28 -29 -30 -31
leaf_value=-0.044630002654521883 -0.023141755613499453 0.012742004115369394 -0.038804678560290885 0.044464843599081677 -0.0028457255130330964 0.044684968507849421 0.034732516961331748 -0.043551853144330521 -0.0094215411556582557 -0.040423701066749897 -0.034892469794541657 -0.01222197905380281 0.015882261036332085 -0.033094900365160808 0.081774212452800144 -0.036214633975814786 -0.0070746754474787553 0.064752971485377661 0.014087988811322999 0.039248945581219774 -0.027220898029843749 0.026167356522911241 0.012977095719403565 0.012098500591705936 -0.0038213875424713711 0.027827343800002152 0.047251734722290523 -0.045653476807950205 0.044060936104571208 0.050485148442528952
leaf_weight=1472.9503947081976 160.09170686453581 92.437998201698065 143.3253071908839 197.79939078865573 482.86262259818614 704.49521729722619 255.00091734249145 401.07575279055163 117.57839941140264 548.55679122311994 250.56461502984166 919.07096417760476 275.78318827273324 23.257270527072251 30.184279763605446 117.79445985052735 235.27720352075994 89.856345951557159 550.20626204647124 231.77273132372648 343.93694874783978 79.253817332908511 1051.9524029670283 91.012485090643167 633.61926303291693 220.80086431652308 103.09692156501114 42.421984215732664 87.217045653611422 758.33067239448428
leaf_count=228950 9305 1161 6801 4441 2800 16102 2662 49860 3985 41780 8361 10109 4126 2226 465 1174 1318 620 7726 1685 9273 1437 12117 764 16174 1353 1411 1676 1190 16975
internal_value=-0.000705693 0.0100438 -0.0230535 0.00519032 0.0146016 0.0277015 -0.00989444 -0.00719313 -0.0257569 -0.0261089 0.00521355 -0.0015105 0.010058 0.0013499 0.00168577 0.0125923 -0.000203781 0.0129138 -0.000195938 0.0148769 -0.00413375 -0.0171844 0.0179923 -0.0223731 -0.0103164 0.00680493 0.0323191 0.0031721 0.0134587 0.046404
internal_weight=10711.6 7233.01 3478.58 6382.24 3930.23 1639.93 2452 2005.63 648.293 835.003 2290.3 1617 1948.73 286.446 1357.34 697.929 442.928 325.134 1327.15 935.436 698.974 423.191 1249.75 341.577 776.945 703.663 126.354 247.217 204.795 850.769
internal_count=468027 151200 316827 133064 62459 21940 70605 87877 56711 54722 40519 15883 31394 12942 31166 5774 3112 1938 30701 5838 14836 10710 16558 9125 22975 4153 3637 6851 5175 18136
is_linear=0
shrinkage=0.05


Tree=64
num_leaves=31
num_cat=0
split_feature=54 52 51 13 34 44 45 56 41 50 21 43 35 50 22 23 7 56 7 42 25 50 5 25 58 21 43 56 50 34
split_gain=964.196 506.632 455.516 296.272 208.55 193.964 221.605 120.362 117.209 115.767 142.305 141.831 118.101 125.978 110.835 79.5023 73.7865 72.2859 58.5773 57.6518 57.7762 61.2415 56.036 53.3967 68.8177 52.1681 51.4971 50.0749 49.7718 59.6509
threshold=0.68860191106796276 0.75181159377098095 0.99425286054611217 1.0000000180025095e-35 0.34848485887050634 1.0000000180025095e-35 1.0000000180025095e-35 0.98421010375022899 0.56832298636436474 0.57932874560356151 27.500000000000004 0.034213293343782432 0.94444444775581371 0.95040982961654674 48.500000000000007 47.500000000000007 1.0000000180025095e-35 0.73569172620773327 1.0000000180025095e-35 0.050097465515136726 2.5000000000000004 0.95275297760963451 1.5000000000000002 1.5000000000000002 1.5000000000000002 22.500000000000004 0.019618419930338863 0.52657252550125133 0.88303694128990184 0.68333333730697643
decision_type=2 2 2 2 2 2 2 2 2 2 2 2 2 2 2 2 2 2 2 2 2 2 2 2 2 2 2 2 2 2
left_child=1 8 3 7 17 6 16 9 -1 11 12 -2 14 -14 -11 18 19 -5 -7 20 21 -3 -19 -13 -25 -24 -10 -8 -12 -30
right_child=2 5 -4 4 -6 15 27 -9 26 10 28 23 13 -15 -16 -17 -18 22 -20 -21 -22 -23 25 24 -26 -27 -28 -29 29 -31
leaf_value=-0.046701496049789626 -0.031758826018247026 -0.028140686295140372 0.048327383293217771 0.10588113348950551 0.046945186468380765 0.041908592375865229 -0.047648225831020942 0.023590932378408522 -0.022541178309222854 0.04500982449455803 -0.026797085963839253 0.12577995535753095 -0.030490653171316152 0.011002900960613397 0.0031479632926007793 -0.014096773383652596 -0.03542837538661596 0.027723911801514289 -0.020751101987886923 0.053769716168753923 0.014327342399177781 0.002519971343359241 0.014371972665728667 -0.037344246117342918 0.032614118701048377 -0.010839388191221292 0.028773866758897981 -0.02030817962931783 0.017645881302354168 -0.015412825388138686
leaf_weight=1365.1558450199664 631.696500308346 244.39894761657342 751.79061337839812 18.75887918099761 625.96774965524673 325.85374916531146 365.26442577317357 438.69683179911226 241.32573115918785 365.49185143504292 412.75123979244381 9.9759893589653057 258.45831662137061 619.14696892350912 278.38109384477139 106.7904584039934 134.30616359272972 302.93729342706501 41.495394099969417 53.392615519464016 494.83770445827395 483.80229748319834 438.15743238292634 49.175883116200566 116.72317959414795 384.17350307991728 60.337816613726318 313.20940261380747 204.43508790247142 405.52643489371985
leaf_count=223219 45548 12436 16778 1296 14710 5472 52305 3998 12954 4173 6637 215 2161 3886 4058 2725 7452 3486 970 428 5243 9971 5670 2651 1230 5020 1511 7495 1439 2877
internal_value=-0.000553013 -0.0190217 0.0118249 0.00688184 0.0237652 -0.00506373 -0.0116169 -0.00100621 -0.0404714 -0.0042317 0.00100567 -0.0207124 0.0106981 -0.00123791 0.0269436 0.0237754 -0.000318028 0.0110521 0.0347935 0.00340113 0.00116012 -0.00779484 0.00937862 0.0189185 0.0117775 0.00259496 -0.0122161 -0.0350755 -0.01341 -0.0043221
internal_weight=10542.4 4230.17 6312.24 5560.45 1769.99 2563.35 2089.21 3790.46 1666.82 3351.76 2544.19 807.572 1521.48 877.605 643.873 474.14 1410.74 1144.03 367.349 1276.43 1223.04 728.201 1125.27 175.875 165.899 822.331 301.664 678.474 1022.71 609.962
internal_count=468014 342181 125833 109055 30182 104497 95330 78873 237684 74875 25231 49644 14278 6047 8231 9167 35530 15472 6442 28078 27650 22407 14176 4096 3881 10690 14465 59800 10953 4316
is_linear=0
shrinkage=0.05


Tree=65
num_leaves=31
num_cat=0
split_feature=6 47 34 56 52 54 31 51 21 30 34 50 32 25 58 42 32 50 51 23 21 28 58 0 41 7 50 52 58 52
split_gain=911.959 487.837 325.346 229.956 190.271 157.176 216.652 200.052 92.1732 63.5462 87.1919 59.3739 135.128 63.8556 61.6145 59.0382 65.0428 56.7309 75.3366 61.8882 57.1825 55.1302 54.8837 52.2268 48.7627 47.6514 45.4861 43.0329 41.7666 124.851
threshold=6.5000000000000009 1.0000000180025095e-35 0.34848485887050634 0.88143625855445873 0.79759037494659435 0.58355855941772472 0.56329935789108287 0.99425286054611217 21.500000000000004 0.1573787406086922 0.94444444775581371 0.56562754511833202 1.0000000180025095e-35 1.5000000000000002 1.5000000000000002 0.0014134282828308644 2.5000000000000004 0.59611794352531444 0.27334994077682501 51.500000000000007 23.500000000000004 8.5000000000000018 3.5000000000000004 2.5000000000000004 0.2788888961076737 1.0000000180025095e-35 0.88047617673873912 0.63224515318870556 1.5000000000000002 0.7897985875606538
decision_type=2 2 2 2 2 2 2 2 2 2 2 2 2 2 2 2 2 2 2 2 2 2 2 2 2 2 2 2 2 2
left_child=1 5 17 4 26 6 24 8 11 28 22 13 -13 -7 -15 16 -8 18 -3 -19 -21 -12 -11 -14 -1 -9 -2 -20 29 -10
right_child=3 2 -4 -5 -6 7 15 25 9 10 21 12 23 14 -16 -17 -18 19 27 20 -22 -23 -24 -25 -26 -27 -28 -29 -30 -31
leaf_value=-0.045632007708707428 -0.044506905912796227 0.011637585080848441 0.048536729419314882 -7.2401460070303252e-05 -0.0098865122025990487 0.036394822545897342 -0.018118629810798644 0.045696369060254247 -0.039792784382806479 -0.029327922974550683 -0.0046467399083941425 0.082608844928452524 -0.011768603061116545 -0.042134809061901819 0.028002771147419538 0.017573070829091004 0.013779896585896775 0.037981911709269699 -0.030898497152518842 0.030210753110963454 -0.026958165540866438 0.044405580982748792 0.025915817579545343 0.019086526968281736 -0.014465892880984065 -0.0019971849120619732 0.037885271683374133 0.063006571830673999 0.024923768391841204 0.0065086659112344285
leaf_weight=421.22503944439813 1431.1285211779177 438.23149675969034 1044.0683849016204 671.99896147008985 591.68734615575522 55.13436590693891 466.91857927339152 355.33939210837707 170.95256864698604 562.77898127352819 220.97317635919899 75.185111957602203 168.99608321674168 127.77201518369839 40.596843751147389 361.39447548426688 241.81361732259393 272.23791295243427 192.16806674422696 81.258722091093659 92.411063039675355 76.252367550507188 48.09551375778392 713.58265365799889 180.35061687137932 61.299178195651621 16.235484116245061 12.103297216352074 186.2281010732986 948.79663902753964
leaf_count=62386 223157 5875 26654 15559 24135 1697 20873 6647 4888 12961 1705 1117 2058 8713 616 5391 2542 4213 8303 1081 1107 612 1186 5632 8162 1181 745 142 1917 6674
internal_value=-0.000541783 0.00832322 0.0286095 -0.0254402 -0.0337963 0.000430569 -0.0123477 0.00603612 0.00201883 -0.00399863 -0.0141493 0.0132913 0.0187031 -0.0098794 -0.0251579 0.00115419 -0.00723103 0.00946713 -4.88191e-05 0.023148 -0.00018946 0.0080442 -0.0249432 0.0131718 -0.036328 0.0386913 -0.0435572 -0.0250547 0.00306499 -0.000589394
internal_weight=10327.2 7616.16 2132.48 2711.05 2039.05 5483.69 1671.7 3811.98 3395.34 2214.08 908.1 1181.27 957.764 223.503 168.369 1070.13 708.732 1088.41 642.503 445.908 173.67 297.226 610.874 882.579 601.576 416.639 1447.36 204.271 1305.98 1119.75
internal_count=467929 204333 47375 263596 248037 156958 99354 57604 49776 29943 16464 19833 8807 11026 9329 28806 23415 20721 14320 6401 2188 2317 14147 7690 70548 7828 223902 8445 13479 11562
is_linear=0
shrinkage=0.05


Tree=66
num_leaves=31
num_cat=0
split_feature=54 52 51 44 50 7 50 41 41 13 45 39 38 40 56 23 50 50 25 21 56 21 35 50 20 48 44 23 27 55
split_gain=837.104 438.932 430.889 294.103 148.302 143.225 118.836 97.6322 96.8267 96.2802 94.9391 159.878 94.0577 83.8537 80.8614 81.1435 79.8676 121.053 109.349 83.4227 109.188 75.6948 75.7932 73.8269 109.374 70.6494 60.8022 53.2163 46.2397 45.4911
threshold=0.66063237190246593 0.81892696022987377 0.99425286054611217 1.0000000180025095e-35 0.95275297760963451 1.0000000180025095e-35 0.68801230192184459 0.81365740299224865 0.54006412625312816 1.0000000180025095e-35 1.0000000180025095e-35 0.063508063554763808 14.500000000000002 0.90692642331123363 0.47643721103668218 15.500000000000002 0.58102023601531994 0.28831169009208685 1.5000000000000002 30.500000000000004 0.7392621934413911 23.500000000000004 0.94444444775581371 0.95275297760963451 19.500000000000004 1.0000000180025095e-35 1.0000000180025095e-35 43.500000000000007 10.500000000000002 0.55468320846557628
decision_type=2 2 2 2 2 2 2 2 2 2 2 2 2 2 2 2 2 2 2 2 2 2 2 2 2 2 2 2 2 2
left_child=1 8 3 6 12 10 7 -2 -1 -6 14 -12 16 -14 15 -3 17 25 -19 20 -18 22 -8 -24 -25 -5 -13 -28 -23 -4
right_child=2 5 29 4 9 -7 21 -9 -10 -11 11 26 13 -15 -16 -17 19 18 -20 -21 -22 28 23 24 -26 -27 27 -29 -30 -31
leaf_value=-0.045458163082710348 -0.035067840043864623 0.0073387907721162229 -0.00024983104178063473 0.067988108357271856 0.017312022379657049 -0.039469101562165418 0.034766753963388769 0.0093395440029124047 -0.010894368935285129 0.049209830164551431 -0.048757216436159878 -0.016627408774056083 -0.019432322929379152 0.016057881385302172 0.045551807802810207 -0.04495019766083061 0.12077449999941077 0.022555649064455924 -0.033537310205798268 -0.0027135401920777131 0.027047058130630283 -0.0056144904073682144 -0.035676290756579632 -0.0063023797652379462 0.060930263830365386 0.012313871710891553 0.039235507195883403 -0.014039372927414809 -0.039262497896829868 0.049723847249702746
leaf_weight=1281.7891202885658 557.89756016153842 1042.1030102642253 48.758246418088675 69.452428380027413 534.85815275553614 262.37406679382548 237.49938788078725 158.51191924978048 241.52322466764599 425.68720667995512 232.34418592462316 200.29156828997657 466.53183654742315 257.5228427387774 127.16055269772187 78.881863915361464 31.435767172835767 124.01908736536279 284.75665461504832 240.057163069956 804.43827660474926 726.54259323701262 109.33178700366989 220.97406385000795 82.212352448608726 301.70141648128629 141.52291565481573 69.216156010981649 117.89869265211746 686.59604046680033
leaf_count=223632 50758 12922 629 920 3570 17420 2778 2650 12512 11453 35025 8969 10309 2335 2066 8617 479 1343 12167 2805 9033 8047 1217 1295 650 3074 1632 1291 1417 16834
internal_value=-0.000401639 -0.0194568 0.0104018 0.00579001 0.0147233 -0.00492404 -0.00851579 -0.025243 -0.0399888 0.0314847 -0.000113948 -0.015702 0.00847291 -0.00680487 0.0079273 0.00362252 0.0144339 0.0022457 -0.0165057 0.0232587 0.0307121 -0.000485626 0.0123296 -0.000640947 0.0120689 0.0228866 0.00305611 0.021754 -0.0103532 0.0464145
internal_weight=10163.9 3677.21 6486.68 5751.33 3540.46 2153.89 2210.87 716.409 1523.31 960.545 1891.52 643.375 2579.92 724.055 1248.15 1120.98 1855.86 779.93 408.776 1075.93 835.874 1494.46 650.018 412.518 303.186 371.154 411.031 210.739 844.441 735.354
internal_count=467849 324086 143763 126300 57488 87942 68812 53408 236144 15023 70522 46917 42465 12644 23605 21539 29821 17504 13510 12317 9512 15404 5940 3162 1945 3994 11892 2923 9464 17463
is_linear=0
shrinkage=0.05


Tree=67
num_leaves=31
num_cat=0
split_feature=41 50 51 44 50 45 43 23 56 28 41 50 31 21 58 48 13 37 36 51 23 36 40 45 41 56 52 34 36 52
split_gain=774.76 493.176 409.64 230.099 160 116.498 105.984 123.735 175.387 92.7375 90.1587 87.9017 75.0866 74.7915 64.0778 61.145 60.9006 60.8278 60.257 74.7311 59.0873 58.3859 54.9544 79.8603 81.1743 66.2159 52.496 51.0298 50.7811 48.5377
threshold=0.48913043737411505 0.77459675073623668 0.91010102629661571 1.0000000180025095e-35 0.98076212406158458 1.0000000180025095e-35 0.0019849917152896528 13.500000000000002 0.48549300432205206 6.5000000000000009 0.88562092185020458 0.98386678099632274 0.51031038165092479 18.500000000000004 3.5000000000000004 1.0000000180025095e-35 1.0000000180025095e-35 6.5000000000000009 0.78888890147209179 0.99425286054611217 56.500000000000007 0.84523808956146251 0.87749999761581432 1.0000000180025095e-35 0.73879140615463268 0.97740960121154796 0.080540537834167494 0.38750000298023229 0.94444444775581371 0.71503761410713207
decision_type=2 2 2 2 2 2 2 2 2 2 2 2 2 2 2 2 2 2 2 2 2 2 2 2 2 2 2 2 2 2
left_child=1 29 3 10 9 -4 7 -3 -9 12 11 22 -5 -11 -15 17 21 18 -7 -20 -10 -6 23 24 -2 -25 -16 -19 -13 -1
right_child=2 6 5 4 16 15 -8 8 20 13 -12 28 -14 14 26 -17 -18 27 19 -21 -22 -23 -24 25 -26 -27 -28 -29 -30 -31
leaf_value=-0.047598392109061582 -0.019453339136932091 0.0023120708667430322 0.047854546459880354 0.010192904234109403 -0.011763877766323816 0.049561610112871635 0.027394298414223202 -0.045482643225028256 0.0035932814125863421 0.0098443973600806783 0.021697104414568239 -0.027393351552628599 0.059393351828282731 -0.027177505293043067 -0.033339721959519973 0.04628164960174698 0.051295978599609153 -0.031058170973435325 -0.022019838773643149 0.025772659509426778 -0.055328614243615654 0.03312576757882997 -0.061807489855176569 -0.029529093649488958 0.031434345256243147 0.078653728700919842 0.043119052389378437 0.053079790636111041 0.015820694167023693 -0.019201220114540955
leaf_weight=1119.2889678203501 184.70969595760107 1141.6568843228742 710.92423749156296 1608.6609131791629 102.76865619048476 56.093697056174278 224.31347702071071 432.70692328596488 450.7035857043229 379.84740705043077 182.68491548765451 87.838011058047414 80.543854631949216 442.48529572086409 33.082791888620704 160.83913930505514 276.5547241885215 20.634803347289562 238.36178004555404 123.28643323108554 45.974069757387042 241.01970889419317 80.007529327645898 777.2361607933417 134.58462095074356 13.473650851286946 65.211306411307305 115.55345375835896 288.88668999262154 175.99848357774317
leaf_count=210548 13038 20076 18614 22200 548 293 3795 63313 11633 7442 1956 879 1361 11296 974 2614 7824 142 1232 1946 2012 1792 630 36657 3103 142 1115 1370 1674 17637
internal_value=-0.000513866 -0.0191028 0.00990797 0.00313968 0.0110483 0.0335292 -0.00517683 -0.00871611 -0.0222511 0.00561711 -0.011461 -0.0153387 0.0125726 -0.00714492 -0.0190745 0.0192339 0.0338522 0.011311 0.00182007 -0.00570116 -0.00196093 0.0197117 -0.0219979 -0.0190754 0.00202732 -0.0275886 0.0173088 0.040198 0.00569896 -0.0437577
internal_weight=9995.93 3590.64 6405.29 4979.6 3230.17 1425.69 2295.35 2071.04 929.385 2609.83 1749.42 1566.74 1689.2 920.627 540.779 714.769 620.343 553.93 417.742 361.648 496.678 343.788 1190.01 1110 319.294 790.71 98.2941 136.188 376.725 1295.29
internal_count=467856 329014 138842 112631 54552 26211 100829 97034 76958 44388 58079 56123 23561 20827 13385 7597 10164 4983 3471 3178 13645 2340 53570 52940 16141 36799 2089 1512 2553 228185
is_linear=0
shrinkage=0.05


Tree=68
num_leaves=31
num_cat=0
split_feature=6 47 35 41 50 7 28 50 36 42 39 35 51 36 55 6 6 28 42 38 51 55 58 8 28 58 50 56 39 36
split_gain=736.364 410.175 286.209 215.282 193.816 124.842 166.82 103.735 103.901 93.9002 81.3521 105.327 77.5761 75.3847 67.4116 66.7364 65.6777 57.3208 55.4554 51.4665 53.7853 81.9789 64.0285 50.4053 47.6717 45.6546 45.1061 36.7044 54.262 36.6373
threshold=5.5000000000000009 1.0000000180025095e-35 0.58571431040763866 0.58957219123840343 0.80243903398513805 1.0000000180025095e-35 4.5000000000000009 0.97530490159988414 0.94444444775581371 0.0014587899786420169 0.27149876952171331 0.94444444775581371 0.87138131260871898 0.84523808956146251 0.67448741197586071 2.5000000000000004 1.0000000180025095e-35 5.5000000000000009 0.0016142060630954804 17.500000000000004 0.99425286054611217 0.54067841172218334 1.5000000000000002 1.0000000180025095e-35 5.5000000000000009 1.5000000000000002 0.58898946642875682 0.55190372467041027 0.33854167163372045 0.94444444775581371
decision_type=2 2 2 2 2 2 2 2 2 2 2 2 2 2 2 2 2 2 2 2 2 2 2 2 2 2 2 2 2 2
left_child=1 5 18 4 -2 6 9 10 -9 19 -8 -12 -11 -14 -7 -15 -10 23 27 20 22 -22 -1 25 -18 26 -5 -3 -29 -19
right_child=3 2 -4 17 -6 14 7 8 16 12 11 -13 13 15 -16 -17 24 29 -20 -21 21 -23 -24 -25 -26 -27 -28 28 -30 -31
leaf_value=-0.0067518803876392176 -0.044636559465077032 -0.044511511564638701 0.047856338696142073 -0.04327514989034642 -0.0083829994575074195 -0.040693261134215356 -0.043019057100343427 -0.028026144929958696 -0.0077262789398453132 0.0044756947619194508 0.0043056831992444823 -0.037507535978096085 0.057765198298553561 0.032800143142172632 -0.0015430264503546896 -0.00010371363518738228 -0.0059829489772515732 -0.021378768975247386 0.045486915590188602 -0.025064714570418742 0.0052805212899980046 0.050803463266877735 0.027165134450844626 -0.0049525037953253234 0.039064451742766036 0.068550544418720258 0.025070693783281056 0.061147423188481681 0.0048508357054107346 0.036468188548765448
leaf_weight=883.18991730827838 1174.0134864482097 34.012884065043181 920.91214284859598 28.531109190545976 538.00227329786867 263.00226217834279 282.99563771020621 179.73770606797189 188.46360768936574 520.78154217498377 413.554330565501 235.71626051142812 178.84102025115862 438.56566365901381 188.57106550782919 237.28213755693287 75.227683389093727 430.13573290873319 95.872708920855075 157.2394919609651 330.83717144001275 140.23356391536072 164.13908710004762 382.78516630968079 262.92087819287553 46.749499117955565 132.30051215132698 44.078703122679144 854.1292722960934 28.334278244525194
leaf_count=23803 215753 5052 26454 1810 24564 19084 30006 1599 7921 7894 10994 2484 1461 5863 2025 3849 714 21170 1813 8430 11387 2680 1823 9476 5078 747 1384 2273 10197 226
internal_value=-0.000429721 0.00810065 0.0276265 -0.0223321 -0.0332554 0.000694698 0.00311422 -0.00975003 0.00470012 0.010024 -0.0206918 -0.0109088 0.0197004 0.0289611 -0.0243842 0.0212649 0.0159018 -0.00448723 0.00947679 0.00207396 0.00489898 0.0189112 -0.00141551 0.00581117 0.0290547 0.0255883 0.0127538 0.00572861 0.00767847 -0.0177321
internal_weight=9851.16 7090.3 1949.01 2760.85 1712.02 5141.3 4689.73 1638.62 706.35 3051.11 932.266 649.271 1375.47 854.689 451.573 675.848 526.612 1048.84 1028.09 1675.64 1518.4 471.071 1047.33 590.366 338.149 207.581 160.832 932.221 898.208 458.47
internal_count=468014 192884 45789 275130 240317 147095 125986 58796 15312 67190 43484 13478 19067 11173 21109 9712 13713 34813 19335 48123 39693 14067 25626 13417 5792 3941 3194 17522 12470 21396
is_linear=0
shrinkage=0.05


Tree=69
num_leaves=31
num_cat=0
split_feature=6 13 35 56 49 51 0 39 21 31 42 22 49 35 50 58 50 23 52 42 43 31 8 43 21 50 50 36 58 21
split_gain=694.367 387.684 299.832 202.705 182.659 121.376 138.518 120.327 112.771 94.0474 60.0767 58.2013 54.6649 101.16 111.902 54.2444 78.5634 57.4701 52.7613 52.442 48.1375 47.0449 44.4058 43.7784 42.7251 37.8347 37.1846 54.9494 38.2401 60.87
threshold=6.5000000000000009 1.0000000180025095e-35 0.58571431040763866 0.88143625855445873 0.65030118823051464 0.91331186890602123 3.5000000000000004 0.15075758099555972 21.500000000000004 0.80473786592483532 0.0023658595746383075 36.500000000000007 0.4246212244033814 0.94444444775581371 0.95861870050430309 1.5000000000000002 0.62593284249305736 49.500000000000007 0.58898946642875682 0.0058826392050832519 0.023101550526916984 0.16145323961973193 1.0000000180025095e-35 0.14298191666603091 10.500000000000002 0.9941176474094392 0.84292763471603405 0.30952382087707525 1.5000000000000002 18.500000000000004
decision_type=2 2 2 2 2 2 2 2 2 2 2 2 2 2 2 2 2 2 2 2 2 2 2 2 2 2 2 2 2 2
left_child=1 5 10 4 -2 7 -7 9 12 -1 23 -8 20 21 -15 16 -10 -18 -6 25 -9 -14 -5 26 -22 -11 28 -28 29 -3
right_child=3 2 -4 22 18 6 11 8 15 19 -12 -13 13 14 -16 -17 17 -19 -20 -21 24 -23 -24 -25 -26 -27 27 -29 -30 -31
leaf_value=-0.041075200248768956 -0.043298500963720718 0.0046649342570546188 0.047387947592888016 0.018662978933792495 0.12073991419069506 -0.0038001726150323476 0.01132865151035356 -0.027466589770051987 -0.04590096470942865 -0.040648321347665356 0.046679137196507903 0.037020602953570632 0.023814289813570103 -0.03308211056794385 0.01817182795336492 0.012558196427683466 0.0013723931021575719 -0.020037356156506564 -0.011524366815648515 0.023541129608501084 0.082439573568889701 0.061527948778085956 -0.008680694703351326 0.034425629919730326 -0.001978738174716793 -0.0032546811923459397 0.058160307518403065 -0.013688980707561346 0.013757220080874502 -0.029212583930196708
leaf_weight=358.81306730071083 1186.7588782315142 307.24663678975776 910.83121310081333 223.22747237840667 6.6382402013987294 789.40854065446183 416.39187083952129 139.28713471116498 151.92704464960843 105.65610726457089 93.720122185070068 470.40474139852449 211.52094296971336 145.47138638561592 389.26427856786177 265.225734885782 718.85798992589116 554.61583168338984 621.24144930811599 109.38160185422748 20.211876323446631 137.20617038337514 438.52632746705785 111.44552726531401 50.930403491482139 185.47306979913265 63.6071731839329 44.705166381783783 247.747075506486 231.94544374290854
leaf_count=56263 213321 5780 27021 4808 479 30552 6262 8098 9801 5311 1754 6355 1950 1343 3173 4800 6908 5397 34362 1958 380 1783 10831 1173 1668 4041 1055 1022 2434 8149
internal_value=-0.000286624 0.00753907 0.0261843 -0.0231322 -0.0317667 0.00035156 0.0114336 -0.00489189 -7.81849e-05 -0.0225209 0.0086066 0.0249834 0.0124245 0.0178762 0.0041928 -0.00817044 -0.0120335 -0.00796026 -0.00993624 -0.00583744 -0.0104397 0.0387862 0.000557309 0.00501937 0.0228152 -0.0169182 0.0013244 0.0286511 -0.00246836 -0.00993533
internal_weight=9707.69 7231.3 2011.25 2476.39 1814.64 5220.05 1676.21 3543.84 2784.52 759.324 1100.42 886.797 1093.89 883.463 534.736 1690.63 1425.4 1273.47 627.88 400.511 210.429 348.727 661.754 1006.7 71.1423 291.129 895.251 108.312 786.939 539.192
internal_count=468232 204431 48388 263801 248162 156043 43169 112874 45301 67573 21367 12617 18395 8249 4516 26906 22106 12305 34841 11310 10146 3733 15639 19613 2048 9352 18440 2077 16363 13929
is_linear=0
shrinkage=0.05


Tree=70
num_leaves=31
num_cat=0
split_feature=54 51 51 44 7 50 55 45 49 27 44 45 13 23 41 38 50 51 34 37 30 40 25 28 48 41 54 42 51 50
split_gain=626.949 378.289 373.789 245.211 116.468 112.156 97.5811 91.4551 116.67 104.763 89.9149 175.462 88.6498 81.9363 77.7674 75.4676 74.8563 126.053 75.552 87.8953 76.8616 70.6979 68.5508 68.2581 60.2107 57.751 52.1186 44.9943 46.6632 58.0002
threshold=0.66063237190246593 0.99425286054611217 0.6308579444885255 1.0000000180025095e-35 1.0000000180025095e-35 0.982753485441208 0.97506219148635875 1.0000000180025095e-35 0.5604878067970277 10.500000000000002 1.0000000180025095e-35 1.0000000180025095e-35 1.0000000180025095e-35 43.500000000000007 0.62202382087707531 14.500000000000002 0.53093111515045177 0.26442842185497289 0.72077924013137828 5.5000000000000009 0.067424245178699507 0.90692642331123363 1.5000000000000002 5.5000000000000009 1.0000000180025095e-35 0.89564427733421337 0.53368237614631664 0.043485013768076904 0.89022758603096019 0.98549506068229686
decision_type=2 2 2 2 2 2 2 2 2 2 2 2 2 2 2 2 2 2 2 2 2 2 2 2 2 2 2 2 2 2
left_child=2 3 14 6 10 15 7 9 -9 23 11 27 -7 -12 -1 16 17 24 19 -18 -20 -17 -19 -2 -5 -11 -13 28 29 -4
right_child=1 -3 4 5 -6 12 -8 8 -10 25 13 26 -14 -15 -16 21 18 22 20 -21 -22 -23 -24 -25 -26 -27 -28 -29 -30 -31
leaf_value=-0.044263440155083766 0.033363436315880894 0.045348638690818142 -0.026175955954215277 0.054478359630302953 -0.037764108775880628 0.015847928492430986 0.039073900362699761 -0.040700582006765483 -0.0089043816239727149 -0.051335887617805588 0.040989065902720438 -0.046963427929645168 0.051271174253216548 -0.014067597403674385 -0.0047555381857244117 -0.01690429771420612 0.040073006143231359 0.03040345581400497 -0.052907966756763916 0.010568343598745925 0.01461232313733476 0.015302388658406838 -0.042527274824305808 -0.0072843567844368884 0.0072190270849353758 0.033726301996214993 -0.010880766288367883 0.046145822572351745 0.010163948077240796 0.009428095930048801
leaf_weight=1088.2596470732242 268.34920228272676 641.05510864499956 257.9454633272253 79.668013049755245 243.40640744287521 429.32599574327469 101.55017260182649 394.33454974601045 1070.7662955885753 98.277368278708309 211.4272163650021 264.75052062328905 300.71184396743774 98.49417936662212 140.92996088322252 469.45280778314918 550.67636416712776 38.123751703184098 62.222399471327662 467.09256088593975 125.56908752117306 266.22049356903881 187.19246499333531 167.0165551151149 412.38613297324628 24.227540671825409 161.73314855853096 59.122046277858317 671.76763316709548 204.17088201455772
leaf_count=215475 7086 17509 14981 1334 17579 2964 817 39213 11705 1296 4327 44644 9774 2919 5223 10482 7639 461 441 5631 1563 2545 9334 8408 5317 244 5313 512 8886 4269
internal_value=-0.000495806 0.00902578 -0.0177179 0.00479481 -0.00524647 0.0131428 -0.0085202 -0.0109275 -0.0174843 0.0062928 -0.00112675 -0.00585171 0.0304894 0.0235029 -0.0397413 0.00836979 0.0135784 0.000786629 0.0211832 0.0265559 -0.00792144 -0.00524461 -0.0301075 0.017789 0.0149657 -0.0343764 -0.0333375 0.00399377 0.00175718 -0.0104591
internal_weight=9556.23 6154.22 3402.01 5513.16 2172.82 3388.64 2124.52 2022.97 1465.1 557.871 1929.41 1619.49 730.038 309.921 1229.19 2658.6 1922.93 717.37 1205.56 1017.77 187.791 735.673 225.316 435.366 492.054 122.505 426.484 1193.01 1133.88 462.116
internal_count=467891 143763 324128 126254 103430 57485 68769 67952 50918 17034 85851 78605 12738 7246 220698 44747 31720 16446 15274 13270 2004 13027 9795 15494 6651 1540 49957 28648 28136 19250
is_linear=0
shrinkage=0.05


Tree=71
num_leaves=31
num_cat=0
split_feature=54 52 51 45 50 56 54 7 50 35 26 41 8 23 41 19 28 54 43 29 41 28 55 45 25 31 42 0 51 23
split_gain=582.492 359.193 351.67 213.615 186.958 157.544 115.617 101.25 94.1892 90.1733 88.9416 84.4801 82.89 81.2789 108.44 168.947 80.4947 73.4874 64.0269 48.8281 46.9501 45.6872 41.9257 40.8174 40.5416 38.3817 38.2643 36.4543 36.2296 35.087
threshold=0.66063237190246593 0.77032968401908886 0.99425286054611217 1.0000000180025095e-35 0.93969696760177623 0.99822065234184276 0.99820789694786083 1.0000000180025095e-35 0.64346247911453258 0.94444444775581371 8.5000000000000018 0.54006412625312816 1.0000000180025095e-35 43.500000000000007 0.21807064861059192 1.0000000180025095e-35 3.5000000000000004 0.53368237614631664 0.034213293343782432 25.500000000000004 0.79057019948959362 6.5000000000000009 0.73086684942245495 1.0000000180025095e-35 2.5000000000000004 0.19650488346815112 0.050097465515136726 4.5000000000000009 0.093386627733707442 55.500000000000007
decision_type=2 2 2 2 2 2 2 2 2 2 2 2 2 2 2 2 2 2 2 2 2 2 2 2 2 2 2 2 2 2
left_child=1 11 3 4 12 6 8 13 18 10 -10 -1 21 14 15 17 -11 -3 -5 -4 -14 22 -2 -16 28 -25 -17 -21 -23 -13
right_child=2 7 19 5 -6 -7 -8 -9 9 16 -12 29 20 -15 23 26 -18 -19 -20 27 -22 24 -24 25 -26 -27 -28 -29 -30 -31
leaf_value=-0.045489087234231201 0.058753338495767526 -0.047252291433463364 0.048625120324491865 -0.030296013432916907 0.042781324369681746 0.038661967940727009 0.085954375925642104 -0.035567996311349243 0.025055406574144408 -0.030335632646764085 -0.0078982343914819897 0.0033319824407962717 -0.02084858384083689 -0.028675326046352468 0.055380281585883831 0.003274970825706729 -0.0030346544153492206 0.043534037784122917 0.0063687806902341972 -0.038320392592547707 0.0050444382790775762 -0.06514763828054021 0.02232903416046542 -0.0084628153027968209 -0.019973906342570499 0.031902651248200062 0.051019901333000231 0.04480346782009903 0.02289877676594931 -0.038849591855287413
leaf_weight=974.08265044912696 99.540313262492418 244.737835154403 569.46439728233963 587.43859872501343 523.3811330748722 206.88500280026346 32.56905747577548 239.01890653325245 471.351557363756 359.88350410154089 360.76445001037791 144.616039655637 238.17221154272556 233.4719177717343 95.162307932041585 1013.898703105282 1073.0764914387837 23.737282990477979 148.88844250468537 29.24571149982512 652.27621982851997 11.439068403560666 382.95469425665215 93.09432366117835 103.91054599778727 157.66452598711476 42.787352597806603 22.391764244064689 203.23704442614689 73.688382625114173
leaf_count=213879 3334 40040 16751 47984 13799 1990 210 17717 5236 2573 5840 8635 11384 16983 1898 15076 8426 1751 4280 316 8911 160 5457 1173 2854 3003 259 464 3810 3730
internal_value=-0.000422366 -0.0172068 0.00879296 0.00473074 0.0166947 -0.00344849 -0.00633177 -0.0049644 -0.00736149 -0.0023077 0.010776 -0.0391927 0.00860272 -0.00110704 0.00275946 -0.00375292 -0.00990758 -0.0390936 -0.0228837 0.0444106 -0.0018969 0.0202615 0.0299495 0.0276461 0.00554131 0.0169429 0.00525467 -0.00210868 0.0179269 -0.0110186
internal_weight=9412.83 3335.96 6076.87 5455.77 2214.91 3240.86 3033.97 2143.57 3001.4 2265.08 832.116 1192.39 1691.53 1904.55 1671.08 1325.16 1432.96 268.475 736.327 621.102 890.448 801.082 482.495 345.921 318.587 250.759 1056.69 51.6375 214.676 218.304
internal_count=467923 324144 143779 126248 49709 76539 74549 97900 74339 22075 11076 226244 35910 80183 63200 57126 10999 41791 52264 17531 20295 15615 8791 6074 6824 4176 15335 780 3970 12365
is_linear=0
shrinkage=0.05


Tree=72
num_leaves=31
num_cat=0
split_feature=6 13 41 50 35 7 51 38 0 8 35 50 52 55 50 43 12 28 52 28 41 31 5 38 52 45 50 21 49 52
split_gain=561.252 321.233 253.174 234.637 204.574 117.916 125.439 97.4363 84.3113 64.5204 59.1996 123.861 63.8729 58.9919 54.4958 65.3452 44.8187 44.4015 41.5779 38.8436 42.7487 46.0474 38.7613 38.4343 53.4676 37.7291 37.4299 58.3266 50.3591 40.8193
threshold=3.5000000000000004 1.0000000180025095e-35 0.56832298636436474 0.77032968401908886 0.58571431040763866 1.0000000180025095e-35 0.8874824345111848 13.500000000000002 3.5000000000000004 1.0000000180025095e-35 0.88194444775581371 0.9759001135826112 0.94312667846679699 0.67448741197586071 0.74115687608718883 0.023101550526916984 1.0000000180025095e-35 4.5000000000000009 0.62115561962127697 8.5000000000000018 0.54006412625312816 0.43344987928867346 1.5000000000000002 10.500000000000002 0.99425286054611217 1.0000000180025095e-35 0.60660174489021312 19.500000000000004 0.18321678787469867 0.64051282405853283
decision_type=2 2 2 2 2 2 2 2 2 2 2 2 2 2 2 2 2 2 2 2 2 2 2 2 2 2 2 2 2 2
left_child=1 5 3 -2 22 6 7 10 23 25 14 16 -13 -7 15 -1 -12 -10 -16 20 -9 -22 -3 24 -8 -4 28 -28 -11 -30
right_child=2 4 9 -5 -6 13 8 19 17 26 11 12 -14 -15 18 -17 -18 -19 -20 -21 21 -23 -24 -25 -26 -27 27 -29 29 -31
leaf_value=-0.015401475955477651 -0.044467249789587944 0.024561569598401597 0.02502547808415842 -0.0082751585383076635 0.046468957500945512 -0.040358183815752291 -0.044600174123160141 -0.03714228700293528 0.028658466222013984 -0.005162185638550405 -0.013905935168915027 0.088719875877019613 0.0060536828871968823 -0.00069131911125371558 0.092928609770788873 0.027383880224247925 -0.052090144797406757 -0.0098661255181607017 0.023018157796960089 -0.038406022998254664 -0.010129005036482484 0.041522604295931416 0.0022279777310768626 -0.013099912979472054 0.015874836353271245 0.00025419946420654591 0.028288903805513896 -0.010626653653171269 -0.03977509955108198 0.078248381971492087
leaf_weight=240.37190116988495 1058.1015099028591 312.0084965582937 257.70145631674677 776.85582081787288 775.80691619869322 232.61308857938275 38.950168927200139 121.62729366822168 817.61435162881389 290.43955179536715 182.10905311862007 23.714435351081192 433.07143637351692 156.5926005509682 21.850129899103194 140.58996103145182 133.28084040153772 81.829553943127394 341.6211198088713 189.74352343101054 307.37073104549199 49.174152314662933 512.76306785503402 260.24396141758189 432.77318928111345 378.83460328122601 131.92103433003649 348.3406800343655 231.61493764491752 6.6639707623980931
leaf_count=16811 226260 5114 5452 39432 26107 18265 545 10522 10896 8999 2331 239 6287 1607 260 2227 3219 658 5820 8089 2519 509 9206 15951 6875 11248 1480 4759 16263 145
internal_value=-0.000519441 0.0089976 -0.0163927 -0.0291577 0.0280536 0.00173949 0.0044155 -0.00341857 0.0149013 -0.00214909 0.00359059 -0.00610549 0.0105298 -0.0244413 0.0136427 0.000418364 -0.0301559 0.0251465 0.0274643 -0.0193156 -0.0116759 -0.00290908 0.0106962 0.00229481 0.0107976 0.0103064 -0.0100093 9.94634e-05 -0.0191744 -0.0361611
internal_weight=9286.19 5805.72 3480.47 1834.96 1600.58 4205.14 3815.94 2184.52 1631.41 1645.52 1516.61 772.176 456.786 389.206 744.433 380.962 315.39 899.444 363.471 667.916 478.172 356.545 824.772 731.967 471.723 636.536 1008.98 480.262 528.718 238.279
internal_count=468095 154057 314038 265692 40427 113630 93758 58833 34925 48346 37194 12076 6526 19872 25118 19038 5550 11554 6080 21639 13550 3028 14320 23371 7420 16700 31646 6239 25407 16408
is_linear=0
shrinkage=0.05


Tree=73
num_leaves=31
num_cat=0
split_feature=6 13 41 50 35 0 51 27 48 38 52 7 44 41 8 29 54 28 48 50 23 40 21 44 45 56 42 21 49 58
split_gain=542.382 305.013 231.578 244.209 193.554 106.421 157.032 86.6711 80.9981 80.1533 73.9731 70.3152 56.405 69.0791 54.2877 47.0687 52.393 45.6085 45.0952 61.4191 55.9521 44.9687 42.5269 42.1029 41.7299 46.9001 40.0446 39.6185 39.2206 58.6129
threshold=3.5000000000000004 1.0000000180025095e-35 0.58114033937454235 0.77032968401908886 0.58571431040763866 1.5000000000000002 0.8874824345111848 9.5000000000000018 1.0000000180025095e-35 10.500000000000002 0.99425286054611217 1.0000000180025095e-35 1.0000000180025095e-35 0.89564427733421337 1.0000000180025095e-35 50.500000000000007 0.65396711230278026 4.5000000000000009 1.0000000180025095e-35 0.56294015049934398 50.500000000000007 0.86811593174934398 22.500000000000004 1.0000000180025095e-35 1.0000000180025095e-35 0.97740960121154796 0.0023658595746383075 9.5000000000000018 0.54011154174804699 1.5000000000000002
decision_type=2 2 2 2 2 2 2 2 2 2 2 2 2 2 2 2 2 2 2 2 2 2 2 2 2 2 2 2 2 2
left_child=1 5 3 -2 26 9 7 18 12 10 -1 -12 13 -9 -4 16 -5 -8 24 -20 -21 -14 -18 -11 -7 -26 -3 -16 29 -29
right_child=2 4 14 15 -6 6 17 8 -10 23 11 -13 21 -15 27 -17 22 -19 19 20 -22 -23 -24 -25 25 -27 -28 28 -30 -31
leaf_value=-0.039220996971443094 -0.043788145380941355 0.0076111500675377104 0.010007263538909364 -0.021897881817473618 0.046456534427104422 0.017159223592977026 0.028110260757945284 -0.039581104841298155 -0.044720015267995863 -0.032211065261182434 0.014737321883152691 -0.020725331589923485 -0.011257147182328562 0.023381003868654399 0.046310348745286473 0.018001732821268473 0.03741661959660466 -0.009861607740319512 -0.010998181018551635 0.043079219293865448 -0.030687090274876712 0.029181235517467485 -0.010805581977013336 0.0016669205485014553 -0.0092650919156303715 0.060779746350905189 0.045258400119600396 -0.038698823646825739 -7.7081305120103665e-06 -0.0043917551832399629
leaf_weight=102.8701035422273 1047.3255150786135 739.10901830717921 601.14264777721837 465.07328502880409 746.45271415729076 277.24124322156422 842.87706745695323 167.04647703026421 169.65044413530268 405.9921870236285 555.18623367836699 185.75089425034821 127.78580632479861 58.058733970858157 30.238683549221605 150.51347497524694 77.767547522205859 86.764758746605366 99.990115526830778 231.80801609484479 28.180764574790373 146.77441852167249 108.19131543347612 118.2638259427622 566.17373042600229 23.958113271743059 77.195622620172799 233.96880012052134 436.9647592403926 265.42808666592464
leaf_count=2762 229604 12728 14910 32163 26153 8084 11349 2947 2749 33225 9141 9235 1256 513 1031 4809 1010 692 8258 2754 297 976 1777 3284 16056 172 1580 16124 5115 7311
internal_value=-0.000141241 0.0092241 -0.0159203 -0.0279022 0.0280709 0.00219704 0.00773736 -0.000516519 -0.0149775 -0.00924612 0.000298686 0.00583098 -0.00480987 -0.0233104 -0.00178105 -0.00711632 -0.0129421 0.0245595 0.00737528 0.0222257 0.0349966 0.0103879 0.00945309 -0.0245801 0.00119354 -0.00632341 0.0112224 -0.00911513 -0.0109525 -0.0205099
internal_weight=9173.74 5757.13 3416.61 1848.87 1562.76 4194.37 2826.31 1896.67 669.316 1368.06 843.807 740.937 499.665 225.105 1567.74 801.546 651.032 929.642 1227.35 359.979 259.989 274.56 185.959 524.256 867.373 590.132 816.305 966.6 936.362 499.397
internal_count=468065 154211 313854 269363 40461 113750 56103 44062 8441 57647 21138 18376 5692 3460 44491 39759 34950 12041 35621 11309 3051 2232 2787 36509 24312 16228 14308 29581 28550 23435
is_linear=0
shrinkage=0.05


Tree=74
num_leaves=31
num_cat=0
split_feature=54 52 51 44 50 7 5 13 44 19 39 41 28 49 52 50 55 38 23 50 55 8 41 54 43 29 12 50 4 40
split_gain=478.391 323.902 322.994 186.361 96.212 92.4773 84.1827 82.913 79.1564 149.144 106.217 75.4406 66.5179 66.0915 73.2442 104.123 62.3379 60.9514 58.2101 54.206 53.9214 48.85 58.7023 63.9407 48.0388 47.6546 38.3968 65.3415 41.1678 35.5767
threshold=0.66063237190246593 0.73765182495117199 0.99425286054611217 1.0000000180025095e-35 0.982753485441208 1.0000000180025095e-35 12.500000000000002 1.0000000180025095e-35 1.0000000180025095e-35 1.0000000180025095e-35 0.063508063554763808 0.48913043737411505 6.5000000000000009 0.080540537834167494 0.69614070653915416 0.77032968401908886 0.98314553499221813 10.500000000000002 48.500000000000007 0.79772728681564342 0.68863317370414745 1.0000000180025095e-35 0.82971012592315685 0.961643546819687 0.066691614687442793 25.500000000000004 1.0000000180025095e-35 0.95275297760963451 9.5000000000000018 0.92153847217559826
decision_type=2 2 2 2 2 2 2 2 2 2 2 2 2 2 2 2 2 2 2 2 2 2 2 2 2 2 2 2 2 2
left_child=1 11 3 6 12 8 16 -6 9 10 -3 -1 20 -14 15 -15 21 -16 -10 24 -5 22 23 -2 -13 -4 28 -28 -11 -23
right_child=2 5 25 4 7 -7 -8 -9 18 26 -12 19 13 14 17 -17 -18 -19 -20 -21 -22 29 -24 -25 -26 -27 27 -29 -30 -31
leaf_value=-0.047417217928439406 -0.0055475079720948041 -0.04977405965689144 0.048248320989686538 0.03870513196112077 0.014524811526851054 -0.035682663283890109 -0.03096599135794097 0.050851412755599505 0.03399168667967125 0.042469641441964689 -0.0057932462048953066 -0.027309986485453554 -0.054650360648726172 0.0014926633976759488 0.015317332308692037 0.0707258396738836 0.044282940171800088 -0.041722717138773763 -0.017622091582899516 0.089477881783858695 0.009636615210852675 -0.010883889155168167 0.043079744708664297 0.048810220137178131 0.053429183602880841 -0.0027628913193161759 -0.036543276848658109 0.0051263635105301356 0.0028771649709834098 -0.055924805949042089
leaf_weight=757.63481922750361 632.34121555672027 266.06564058107324 515.07268845383078 176.65810230094939 414.50952897500247 221.47672145464458 327.86433410202153 253.12621098570526 230.63742368435487 122.76929890713654 283.10170302144252 241.0039238485042 60.084655467886478 487.6714268384967 66.102760922163725 60.119665410369635 65.034939420409501 156.12955158576369 70.791621662676334 10.572129074949769 1581.0598312162329 844.44262032420374 84.210292850621045 58.152800775133073 19.021866625640541 50.125809757970273 107.89224261324853 690.55140546150506 140.16619404475205 45.335921513848007
leaf_count=194718 13757 50078 16743 5155 2915 17732 33886 9720 4765 2036 13411 23082 1520 14072 759 592 529 1752 2336 201 21029 18999 868 459 425 785 2744 6282 6297 357
internal_value=-0.000608389 -0.0162889 0.00782717 0.00400047 0.0114436 -0.00517242 -0.00777688 0.0283531 -0.00162141 -0.00602549 -0.0271532 -0.0393266 0.00707186 -0.00458926 -0.000617199 0.00920598 -0.00336557 -0.0247636 0.0218518 -0.0165831 0.0125785 -0.00525277 0.00392499 -0.000905582 -0.0212216 0.0437274 0.00492146 -0.000543047 0.0214545 -0.013239
internal_weight=9039.73 3161.68 5878.04 5312.84 3255.46 2133.45 2057.38 667.636 1911.98 1610.55 549.167 1028.23 2587.83 830.108 770.023 547.791 1729.52 222.232 301.429 270.598 1757.72 1664.48 774.704 690.494 260.026 565.198 1061.38 798.444 262.935 889.779
internal_count=468004 324107 143897 126369 57514 105681 68855 12635 87949 80848 63489 218426 44879 18695 17175 14664 34969 2511 7101 23708 26184 34440 15084 14216 23507 17528 17359 9026 8333 19356
is_linear=0
shrinkage=0.05


Tree=75
num_leaves=31
num_cat=0
split_feature=6 13 35 32 56 51 0 56 21 50 22 5 49 7 59 50 22 21 24 51 21 43 20 24 35 20 52 34 34 0
split_gain=465.954 253.637 270.604 157.252 166.107 84.6201 99.577 93.404 90.0573 62.236 58.7829 54.6717 53.3363 48.8766 48.1961 93.7099 58.8429 41.4151 41.4722 58.5292 38.3925 38.2605 36.6584 67.27 34.1908 33.1294 67.5394 55.8172 34.8831 32.7308
threshold=6.5000000000000009 1.0000000180025095e-35 0.58571431040763866 1.5000000000000002 0.84389334917068493 0.91331186890602123 3.5000000000000004 0.70431393384933483 17.500000000000004 0.98549506068229686 37.500000000000007 1.5000000000000002 0.81872946023941051 1.0000000180025095e-35 1.0000000180025095e-35 0.55217784643173229 48.500000000000007 26.500000000000004 2.5000000000000004 0.99425286054611217 19.500000000000004 0.083435263484716429 23.500000000000004 1.5000000000000002 0.58571431040763866 12.500000000000002 0.93127068877220165 0.72077924013137828 0.63068181276321422 3.5000000000000004
decision_type=2 2 2 2 2 2 2 2 2 2 2 2 2 2 2 2 2 2 2 2 2 2 2 2 2 2 2 2 2 2
left_child=1 5 11 4 12 7 13 9 25 -1 -8 -3 -2 17 -10 -16 -17 -7 -19 -20 -13 -6 23 -14 -12 28 27 -27 -9 -11
right_child=3 2 -4 -5 21 6 10 8 14 29 24 20 22 -15 15 16 -18 18 19 -21 -22 -23 -24 -25 -26 26 -28 -29 -30 -31
leaf_value=-0.031717526680841018 -0.042396739076747736 0.023976764589735244 0.045952980765176982 0.0038163058203903588 -0.0095614118128302863 0.016159970384829178 0.008882090699755955 0.028901085336514767 0.015185554391772766 -0.016174808437480058 -0.01323429247728076 0.011327521555628595 -0.03400446931594174 -0.028905860945450692 -0.048891859630516371 0.0059352255861779731 -0.013320640739544668 -0.029947381335715773 -0.018939353782672391 0.040644102927908154 -0.011393248840033406 0.041741219291435094 -0.033658149733939963 0.090575925265580073 0.040083607083875691 0.018944055868789063 0.052067728399838364 -0.049552421725258311 -0.024863296111024162 0.012371510942555492
leaf_weight=428.79169155913405 1005.6712497086264 308.50998971378431 725.99056957475841 518.6402963057626 546.26821027416736 306.93685340695083 411.37063523195684 48.625895510893315 277.16438542469405 245.17928599799052 32.255660401657224 341.38526137149893 19.804541218094528 145.70196386240423 124.26105353725143 770.85642362944782 815.53733590547927 138.31531903985888 93.750365685671568 71.990107487887144 405.87852767505683 37.943757925648242 41.334891824051738 21.896784799639136 369.59052506973967 235.84472819440998 151.65563363581896 33.043259816244245 75.982510106638074 168.66030056611635
leaf_count=57381 224917 5258 26991 13871 20787 10706 6607 539 4063 16113 303 6944 671 10095 7674 6487 7856 6224 1595 1849 9157 455 1842 921 5587 4970 1273 255 453 5976
internal_value=-0.000215273 0.00630798 0.022477 -0.020233 -0.0276866 0.000479265 0.0100661 -0.00398098 0.000817959 -0.0183906 0.022202 0.00630575 -0.0392197 -0.00298843 -0.00412095 -0.00725608 -0.00396603 0.00322917 -0.00983434 0.00702953 -0.00101207 -0.00616374 -0.000695701 0.0320002 0.0357816 0.0188016 0.0254975 0.0103742 -0.00381978 -0.00453898
internal_weight=8918.84 6727.28 1781.76 2191.56 1672.92 4945.51 1569.91 3375.6 2532.97 842.631 813.217 1055.77 1088.71 756.695 1987.82 1710.65 1586.39 610.993 304.056 165.74 747.264 584.212 83.0362 41.7013 401.846 545.152 420.544 268.888 124.608 413.84
internal_count=467820 204356 48350 263464 249593 156006 42966 113040 33570 79470 12497 21359 228351 30469 26080 22017 14343 20374 9668 3444 16101 21242 3434 1592 5890 7490 6498 5225 992 22089
is_linear=0
shrinkage=0.05


Tree=76
num_leaves=31
num_cat=0
split_feature=44 50 52 58 51 25 41 21 52 7 45 35 30 22 56 21 56 55 45 40 50 28 36 24 36 51 52 28 28 42
split_gain=423.783 298.59 251.311 192.407 161.512 154.762 149.252 140.54 102.832 83.1098 81.0142 96.2639 72.9237 70.3881 68.7218 66.8304 66.6058 63.513 62.3188 58.8218 58.3099 57.2192 102.19 76.1473 53.0028 98.4103 93.541 93.9914 50.2554 50.2325
threshold=1.0000000180025095e-35 0.60660174489021312 0.81892696022987377 1.5000000000000002 0.99425286054611217 1.5000000000000002 0.70710784196853649 19.500000000000004 0.64051282405853283 1.0000000180025095e-35 1.0000000180025095e-35 0.58571431040763866 0.4016129076480866 49.500000000000007 0.99822065234184276 5.5000000000000009 0.6552698314189912 0.9114484190940858 1.0000000180025095e-35 0.86811593174934398 0.90070420503616344 4.5000000000000009 0.94444444775581371 2.5000000000000004 0.84523808956146251 0.8874824345111848 0.99425286054611217 3.5000000000000004 5.5000000000000009 0.0015576362493447962
decision_type=2 2 2 2 2 2 2 2 2 2 2 2 2 2 2 2 2 2 2 2 2 2 2 2 2 2 2 2 2 2
left_child=2 3 6 5 7 15 20 -3 -7 21 11 13 -5 -9 17 -2 -17 19 -8 -12 -1 24 -23 -24 25 -4 27 -26 -25 -15
right_child=1 4 9 12 -6 8 18 10 -10 -11 14 -13 -14 29 -16 16 -18 -19 -20 -21 -22 22 23 28 26 -27 -28 -29 -30 -31
leaf_value=-0.040020674737428472 -0.065484668305815438 0.033827330473471945 0.0018104429772280509 0.01834669712168762 0.047738799382370183 -0.042802335703784222 0.015673273472833205 0.033386963383265529 0.041001561839995156 -0.028355349886715977 -0.0028807697428426637 0.040451623025206412 -0.045546520227354025 -0.034435130922847612 0.041027725906532794 -0.048556363699822302 0.031028200562081276 -0.030714868851108801 -0.023344995603099817 0.038304922625076426 0.048002329495782148 -0.032951430670752471 -0.013856867059367473 -0.014987921600983301 -0.050656509435763622 0.050210517072822848 0.0054534036859467169 0.011359294301144046 0.040129958809936223 0.035669382865075192
leaf_weight=1022.1194641427137 24.853766834829003 699.41281134146266 293.20246670069173 564.81221993034706 442.04220147244632 552.47192100272514 215.72071805689484 94.885091207688674 38.424152913037688 293.74365569232032 791.31820028973743 326.53825767803937 47.535893664928153 128.95795421698131 91.460164970718324 29.778532315045595 182.18390215258114 182.08586067147553 192.90565701667219 96.346457127481699 18.364445053273812 330.1926290653646 287.41137138754129 55.606587530812249 162.57695772917941 162.70737933320925 1228.8871831917204 97.024246435845271 155.50538189173676 30.941042344784364
leaf_count=199843 1237 15294 8175 12534 16533 69702 4218 2621 696 17602 12975 11225 2522 1809 718 8428 2498 1298 6938 647 760 9403 13461 984 3512 2414 30384 3713 5250 587
internal_value=-0.000512048 0.0106745 -0.0112232 -0.00791566 0.0199567 -0.0236235 -0.0283747 0.01491 -0.0372928 -0.00311239 0.00730201 0.0225218 0.0133206 -0.000525795 -0.000330117 0.010497 0.0196719 -0.00390109 -0.00275862 0.00162757 -0.0384225 -0.000429262 -0.0114227 0.00287406 0.00425969 0.0191558 -0.000312644 -0.0275239 0.0256098 -0.0207323
internal_weight=8840.02 4324.05 4515.97 1440.06 2883.99 827.712 1449.11 2441.95 590.896 3066.86 1742.53 581.322 612.348 254.784 1161.21 236.816 211.962 1069.75 408.626 887.665 1040.48 2773.11 828.716 498.523 1944.4 455.91 1488.49 259.601 211.112 159.899
internal_count=467981 161324 306657 97617 63707 82561 211759 47174 70398 94898 31880 16242 15056 5017 15638 12163 10926 14920 11156 13622 200603 77296 29098 19695 48198 10589 37609 7225 6234 2396
is_linear=0
shrinkage=0.05


Tree=77
num_leaves=31
num_cat=0
split_feature=6 13 41 49 34 38 56 28 0 50 51 55 35 50 52 49 43 8 31 39 58 31 27 39 19 42 58 50 21 35
split_gain=394.994 227.74 206.189 205.293 178.778 89.3726 63.5229 59.4351 82.4997 93.522 57.5179 81.0629 69.8024 112.859 62.5074 56.1451 69.9932 51.2389 48.7608 44.905 43.6922 42.5815 40.8195 40.9983 84.057 38.4186 43.0775 47.6343 58.6455 49.8757
threshold=3.5000000000000004 1.0000000180025095e-35 0.58114033937454235 0.60097089409828197 0.34848485887050634 13.500000000000002 0.98219570517539989 8.5000000000000018 3.5000000000000004 0.91024166345596325 0.99425286054611217 0.55269768834114086 0.88194444775581371 0.97530490159988414 0.93582704663276683 0.51899951696395885 0.035404909402132041 1.0000000180025095e-35 0.34498016536235815 0.66091954708099376 1.5000000000000002 0.42509843409061437 7.5000000000000009 0.10172414034605028 1.0000000180025095e-35 0.0016142060630954804 1.5000000000000002 0.53093111515045177 25.500000000000004 0.18333333730697635
decision_type=2 2 2 2 2 2 2 2 2 2 2 2 2 2 2 2 2 2 2 2 2 2 2 2 2 2 2 2 2 2
left_child=1 5 3 -2 25 6 10 8 -7 21 12 18 15 -14 -15 16 -1 20 -12 -17 -4 -10 23 24 -5 26 27 -3 29 -29
right_child=2 4 17 22 -6 7 -8 -9 9 -11 11 -13 13 14 -16 19 -18 -19 -20 -21 -22 -23 -24 -25 -26 -27 -28 28 -30 -31
leaf_value=-0.025200463496125737 -0.044218830299366289 -0.020023673176559887 0.004176033915950241 -0.045109483999231648 0.044372609360206282 -0.030113635191608631 0.030183455844059966 -0.037125498079442355 -0.017090108569992157 0.034261465587819381 -0.032381158941435527 0.043836406592787147 -0.026027142411003429 0.08113996570033967 0.0012856448238303666 0.028547935299184521 0.035354623488736962 -0.0083266421864746417 0.012569865040420375 -0.010909729293237587 0.039943140822992329 0.030947531421862958 -0.035996613492790173 0.013567522704959412 3.6077504134693593e-05 0.042664856374680538 0.023864741550671434 0.043630348115998537 -0.023886877182716787 -0.010371582788565255
leaf_weight=165.34372012293898 824.74892576853745 221.85100559843704 489.54495502915233 141.21417631115764 644.58831393020228 236.24207470472902 244.93823436181992 184.12989963730797 299.28782357787713 182.46585315233096 71.805341186467558 194.37428069487214 485.36116976989433 24.128313730470836 991.43614738481119 421.41775537095964 65.948542053811252 943.41913290019147 351.47673038579524 86.392420295625925 102.50220482842997 53.561875252984464 121.0032758412417 214.84042145172134 374.93200111528859 75.092603981960565 216.17904071835801 130.36609758995473 83.206962418276817 62.901356467511505
leaf_count=16890 212931 6044 12744 27203 26337 16701 2893 8351 4834 2557 10966 4571 9745 365 18255 7571 1337 29510 6038 636 2215 1974 10764 6014 11982 1582 2187 1760 1238 1262
internal_value=-0.000409598 0.0077353 -0.0143345 -0.0264514 0.0248546 0.00168082 0.00579897 -0.0116808 -0.00556827 0.00529989 0.00369909 0.0171946 -2.81263e-05 -0.00622119 0.00326082 0.0125398 -0.00785647 -0.00109414 0.00488605 0.0218269 0.0104254 -0.00973124 -0.00922043 -0.00474493 -0.0123788 0.008885 0.00528016 -0.00281369 0.0110185 0.0260918
internal_weight=8704.7 5492.5 3212.21 1676.74 1434.19 4058.31 3102.62 955.688 771.558 535.316 2857.68 617.656 2240.03 1500.93 1015.56 739.102 231.292 1535.47 423.282 507.81 592.047 352.85 851.99 730.987 516.146 789.597 714.504 498.325 276.474 193.267
internal_count=467457 154094 313363 268894 40410 113684 79267 34417 26066 9365 76374 21575 54799 28365 18620 26434 18227 44469 17004 8207 14959 6808 55963 45199 39185 14073 12491 10304 4260 3022
is_linear=0
shrinkage=0.05


Tree=78
num_leaves=31
num_cat=0
split_feature=54 51 51 44 38 49 40 46 7 5 41 23 56 23 41 55 40 54 49 25 45 56 54 47 31 55 44 34 31 32
split_gain=374.93 277.925 268.402 139.138 77.0527 103.983 81.2204 78.5001 76.2477 75.7046 73.0329 65.1998 91.1696 163.244 62.8081 64.8998 81.276 80.9595 59.8426 68.2403 59.0217 56.1353 54.9501 58.1199 52.0946 46.5523 43.2289 40.4711 39.6415 39.0852
threshold=0.66063237190246593 0.6308579444885255 0.99425286054611217 1.0000000180025095e-35 12.500000000000002 0.45867486298084265 0.89564427733421337 1.0000000180025095e-35 1.0000000180025095e-35 12.500000000000002 0.48913043737411505 43.500000000000007 0.45954339206218725 13.500000000000002 0.87228259444236766 0.97506219148635875 0.78174602985382091 0.961643546819687 0.2290398105978966 1.5000000000000002 1.0000000180025095e-35 0.9631328582763673 0.83375209569931041 1.0000000180025095e-35 0.57200461626052868 0.55468320846557628 1.0000000180025095e-35 0.19090909510850909 0.026432231068611148 1.0000000180025095e-35
decision_type=2 2 2 2 2 2 2 2 2 2 2 2 2 2 2 2 2 2 2 2 2 2 2 2 2 2 2 2 2 2
left_child=1 10 3 9 5 18 24 22 11 14 -1 12 13 -3 15 16 17 -2 28 -20 -14 -8 -7 -24 -6 -4 -22 -21 -5 -18
right_child=2 8 25 4 6 7 21 -9 -10 -11 -12 -13 20 -15 -16 -17 29 -19 19 27 26 -23 23 -25 -26 -27 -28 -29 -30 -31
leaf_value=-0.045696440163191555 -0.0044470629512223378 0.0044468839680512134 -0.0083136926619099948 -0.0080261255453849198 -0.013370542005210852 0.039040762178004763 0.041955388168437663 -0.052037813396250868 -0.033432855290027347 -0.029721912885328633 -0.01430045781819797 -0.026663795649968111 0.060656220023104716 -0.042492502591294223 0.024003918214417098 0.066085223976968852 0.0052764985108330444 0.05535028526017316 0.02362660240831374 -0.039498162521440582 -0.0076538063312604314 0.004952036920026829 0.0029589292610353824 0.030199847081636855 0.039154417010893221 0.04683152333628491 0.033487994108624207 0.040434386340589851 0.028668922825499734 -0.038678809261113112
leaf_weight=689.87242086441256 1085.7895871810615 1044.1713768374175 41.486267796717584 121.70849998714402 697.11971269105561 505.26339243235998 148.61274255625904 32.004449158441275 202.97652825992554 300.88159539992921 254.71670184773393 220.06144838756882 86.538621975108981 224.13274197280407 195.99950918741524 29.564182390458882 62.862764617893845 58.714221105910838 71.784492691978812 186.28253383585252 126.91190450266004 326.46158940438181 357.49023820413277 432.5655216705054 49.670239896979183 453.62359954230487 126.87608740804717 16.498878316720948 183.82119454536587 253.12323392834514
leaf_count=196968 28754 17395 612 1096 14047 7087 1540 195 17520 33888 23594 18001 1946 42058 2098 205 1284 501 904 9990 5169 3891 2551 12489 920 16858 1361 184 2547 2013
internal_value=-0.000519222 -0.0148616 0.00708928 0.00368362 0.0102527 0.0165296 0.000448445 0.0242424 -0.00443727 -0.00666216 -0.0372543 -0.00120237 0.00229516 -0.00387511 -0.00253189 -0.00603613 -0.00754027 -0.00133376 -0.00112952 -0.018036 0.0252341 0.0165912 0.0261658 0.017893 -0.00982933 0.0422033 0.0129649 -0.0328281 0.0140729 -0.0299452
internal_weight=8587.59 2976.26 5611.33 5116.22 3129.28 1907.42 1221.86 1327.32 2031.67 1986.94 944.589 1828.69 1608.63 1268.3 1686.05 1490.05 1460.49 1144.5 580.096 274.566 340.327 475.074 1295.32 790.056 746.79 495.11 253.788 202.781 305.53 315.986
internal_count=467666 324012 143654 126184 57441 37043 20398 22322 103450 68743 220562 85930 67929 59453 34855 32757 32552 29255 14721 11078 8476 5431 22127 15040 14967 17470 6530 10174 3643 3297
is_linear=0
shrinkage=0.05


Tree=79
num_leaves=31
num_cat=0
split_feature=41 52 50 45 28 25 38 49 48 45 56 58 50 52 50 22 52 7 5 31 29 52 42 54 20 32 43 34 54 34
split_gain=341.294 327.531 215.957 176.388 141.188 96.6033 93.9873 90.7721 80.3831 69.6556 70.8966 66.3918 107.748 157.338 101.248 76.9301 68.3159 64.4532 61.3684 55.8884 50.6391 50.5118 59.3916 48.9042 47.9273 56.1416 47.8681 47.3621 46.4334 44.7503
threshold=0.48913043737411505 0.71503761410713207 0.98319208621978771 1.0000000180025095e-35 5.5000000000000009 1.5000000000000002 16.500000000000004 0.75134408473968517 1.0000000180025095e-35 1.0000000180025095e-35 0.99822065234184276 3.5000000000000004 0.54261502623558056 0.69614070653915416 0.75162336230278026 43.500000000000007 0.080540537834167494 1.0000000180025095e-35 1.5000000000000002 0.38245163857936865 1.0000000180025095e-35 0.95488464832305919 0.0034866230562329297 0.99218702316284191 25.500000000000004 3.5000000000000004 0.083435263484716429 0.72077924013137828 0.53178024291992199 0.44949495792388922
decision_type=2 2 2 2 2 2 2 2 2 2 2 2 2 2 2 2 2 2 2 2 2 2 2 2 2 2 2 2 2 2
left_child=1 7 4 -4 9 26 8 -1 17 18 20 12 -7 14 -14 -15 -13 21 -2 29 -11 22 -3 -22 -5 -26 -6 -24 -10 -20
right_child=2 6 3 24 5 11 -8 -9 28 10 -12 16 13 15 -16 -17 -18 -19 19 -21 23 -23 27 -25 25 -27 -28 -29 -30 -31
leaf_value=-0.044858773637211233 0.034348198044395865 -0.032853608511556359 0.045732360665054594 0.00250280016045702 0.007565306516741057 -0.043962775035699495 -0.035990337288317513 0.12312156316119892 -0.022814324013044118 -0.032598125647252223 0.037453683259089141 -0.031921397052292438 -0.0013488555069602966 0.0083066862269504157 0.068891502406290925 -0.040708297160586993 0.036911149834989519 -0.030762928260364419 -0.0017905244304304187 0.050471868542312164 -0.0005107833722749201 0.0051414155895576335 0.017027329112227402 0.081959038625654804 0.040180991105547618 -0.0045445125369124968 0.071261550280549465 -0.029839460214704568 0.051836585501284997 0.029819548527242858
leaf_weight=724.91969279991463 357.2024732073769 223.67413782980293 546.86292418371886 655.41291423048824 221.99420828488655 370.27661313698627 211.54389918129891 7.1993504252750418 25.407998952548951 124.65902132843621 120.81372252292931 55.002689604647458 142.6965702495072 107.34735290426761 79.07225958420895 310.42159971152432 100.42252398002893 195.15723255509511 542.94748480780981 73.032357556512579 1266.3009788559284 1169.5222435262986 173.35655474197119 17.23484992608428 220.40108345728368 102.44007709622383 33.076040984597057 77.037928256904706 103.35630543949082 140.02165667945519
leaf_count=216010 7642 20437 21379 6090 6552 30556 22924 273 1015 1591 1100 2878 5828 1680 926 4175 3063 17121 11440 2174 24622 35606 12555 114 2328 959 247 1552 1820 3447
internal_value=-0.000253135 -0.0141318 0.00697892 0.0230153 0.000954513 -0.011754 -0.00440351 -0.0430412 -0.000990786 0.00778777 0.000858373 -0.0178534 -0.0225336 -0.0100774 0.0238924 -0.0281239 0.012504 -0.00367299 0.0172961 0.00920448 -0.00230561 -0.000439622 -0.0141898 0.000659534 0.0102822 0.026019 0.0160711 0.00254666 0.037044 0.00472426
internal_weight=8498.81 2911.18 5587.64 1525.12 4062.52 1420.31 2179.06 732.119 1967.51 2642.21 1529.01 1165.24 1009.81 639.538 221.769 417.769 155.425 1838.75 1113.2 756.001 1408.19 1643.59 474.069 1283.54 978.254 322.841 255.07 250.394 128.764 682.969
internal_count=468104 329313 138791 30756 108035 55905 113030 216283 90106 52130 27427 49106 43165 12609 6754 5855 5941 87271 24703 17061 26327 70150 34544 24736 9377 3287 6799 14107 2835 14887
is_linear=0
shrinkage=0.05


Tree=80
num_leaves=31
num_cat=0
split_feature=54 52 51 41 44 42 38 21 50 6 55 8 45 54 27 51 41 55 29 29 44 50 43 38 25 21 58 34 48 22
split_gain=324.11 263.764 233.044 106.035 101.467 88.0482 64.9966 64.9435 78.8401 61.3072 56.2881 56.1508 56.5208 72.4237 69.171 53.9439 51.8689 50.1684 43.8901 43.7998 41.9587 41.0406 41.0332 40.1795 38.9043 48.0123 40.3334 37.814 39.8218 93.7877
threshold=0.69255909323692333 0.7320508360862733 0.99425286054611217 0.56832298636436474 1.0000000180025095e-35 0.0028412161627784376 9.5000000000000018 19.500000000000004 0.53907206654548656 3.5000000000000004 0.97506219148635875 1.0000000180025095e-35 1.0000000180025095e-35 0.961643546819687 8.5000000000000018 0.90508365631103527 0.88562092185020458 0.73538899421691906 25.500000000000004 32.500000000000007 1.0000000180025095e-35 0.96178188920021068 0.019618419930338863 16.500000000000004 1.5000000000000002 6.5000000000000009 1.5000000000000002 0.38750000298023229 1.0000000180025095e-35 49.500000000000007
decision_type=2 2 2 2 2 2 2 2 2 2 2 2 2 2 2 2 2 2 2 2 2 2 2 2 2 2 2 2 2 2
left_child=1 3 4 -1 10 6 -3 8 24 -7 11 12 14 -14 -2 23 -16 -10 -4 -11 -8 -13 -5 -9 25 -6 -26 -17 29 -29
right_child=2 5 18 22 7 9 20 15 17 19 -12 21 13 -15 16 27 -18 -19 -20 -21 -22 -23 -24 -25 26 -27 -28 28 -30 -31
leaf_value=-0.044369712745450852 0.044871126943948153 -0.00010982730896999515 0.047667649391200717 -0.017424500076230153 -0.036940802341422246 0.023125191780695099 -0.029240609298958005 0.0050112732848533858 0.068765189514406869 -0.018863759191089933 0.032336129465736239 -0.023041750388997681 -0.012290676282173368 0.046198247108126395 -0.03186243408078071 -0.024552109523030788 0.053377944592905541 0.026193396651329717 -0.009034369434183176 0.011258604115504089 -0.0012704559046002482 -0.00083464889576692993 0.030653954260197944 -0.014855724693846512 -0.02957689265245373 0.030796143965686959 0.023191231118880835 -0.033340420097440308 0.046629308284825519 0.049476945844516319
leaf_weight=714.56042341864668 142.79948726249859 664.25604556081817 391.39064375404269 204.25899017392658 30.99396117287688 408.91220045508817 514.74690862232819 1349.6197742023505 79.931389085249975 230.66845593648031 94.497005010023713 608.53720449609682 494.10374010750093 58.275001326575875 69.708273687399924 35.707571500912309 22.898427564650774 504.9777906392701 37.060368767939508 250.94422599300742 181.3137467361521 315.98080016393214 55.655349159846082 312.58976887119934 125.24060154426843 144.78194335359149 49.926492144353688 65.261170025914907 155.43433667439967 69.675428105518222
leaf_count=219381 4017 18155 16017 13360 374 8028 54577 22256 1041 16588 809 29227 17285 532 859 609 218 8635 618 7949 5541 2175 1532 5304 5055 1567 598 332 5022 513
internal_value=-0.00028588 -0.0127169 0.00748615 -0.0344335 0.00428386 -0.00330385 -0.0113019 0.0100385 0.0208928 0.00891248 -0.00502985 -0.00710964 0.00269832 -0.00604786 0.02316 0.00492162 -0.0104404 0.0321185 0.0427534 -0.0031777 -0.0219671 -0.0154609 -0.00705145 0.00126846 0.0021449 0.0187109 -0.0144905 0.0234831 0.029454 0.00947228
internal_weight=8384.71 3225.32 5159.39 974.475 4730.94 2250.84 1360.32 2924.14 935.852 890.525 1806.8 1712.3 787.785 552.379 235.406 1988.29 92.6067 584.909 428.451 481.613 696.061 924.518 259.914 1662.21 350.943 175.776 175.167 326.079 290.371 134.937
internal_count=468174 345111 123063 234273 106428 110838 78273 51306 17270 32565 55122 54313 22911 17817 5094 34036 1077 9676 16635 24537 60118 31402 14892 27560 7594 1941 5653 6476 5867 845
is_linear=0
shrinkage=0.05


Tree=81
num_leaves=31
num_cat=0
split_feature=54 51 29 44 51 38 50 51 21 55 50 41 40 56 21 35 21 51 29 48 20 45 42 50 41 55 45 53 50 36
split_gain=296.954 265.728 210.196 134.396 80.8484 78.3757 82.5578 101.975 78.6243 89.7889 77.173 89.7269 74.8629 64.3236 54.3682 54.3011 54.0306 51.6076 49.7837 49.7532 48.9957 48.8479 45.9009 48.085 45.8869 45.1629 45.0648 44.7833 44.1985 57.6638
threshold=0.61302095651626598 0.99425286054611217 20.500000000000004 1.0000000180025095e-35 0.63453349471092235 14.500000000000002 0.54261502623558056 0.26442842185497289 27.500000000000004 0.73538899421691906 0.68614074587821972 0.70710784196853649 0.90692642331123363 0.63743132352828991 11.500000000000002 0.81666666269302379 23.500000000000004 0.2237871661782265 27.500000000000004 1.0000000180025095e-35 17.500000000000004 1.0000000180025095e-35 0.0036379732191562657 0.95488464832305919 0.48913043737411505 0.77869352698326122 1.0000000180025095e-35 0.5219533145427705 0.9941176474094392 0.30952382087707525
decision_type=2 2 2 2 2 2 2 2 2 2 2 2 2 2 2 2 2 2 2 2 2 2 2 2 2 2 2 2 2 2
left_child=2 3 13 10 24 6 7 19 9 15 11 -2 27 -1 -9 -8 20 26 -3 -5 21 -12 23 -6 -4 -21 -13 -7 29 -22
right_child=1 18 4 5 22 12 8 14 -10 -11 16 17 -14 -15 -16 -17 -18 -19 -20 25 28 -23 -24 -25 -26 -27 -28 -29 -30 -31
leaf_value=-0.042720921085869362 -0.03859943755549114 0.046300239207768101 -0.03891445853250728 0.047749841017803663 -0.027323495910750336 0.027268857794736607 0.08215676180257718 0.025796327599037872 0.0046986252733928749 0.021116592900006032 0.041526832945884017 0.041434225500601461 0.016397946934262695 -0.0099098961551654478 -0.038945042367796931 0.026695183093874308 -0.0093142516592549258 -0.023511647279962484 -0.0043746527495361013 0.035565647327364273 0.070464941434213377 -0.013497819891550553 0.012954856499263319 0.00078429453880007969 0.012772482301473482 -0.0039228931195630428 -0.013006165563968209 -0.019627046689130491 0.041557551251899694 -0.0052217921975179511
leaf_weight=649.07848064228892 351.47304009716026 441.6401641103439 219.96343794814311 81.608985291095451 203.49691216438077 55.816636848961934 107.71161960600875 38.321877275826409 569.01214923756197 905.70163535326719 46.770072023384273 89.650863609276712 291.62057009153068 194.87235589302145 190.20676740934141 76.582590813748538 847.56296840519644 135.0859786584042 54.24132890580222 93.058639600872993 28.634828548878431 258.4446915674489 495.00091636902653 594.31045912276022 52.778932514134794 313.86917965253815 64.812030454166234 497.95533178816549 161.57176825869828 166.15487479302101
leaf_count=161787 62972 17672 66365 1604 15038 1731 1881 882 9379 15686 493 1136 3241 12273 14221 973 11315 6234 924 3558 787 2330 10635 16406 5480 3338 2099 12760 1512 2776
internal_value=-0.000292114 0.00577689 -0.0150673 0.00254048 -0.00421744 0.00900066 0.0136511 -0.000525818 0.0197753 0.0276343 -0.00713812 -0.0216578 -0.00407059 -0.0351654 -0.0280235 0.0593784 -0.00096049 -0.00103087 0.0407596 0.0123681 0.00973964 -0.00495795 0.00100861 -0.0064104 -0.0289023 0.00517263 0.0186545 -0.0148596 0.0223064 0.00620752
internal_weight=8277.01 5867.51 2409.5 5371.63 1565.55 3221.47 2376.07 717.065 1659.01 1090 2150.16 641.022 845.393 843.951 228.529 184.294 1509.14 289.549 495.881 488.537 661.576 305.215 1292.81 797.807 272.742 406.928 154.463 553.772 356.361 194.79
internal_count=467488 179504 287984 160908 113924 69254 51522 23603 27919 18540 91654 72441 17732 174060 15103 2854 19213 9469 18596 8500 7898 2823 42079 31444 71845 6896 3235 14491 5075 3563
is_linear=0
shrinkage=0.05


Tree=82
num_leaves=31
num_cat=0
split_feature=6 13 35 41 50 7 51 38 21 28 43 34 35 50 49 43 52 52 54 29 20 51 48 12 28 41 50 8 60 51
split_gain=287.101 172.71 180.138 137.774 161.733 71.7359 76.5029 73.098 56.4458 46.6322 46.1209 45.2823 45.1046 92.1676 69.1888 83.9612 57.4226 44.8416 41.3079 56.7962 46.5064 49.6964 40.5653 39.7042 38.8931 36.555 39.7504 32.8571 39.7921 32.3883
threshold=4.5000000000000009 1.0000000180025095e-35 0.58571431040763866 0.58114033937454235 0.77032968401908886 1.0000000180025095e-35 0.8874824345111848 12.500000000000002 26.500000000000004 8.5000000000000018 0.19780754297971728 0.70714285969734203 0.94444444775581371 0.98549506068229686 0.49253065884113317 0.035404909402132041 0.95024752616882335 0.9495762586593629 0.49878048896789556 20.500000000000004 26.500000000000004 0.99425286054611217 1.0000000180025095e-35 1.0000000180025095e-35 5.5000000000000009 0.54006412625312816 0.89022758603096019 1.0000000180025095e-35 1.0000000180025095e-35 0.92893216013908397
decision_type=2 2 2 2 2 2 2 2 2 2 2 2 2 2 2 2 2 2 2 2 2 2 2 2 2 2 2 2 2 2
left_child=1 5 -3 4 -2 6 7 12 18 25 24 -10 14 23 15 -1 -15 -16 19 -8 21 -20 -7 -14 27 -9 -27 28 -5 -13
right_child=3 2 -4 10 -6 22 8 9 11 -11 -12 29 13 16 17 -17 -18 -19 20 -21 -22 -23 -24 -25 -26 26 -28 -29 -30 -31
leaf_value=-0.025929741629277692 -0.042089003765269098 0.0068727612939048681 0.043015864161706677 0.0080191627543873371 -0.0068103434163495182 -0.027343913443275875 -0.043873443243951926 -0.028698265970506572 0.032742834375914472 -0.033071695937434725 0.050549968518035115 -0.023324307769710277 -0.011878565784435285 0.085411241082889763 0.018099818512964268 0.033115487303310508 0.0051478741785805152 0.062684328224810612 0.012298387189137621 0.014505239523096253 0.074273805359421158 0.047287910071022426 0.020930721012632152 -0.050603787254032674 -0.014777757434043651 -0.0082427004473812505 0.025376585587826406 -0.0041898716850693593 0.057372935808588425 0.0026749967468342037
leaf_weight=187.93020931235515 690.9260550388135 886.00271639577113 563.81094644777477 177.50907712173648 613.27757396898232 304.80247830832377 46.627456831047311 150.95907941902988 96.225141060072929 236.69778220262378 39.775399064645171 159.36822012090124 166.19704704242758 22.593175781425089 399.63734809379093 87.399210894247517 405.16391753172502 65.04322937480174 307.11006055679172 332.66734703420661 50.366738816490397 151.36291851685382 49.981500463560224 109.93871803604998 453.68459832202643 391.9009967581369 112.27216855622828 405.45049998536706 52.216999064199626 472.70576702989638
leaf_count=20815 215901 17663 26707 3696 35571 19012 8670 15266 837 12259 311 2145 2253 234 8713 1780 5722 1472 2636 4846 503 4724 1498 2751 23501 3901 764 10548 820 12213
internal_value=-5.80472e-05 0.00602782 0.0209482 -0.0144554 -0.0255178 0.00100159 0.00293677 -0.00285026 0.0112956 -0.0140969 -0.00166097 0.000973689 0.0041012 -0.00495675 0.0127121 -0.0071347 0.00957653 0.0244617 0.0197492 0.00723214 0.0290471 0.0239278 -0.0205033 -0.0274233 -0.00361283 -0.00720139 -0.000720752 0.00437258 0.0194374 -0.00390684
internal_weight=8189.6 5756.76 1449.81 2432.84 1304.2 4306.95 3952.17 2335.73 1616.43 891.83 1128.64 728.299 1443.9 703.893 740.01 275.329 427.757 464.681 888.135 379.295 508.84 458.473 354.784 276.136 1088.86 655.132 504.173 635.177 229.726 632.074
internal_count=467732 177384 44370 290348 251472 133014 112504 75930 36574 32190 38876 15195 43740 10960 32780 22595 5956 10185 21379 13516 7863 7360 20510 5004 38565 19931 4665 15064 4516 14358
is_linear=0
shrinkage=0.05


Tree=83
num_leaves=31
num_cat=0
split_feature=44 51 52 37 43 50 45 36 31 38 7 28 55 58 25 38 40 55 45 30 58 26 41 40 39 31 50 54 40 25
split_gain=250.796 220.385 190.247 132.947 120.587 85.5024 91.7904 73.3675 70.6667 62.9118 62.7499 61.674 83.8251 67.7641 93.7645 59.6741 57.1612 49.9343 45.8298 45.4596 43.3644 41.7828 41.5422 60.3625 38.7054 38.3638 37.9969 37.4424 36.995 30.1234
threshold=1.0000000180025095e-35 0.99425286054611217 0.81892696022987377 1.5000000000000002 0.023101550526916984 0.87298336625099193 1.0000000180025095e-35 0.47222222387790685 0.22173058241605761 17.500000000000004 1.0000000180025095e-35 3.5000000000000004 0.83791333436965953 3.5000000000000004 2.5000000000000004 15.500000000000002 0.85092595219612133 0.77431482076644909 1.0000000180025095e-35 0.4236596822738648 1.5000000000000002 13.500000000000002 0.98076921701431286 0.96291208267211925 0.70294117927551281 0.44957683980464941 0.15504807978868487 0.98672541975975048 0.7947368621826173 1.5000000000000002
decision_type=2 2 2 2 2 2 2 2 2 2 2 2 2 2 2 2 2 2 2 2 2 2 2 2 2 2 2 2 2 2
left_child=2 3 4 -2 17 9 -7 -8 16 11 15 12 20 14 -13 22 -9 -1 -19 -15 -5 -17 23 27 -11 29 -27 28 -4 -6
right_child=1 -3 10 5 25 6 7 8 -10 24 -12 13 -14 19 -16 21 -18 18 -20 -21 -22 -23 -24 -25 -26 26 -28 -29 -30 -31
leaf_value=-0.039809691693416721 -0.038984442474281011 0.046440638970172157 0.0038815489200103269 0.020868940205722667 0.060375493843962381 0.037389748803815903 0.061393474697326145 -0.014825151588905234 0.028032588789584152 -0.035293628615600918 -0.024963320526299237 0.0042079544470494078 0.00046115374401190591 0.039914626585498054 -0.029332855759878845 -0.049629271408865472 0.019267858638441913 0.025721901362756944 -0.025820042162530178 -0.046719102348078287 0.058155053269972071 -0.0071011274255421879 0.054868817387272534 -0.09341009315301757 -0.00048893503078999763 0.16879441093077055 0.0046674475119683747 0.058541102399677858 -0.017324628714278166 -0.0050393897488141288
leaf_weight=745.37136650807224 163.65789788751863 349.5504425172694 2114.4787293435074 257.66902859299444 17.988284629536793 392.19995662337169 59.560831196140498 416.0132741574198 226.27242788672447 174.15275143482722 269.73707717820071 533.06083865044639 466.92968570999801 118.4061911762692 340.86453306279145 91.806838893564418 173.38537183403969 56.512568895006552 172.46981729008257 16.488067242549732 112.17282994836569 153.99459336348809 36.54935840331018 15.510669607669113 146.90516127180308 5.8584685460664314 7.3791290670633316 28.463391048833728 226.82084590941668 239.56223397376016
leaf_count=189529 46738 16542 55139 10850 805 16344 398 2920 2265 13774 17577 21037 5746 1962 17742 11782 1245 1167 8368 646 1736 7035 707 126 1382 283 736 346 2169 10603
internal_value=-0.0004428 0.00859589 -0.00897319 0.00490707 -0.0253435 0.00700954 0.0173194 0.00829326 0.00434542 0.000973351 -0.00202759 0.00452941 0.0145571 -0.00379427 -0.00889283 0.000300041 -0.00478025 -0.0335391 -0.013043 0.0290596 0.0323041 -0.0231221 0.00268582 0.00186357 -0.0194192 0.00416104 0.0840577 0.00252629 0.00182061 -0.000254727
internal_weight=8129.79 3947.29 4182.5 3597.74 1245.14 3434.08 1267.43 875.232 815.671 2166.65 2937.36 1845.59 836.772 1008.82 873.925 2667.62 589.399 974.354 228.982 134.894 369.842 245.801 2421.82 2385.27 321.058 270.788 13.2376 2369.76 2341.3 257.551
internal_count=467699 161327 306372 144785 211491 98047 23172 6828 6430 74875 94881 59719 18332 41387 38779 77304 4165 199064 9535 2608 12586 18817 58487 57780 15156 12427 1019 57654 57308 11408
is_linear=0
shrinkage=0.05


Tree=84
num_leaves=31
num_cat=0
split_feature=44 51 52 56 41 38 50 31 43 45 45 42 38 49 3 40 52 42 21 51 21 28 56 54 21 34 28 6 31 49
split_gain=252.292 201.842 173.805 146.132 115.178 80.4366 68.2813 61.9046 72.8066 60.7886 59.4156 59.0968 60.7341 53.0359 50.1253 48.3419 47.9839 44.5691 44.2739 39.7119 38.8193 38.1402 35.4831 33.6928 32.8624 32.7494 51.2996 47.7176 32.3541 31.8889
threshold=1.0000000180025095e-35 0.99425286054611217 0.81892696022987377 0.5397799313068391 0.65108695626258861 17.500000000000004 0.98319208621978771 0.38913471996784216 0.0018778014346025886 1.0000000180025095e-35 1.0000000180025095e-35 0.0036379732191562657 10.500000000000002 0.8263767957687379 1.5000000000000002 0.92450141906738292 0.21483516693115237 0.0034866230562329297 28.500000000000004 0.99425286054611217 18.500000000000004 6.5000000000000009 0.97740960121154796 0.98672541975975048 21.500000000000004 0.61250001192092907 5.5000000000000009 1.5000000000000002 0.56329935789108287 0.49253065884113317
decision_type=2 2 2 2 2 2 2 2 2 2 2 2 2 2 2 2 2 2 2 2 2 2 2 2 2 2 2 2 2 2
left_child=2 3 4 17 13 6 7 8 29 16 -8 12 19 -1 -14 28 -6 -2 25 22 -10 -9 -4 -11 -18 26 -13 -27 -7 -5
right_child=1 -3 11 5 9 15 10 21 20 23 -12 18 14 -15 -16 -17 24 -19 -20 -21 -22 -23 -24 -25 -26 27 -28 -29 -30 -31
leaf_value=-0.038360410552086638 -0.04352079045754545 0.045840547425081896 -0.0097538155270846614 -0.030706126440265089 0.038091721217324709 -0.028738990668656234 0.049358764481012944 0.049097583745275779 0.020587263053837814 -0.026866282593127622 0.015129550091153514 0.048852668412579014 -0.028846772725850026 0.095186658276566471 0.0081514380064180141 0.014436594913289866 0.017680644889046946 0.039662144501448005 -0.0061785471449917525 0.012356123392148885 0.0043230622745918969 -0.00037619794443538481 0.045773064525382753 0.070393419008803845 -0.031144475607764833 0.034251823820929998 -0.012344614990986109 0.00016310074107424337 0.024073812699018537 -0.0031419091425887048
leaf_weight=731.19846574543044 180.78495782869868 337.29055571276695 770.36983915418386 164.33874640753493 102.04067444009706 270.56781614129432 186.0058035464026 131.58010454429314 528.54219030705281 232.11572706000879 398.29695081757382 128.09696528897621 455.70188393909484 6.5889872936531892 114.02061967924237 118.47716156672686 67.073747176211327 16.895731294993311 443.04814008646645 356.35385337565094 1196.8300075524021 55.143484452040866 28.906353613361716 8.319571150466798 68.885885959491134 132.20988934859633 46.134051646571606 447.66259782318957 31.706436136504635 287.89507787814364
leaf_count=195302 55330 16501 16698 11631 1556 11741 9769 2551 13573 11036 3019 3057 39389 83 2463 1249 1799 1820 9187 10052 26443 2592 292 90 1945 1586 3463 8837 929 4183
internal_value=-0.000187745 0.00892844 -0.00878777 0.00542628 -0.0246627 0.00788128 0.0107998 0.00701119 0.00463394 -0.00553753 0.0260917 -0.00217513 -0.00809578 -0.0370405 -0.0214409 -0.0125486 0.0123516 -0.0362473 0.00635743 -0.00150384 0.0093144 0.0345627 -0.00769096 -0.0232233 -0.00710408 0.013721 0.0326705 0.00798085 -0.0231382 -0.0132042
internal_weight=8043.08 3904.36 4138.73 3567.06 1216.22 3369.38 2948.63 2364.33 2177.61 478.436 584.303 2922.5 1725.35 737.787 569.723 420.751 238 197.681 1197.15 1155.63 1725.37 186.724 799.276 240.435 135.96 754.104 174.231 579.872 302.274 452.234
internal_count=468166 161331 306835 144830 211811 87680 73761 60973 55830 16426 12788 95024 68894 195385 41852 13919 5300 57150 26130 27042 40016 5143 16990 11126 3744 16943 6520 10423 12670 15814
is_linear=0
shrinkage=0.05


Tree=85
num_leaves=31
num_cat=0
split_feature=6 44 51 32 41 7 38 50 13 37 55 23 43 51 45 41 20 21 55 6 55 41 40 55 21 22 50 52 21 53
split_gain=237.23 130.987 167.341 108.674 125.009 66.6386 66.8143 55.9039 69.0414 54.7611 50.6508 72.0178 51.8573 47.6911 43.0781 60.1856 42.7366 55.2196 41.9491 37.8696 37.5496 33.5521 79.133 45.8977 33.131 31.5968 42.3101 30.5266 56.3161 45.1189
threshold=6.5000000000000009 1.0000000180025095e-35 0.99425286054611217 1.5000000000000002 0.70710784196853649 1.0000000180025095e-35 13.500000000000002 0.982753485441208 1.0000000180025095e-35 1.5000000000000002 0.69245734810829174 52.500000000000007 0.0089738965034484881 0.84262126684188854 1.0000000180025095e-35 0.12132352963089944 23.500000000000004 19.500000000000004 0.97506219148635875 1.5000000000000002 0.68473365902900707 0.82971012592315685 0.82843136787414562 0.43085423111915594 28.500000000000004 43.500000000000007 0.61167800426483165 0.95713412761688244 21.500000000000004 0.26518318057060247
decision_type=2 2 2 2 2 2 2 2 2 2 2 2 2 2 2 2 2 2 2 2 2 2 2 2 2 2 2 2 2 2
left_child=1 5 7 4 13 6 14 9 16 -3 11 12 -11 20 21 -16 17 -9 19 -17 -2 22 23 -1 -18 26 -22 28 29 -15
right_child=3 2 -4 -5 -6 -7 -8 8 -10 10 -12 -13 -14 27 15 18 24 -19 -20 -21 25 -23 -24 -25 -26 -27 -28 -29 -30 -31
leaf_value=0.0034185597500172994 -0.042217552274117651 -0.040943513117015232 0.046089230945556253 0.0039687465873396921 -0.00094105020818919095 -0.027381292333291687 -0.018344675438233735 0.024463416626558647 0.046238362218513976 0.020850533472519861 0.0020391473392105887 -0.027793524308947305 0.070857496778446646 0.2314300049818524 -0.049351176368652633 0.0078155038480208043 0.049008606744088468 -0.02375515021020376 0.049993274857995047 -0.012446944277101595 -0.024604417829181442 0.031787277745570053 -0.055341798336590357 0.029414569996703607 0.0062358680535820436 -0.034240492540610699 0.046836793896475354 -0.037224061620446697 -0.014235200039988283 0.046592477458555034
leaf_weight=779.79247728432529 677.18898033513688 65.184046565555036 311.71372228395194 492.47533511766233 424.82273547304794 260.60139429243281 456.82884795847349 99.849684139247984 186.15707431361079 192.47985190851614 1840.2895977024455 55.486920071300119 70.706670571817085 4.053408892126753 69.642592822434381 407.1717722164467 91.74181254953146 143.41607262426987 36.938683953136206 529.19929196173325 47.091737831244245 142.72453923057765 49.063913253135979 216.17512299260125 89.103652742691338 113.61897540930659 35.442449705908075 21.969017061404884 23.486363018164411 11.6189355016686
leaf_count=17107 214148 17744 16246 13887 12891 18709 31790 1188 10109 7499 25938 3902 1852 80 18427 6215 1307 1113 359 13357 7867 1906 372 8627 592 11959 678 703 1028 404
internal_value=-0.00048145 0.00428115 0.0113755 -0.0161493 -0.0234357 -0.0032909 -0.000945625 0.00754294 0.0209358 0.00386042 0.00523148 0.0236027 0.0345026 -0.0336501 0.00262417 -0.00478845 0.00974692 -0.00394446 -0.0015525 -0.00363708 -0.0366361 0.00913163 0.00601002 0.00908485 0.0280844 -0.0172507 0.00626783 0.00891534 0.035083 0.105412
internal_weight=7946.04 6094.27 3146.13 1851.77 1359.29 2948.14 2687.54 2834.42 610.268 2224.15 2158.96 318.673 263.187 934.47 2230.71 1042.95 424.111 243.266 973.31 936.371 873.342 1187.76 1045.03 995.968 180.845 196.153 82.5342 61.1277 39.1587 15.6723
internal_count=468004 204359 87490 263645 249758 116869 98160 71244 14309 56935 39191 13253 9351 236867 66370 38358 4200 2301 19931 19572 234652 28012 26106 25734 1899 20504 8545 2215 1512 484
is_linear=0
shrinkage=0.05


Tree=86
num_leaves=31
num_cat=0
split_feature=54 52 51 21 49 50 42 32 58 43 6 47 6 25 7 29 23 43 30 20 35 50 21 45 20 52 29 21 21 38
split_gain=220.211 200.271 190.516 85.1962 105.972 72.7087 69.5408 69.354 69.2261 68.8657 64.8889 61.8485 54.7545 52.4543 50.2131 46.9514 45.8013 64.645 44.1807 42.3339 41.2069 40.9969 71.5379 40.0178 45.4362 71.17 39.552 37.2559 40.8836 34.4454
threshold=0.67750748991966259 0.7320508360862733 0.99425286054611217 18.500000000000004 0.45512083172798162 0.84292763471603405 0.0028412161627784376 1.0000000180025095e-35 1.5000000000000002 0.090916447341442122 2.5000000000000004 1.0000000180025095e-35 3.5000000000000004 2.5000000000000004 1.0000000180025095e-35 37.500000000000007 55.500000000000007 0.0071441156323999175 0.15047170221805575 22.500000000000004 0.84523808956146251 0.9941176474094392 26.500000000000004 1.0000000180025095e-35 12.500000000000002 0.97100839018821727 25.500000000000004 12.500000000000002 5.5000000000000009 8.5000000000000018
decision_type=2 2 2 2 2 2 2 2 2 2 2 2 2 2 2 2 2 2 2 2 2 2 2 2 2 2 2 2 2 2
left_child=1 5 3 4 9 8 13 -6 -1 27 11 19 -8 29 -15 -14 17 -10 -12 -5 -13 -21 -23 -9 -25 -26 -4 28 -2 -3
right_child=2 6 26 10 7 -7 12 23 16 -11 18 20 15 14 -16 -17 -18 -19 -20 21 -22 22 -24 24 25 -27 -28 -29 -30 -31
leaf_value=-0.04305510419043504 -0.043914305970329331 -0.0034861067758482711 0.045866322970998803 -0.012758101656616323 0.059493046412461253 0.079406241294001048 0.02221599828495344 0.038186917604786652 -0.010770503432446911 0.046657516499966266 -0.00086047681279760005 0.012358214623411599 -0.017010142936913577 0.010279421397468132 -0.034785823878945792 0.015236175811964736 -0.035507730874807172 0.082414302774157941 -0.017464274636475104 -0.00062048196676922163 0.046605404214672561 0.059424033989211214 0.0053300784431171587 -0.016915263443358319 -0.0032523593283284268 0.044190170986442331 -0.0073464779951979047 -0.027457156367258012 0.0099284208056081014 -0.025963216615940889
leaf_weight=601.13286086684093 40.558312402106822 251.13796230428852 332.10418217629194 426.34120409283787 129.07955698180012 13.118169229943303 364.6566356420517 191.12737309536897 56.700909477425739 59.990573696093634 905.36066248919815 320.18238576687872 271.50552319805138 369.21571591799147 73.206227392191067 191.7499511889182 67.321725623914972 26.568473811261356 717.82835043850355 668.0445474004373 120.6628579357639 87.3013447211124 199.29107720311731 109.96452142111957 159.07501649227925 155.88622126262635 38.724991193972528 180.7905770575162 231.53704467485659 531.7775928620249
leaf_count=199428 1411 7958 16461 4252 2371 923 7522 5758 11180 632 20500 6214 17870 10741 6579 6699 11191 2859 31131 6700 6802 801 1328 748 1523 1293 697 14512 10066 51795
internal_value=-0.000374165 -0.0115788 0.00585011 0.00312541 0.0142562 -0.0334001 -0.00343799 0.0262833 -0.0354715 -0.00323436 -0.000942171 0.00553371 0.00775093 -0.0109981 0.00276098 -0.00365873 -0.00511495 0.0195868 -0.00820946 0.000323881 0.0218162 0.00617354 0.0219574 0.0192398 0.0106479 0.0202943 0.0403046 -0.00993142 0.00177125 -0.0187668
internal_weight=7891.94 2818.09 5073.85 4703.02 1258.01 764.842 2053.25 745.133 751.724 512.877 3445.01 1821.82 827.912 1225.34 442.422 463.255 150.591 83.2694 1623.19 1380.98 440.845 954.637 286.592 616.053 424.926 314.961 370.829 452.886 272.095 782.916
internal_count=467945 334745 133200 116042 38314 225581 109164 11693 224658 26621 77728 26097 32091 77073 17320 24569 25230 14039 51631 13081 13016 8829 2129 9322 3564 2816 17158 25989 11477 59753
is_linear=0
shrinkage=0.05


Tree=87
num_leaves=31
num_cat=0
split_feature=44 51 52 56 41 23 40 49 48 50 25 48 47 34 45 54 27 55 27 45 51 39 35 28 52 42 54 41 41 49
split_gain=197.637 179.253 155.086 125.781 108.881 63.0182 130.252 102.967 153.188 106.245 105.982 81.6924 154.17 75.8467 58.1906 114.755 66.6464 93.0184 84.3336 56.8024 55.6522 54.3293 53.4781 48.0096 47.1485 46.3399 45.3079 44.9046 42.994 38.1483
threshold=1.0000000180025095e-35 0.99425286054611217 0.78629976511001598 0.55891487002372753 0.61324787139892589 50.500000000000007 0.76696833968162548 0.46841755509376531 1.0000000180025095e-35 0.13873296231031421 1.5000000000000002 1.0000000180025095e-35 1.0000000180025095e-35 0.70714285969734203 1.0000000180025095e-35 0.52960655093193065 10.500000000000002 0.47769485414028173 6.5000000000000009 1.0000000180025095e-35 0.55351883172988903 0.7379862666130067 0.58571431040763866 3.5000000000000004 0.2237871661782265 0.0034866230562329297 0.99820789694786083 0.79057019948959362 0.89564427733421337 0.8263767957687379
decision_type=2 2 2 2 2 2 2 2 2 2 2 2 2 2 2 2 2 2 2 2 2 2 2 2 2 2 2 2 2 2
left_child=2 3 4 25 29 7 -7 9 13 -5 21 -8 -13 -9 16 -16 17 -4 -19 24 -12 -11 -14 -15 -6 -2 -17 -20 -18 -1
right_child=1 -3 14 5 19 6 11 8 -10 10 20 12 22 23 15 26 28 18 27 -21 -22 -23 -24 -25 -26 -27 -28 -29 -30 -31
leaf_value=-0.040028272034355036 -0.042226876884757444 0.044636701945998204 0.0006737809973342766 0.037873761482948069 0.035694510205626195 -0.025563161601880841 0.022280433104139317 0.022109389477470983 0.033618845827969951 0.047122421223769778 -0.038953423184517166 -0.045628606451928781 0.0029536827029921411 -0.059975813122217073 -0.044547370810208167 -0.0049958055185236709 -0.058482626061922408 0.053101915182795549 -0.029563926622493325 -0.023539087743156412 0.1085516756117329 -0.020023279938334387 0.047988539135627992 -0.0086982405117311135 -0.010202420387996116 0.037173614768708188 0.072321711613422587 0.035409674620587826 0.027929825841036288 0.087607766136038642
leaf_weight=585.15440348535776 177.00597023940645 303.22908874228597 1166.1719797146507 109.45852657873183 106.32190268184058 383.28920517372899 540.81134001072496 152.49491464160383 824.06901240465231 74.49564610235393 260.01024972065352 165.021484894678 427.43796208314598 63.423393113538623 199.85555545031093 1219.201640015468 63.252249501179904 180.85849626502022 63.290795392589644 230.87158801849 5.6155621493235222 49.383551796898246 76.974533872678876 158.12701034825295 116.19593144324608 19.719989235512912 18.249123282730579 44.355596654117107 17.891405923292041 5.0074081355705848
leaf_count=186300 60141 16483 30903 2147 1802 16303 4848 1854 19110 2433 23762 1676 5062 331 47541 17811 1117 2751 631 13041 98 384 3857 980 3698 1898 191 655 299 54
internal_value=-0.0003601 0.00782795 -0.00808724 0.00461549 -0.0246607 0.00694092 -0.00020058 0.0136429 0.0215856 -0.00543427 -0.0176705 0.00784632 -0.00383032 -0.00494418 -0.00226371 -0.00949127 0.00450201 0.00697187 0.0323393 -0.00621257 -0.0354396 0.0204093 0.00990746 -0.023581 0.0117893 -0.0341199 -0.0037981 -0.00271211 -0.0393214 -0.0387989
internal_weight=7807.25 3790.57 4016.68 3487.34 1043.55 3290.61 1593.53 1697.08 1198.11 498.964 389.505 1210.25 669.434 374.045 2973.13 1437.31 1535.82 1454.68 288.505 453.389 265.626 123.879 504.412 221.55 222.518 196.726 1237.45 107.646 81.1437 590.162
internal_count=468161 161367 306794 144884 204895 82845 31746 51099 22275 28824 26677 15443 10595 3165 101899 65543 36356 34940 4037 18541 23860 2817 8919 1311 5500 62039 18002 1286 1416 186354
is_linear=0
shrinkage=0.05


Tree=88
num_leaves=31
num_cat=0
split_feature=6 0 49 41 51 52 21 32 35 34 52 12 50 34 51 13 45 47 58 21 52 30 55 42 12 0 7 20 21 32
split_gain=192.861 144.914 136.182 164.064 122.786 108.007 73.8559 107.739 62.9599 62.1705 50.8645 53.381 49.7019 54.2131 55.9366 47.8032 45.0116 43.2527 41.933 79.2351 71.8027 42.1587 43.5689 40.2855 53.3854 41.1199 40.1609 38.2484 55.1544 42.8723
threshold=2.5000000000000004 2.5000000000000004 0.54641148447990429 0.65108695626258861 0.99425286054611217 0.49089705944061285 23.500000000000004 1.0000000180025095e-35 0.64583334326744091 0.63068181276321422 0.97915762662887584 1.0000000180025095e-35 0.97014260292053234 0.61250001192092907 0.91010102629661571 1.0000000180025095e-35 1.0000000180025095e-35 1.0000000180025095e-35 1.5000000000000002 13.500000000000002 0.60922586917877208 0.4016129076480866 0.8657626509666444 0.0027643427019938831 1.0000000180025095e-35 5.5000000000000009 1.0000000180025095e-35 28.500000000000004 21.500000000000004 3.5000000000000004
decision_type=2 2 2 2 2 2 2 2 2 2 2 2 2 2 2 2 2 2 2 2 2 2 2 2 2 2 2 2 2 2
left_child=1 10 3 -2 12 -4 7 -7 -8 -10 -1 -12 13 -3 17 27 -11 -15 19 -5 -21 22 -20 25 -25 -9 -13 28 -14 -29
right_child=2 4 5 18 -6 6 8 23 9 16 11 26 15 14 -16 -17 -18 -19 21 20 -22 -23 -24 24 -26 -27 -28 29 -30 -31
leaf_value=-0.028794125820012631 -0.037797869535390299 0.010421285110178813 0.086977996167455829 0.010794961071671015 0.044140317601556782 0.058943786031656599 -0.026852393067592219 -0.03319405920795012 0.020871264598256341 0.0069889779942507255 0.041342181084109447 0.00022435228455218258 0.025624821466858846 -0.025516106320456727 0.023363650313020626 0.048101803576260614 -0.021420603754480176 0.040244466380698118 0.028126670551286859 -0.043665253879224791 0.033827411293396725 -0.047277427633456638 -0.0055479661421252808 0.027366050986162356 -0.0064668161521475136 0.0022314094578535612 -0.023882151113353133 0.059735631490533958 -0.0088443187448727281 0.0041929210657433652
leaf_weight=214.30304843233898 702.71293662348762 1273.114373610355 33.693193721584976 165.93674596655183 294.60221431334503 94.268411892000586 384.17907198879402 121.78098549391143 212.50724536878988 224.51054506073706 65.162954981904477 795.87143736192957 223.66940607060678 299.59743415890262 94.85717943077907 131.1514400113374 365.1831305869855 26.384116370230913 186.91822488326579 223.78766073705629 33.723893293645233 32.872768318746239 195.92431367654353 264.01516395690851 207.62710631918162 245.76413660531398 219.67290882719681 85.173148061381653 239.27576708677225 58.481201423099265
leaf_count=11616 218971 31472 1357 3934 14957 2718 28689 21343 4662 2876 2847 29739 3227 2963 1557 8350 6756 1029 4201 13742 519 1443 1462 20230 4207 3874 16024 998 1869 468
internal_value=-0.000409649 0.00716694 -0.00865415 -0.0199925 0.013707 -0.000530634 -0.00196187 0.00855447 -0.0102365 -0.00225549 -0.00660142 -0.00217808 0.0100034 0.00528007 -0.0102609 0.0208267 -0.0106109 -0.0200868 -0.00505514 -0.016112 -0.0334252 0.00621904 0.0109237 0.00283068 0.0124899 -0.00956455 -0.0050085 0.0148602 0.00782859 0.0373097
internal_weight=7716.72 4021.32 3695.41 1541.88 2726.31 2153.53 2119.84 933.456 1186.38 802.201 1295.01 1080.71 2431.7 1693.95 420.839 737.751 589.694 325.982 839.164 423.448 257.512 415.715 382.843 839.187 471.642 367.545 1015.54 606.6 462.945 143.654
internal_count=468100 127116 340984 244272 66890 96712 95355 52372 42983 14294 60226 48610 51933 37021 5549 14912 9632 3992 25301 18195 14261 7106 5663 49654 24437 25217 45763 6562 5096 1466
is_linear=0
shrinkage=0.05


Tree=89
num_leaves=31
num_cat=0
split_feature=44 51 52 56 41 38 46 31 45 56 23 55 23 41 12 49 45 42 50 13 12 41 23 8 29 55 43 41 50 31
split_gain=180.075 165.125 141.296 110.719 103.887 65.4044 69.7721 57.6658 53.8283 105.234 48.2887 90.7544 63.1581 48.5411 44.0884 42.5315 41.9404 41.5005 41.4736 57.3382 43.2732 40.1419 39.7141 37.3692 36.7783 102.267 36.0398 34.9981 31.144 32.3748
threshold=1.0000000180025095e-35 0.99425286054611217 0.81892696022987377 0.5397799313068391 0.69397994875907909 17.500000000000004 1.0000000180025095e-35 0.2594373226165772 1.0000000180025095e-35 0.54246303439140331 58.500000000000007 0.48502780497074133 39.500000000000007 0.88562092185020458 1.0000000180025095e-35 0.83414238691329967 1.0000000180025095e-35 0.0070447262842208156 0.95488464832305919 1.0000000180025095e-35 1.0000000180025095e-35 0.79057019948959362 52.500000000000007 1.0000000180025095e-35 1.0000000180025095e-35 0.9279175102710725 0.06250630691647531 0.71825397014617931 0.95488464832305919 0.65283519029617321
decision_type=2 2 2 2 2 2 2 2 2 2 2 2 2 2 2 2 2 2 2 2 2 2 2 2 2 2 2 2 2 2
left_child=2 3 4 17 15 6 7 18 10 -10 11 14 -13 -12 -4 26 23 -2 20 -20 -5 -14 -9 -6 -11 -26 -1 -7 -16 -30
right_child=1 -3 8 5 16 27 -8 22 9 24 13 12 21 -15 28 -17 -18 -19 19 -21 -22 -23 -24 -25 25 -27 -28 -29 29 -31
leaf_value=-0.038246292076046379 -0.041288860984330343 0.043863762326509459 0.019202775926039705 0.004946395204033692 0.040589987270709393 -0.03480011145739479 -0.05563105779851224 0.030563474478922933 -0.0438570634715503 -0.028299722250797334 -0.049195851140086011 0.053569094622699778 -0.02864921659150977 0.028653612099712095 -0.029258448799172089 0.091408413829942747 -0.019974574470584122 0.055429612344853357 0.0075732076805671697 0.042506651100979925 -0.032228217508873551 0.042563559180672422 -0.016464339240745637 -0.0030993748237511305 -0.0061026383519753938 0.042131623768671661 0.0096389775437622401 -0.0026569644519863381 -0.039331909926425851 0.0021119659818809098
leaf_weight=665.882535695564 159.01839015167207 287.89231675677001 263.26059148972854 1724.3702600635588 76.759822173975408 119.89359953557141 39.918038941104896 437.9952987661818 186.41926395264454 131.99273526249453 74.085952737135813 156.9658341165632 49.447766131488606 26.553662677295506 106.79147234233096 5.7452224101871243 175.65000796318054 11.065025186631827 355.18867482012138 174.92899071983993 81.011727613396943 31.562069814652205 49.378580384189263 131.73229401279241 926.96049362188205 123.65314252581447 41.371408157516271 283.3781730751507 49.38797670067288 726.12853777431883
leaf_count=197175 56325 16505 7037 45394 1037 10253 555 12395 47057 1319 1470 2417 519 466 4093 69 7409 1016 2585 10618 793 505 1445 3236 11872 1134 2788 3674 7865 9170
internal_value=-0.000330491 0.0075568 -0.00776596 0.004503 -0.0230065 0.00655502 0.009211 0.0101473 -0.00189951 -0.0090469 0.00469497 0.00713397 0.0351616 -0.0285755 0.00128605 -0.0342869 -0.00203464 -0.0347095 0.00687649 0.0191589 0.00326137 -0.000723467 0.0257749 0.0131026 -0.00352721 -0.000390988 -0.0354355 -0.0122756 -0.00407558 -0.000574598
internal_weight=7674.39 3724.04 3950.35 3436.15 1097.14 3266.06 2862.79 2822.87 2853.21 1369.03 1484.18 1383.54 237.976 100.64 1145.57 712.999 384.142 170.083 2335.5 530.118 1805.38 81.0098 487.374 208.492 1182.61 1050.61 707.254 403.272 882.308 775.517
internal_count=468196 161558 306638 145053 211714 87712 73785 73230 94924 61382 33542 31606 3441 1936 28165 200032 11682 57341 59390 13203 46187 1024 13840 4273 14325 13006 199963 13927 21128 17035
is_linear=0
shrinkage=0.05


Tree=90
num_leaves=31
num_cat=0
split_feature=54 31 51 21 49 35 30 50 22 43 28 50 58 52 52 56 58 50 21 52 51 21 52 33 42 25 21 33 20 52
split_gain=170.196 186.693 174.655 82.3394 128.354 71.4768 67.7535 69.4124 101.501 64.7222 60.9799 59.4817 59.4573 59.0323 57.7966 53.6306 53.3063 142.289 63.7336 67.2836 51.8357 51.0266 49.6399 46.8061 43.6368 43.0657 48.0567 42.7453 41.7355 96.6359
threshold=0.61302095651626598 0.41318839788436895 0.99425286054611217 18.500000000000004 0.4246212244033814 0.13392857462167743 0.23582887649536136 0.70087718963623058 40.500000000000007 0.083435263484716429 10.500000000000002 0.59611794352531444 2.5000000000000004 0.70087718963623058 0.59675306081771862 0.50714430212974559 1.5000000000000002 0.56070175766944896 29.500000000000004 0.84292763471603405 0.090398367494344725 34.500000000000007 0.10933997482061387 6.5000000000000009 0.05264710076153279 1.5000000000000002 5.5000000000000009 4.5000000000000009 14.500000000000002 0.99425286054611217
decision_type=2 2 2 2 2 2 2 2 2 2 2 2 2 2 2 2 2 2 2 2 2 2 2 2 2 2 2 2 2 2
left_child=1 15 3 4 9 11 16 12 10 25 -9 -6 -8 -3 -10 -1 17 -5 27 -20 -14 22 23 -18 -15 26 -2 -19 -7 -30
right_child=2 13 -4 6 5 28 7 8 14 -11 -12 -13 20 24 -16 -17 21 18 19 -21 -22 -23 -24 -25 -26 -27 -28 -29 29 -31
leaf_value=-0.046453739297419805 -0.045132780636979716 -0.030875119358257725 0.036789569916140574 -0.04653074453741509 -0.023979786749376591 0.0019046819101484246 -0.04619674102087537 0.0014846153974172997 0.062341760160648296 0.042137046667937557 0.054110416482686566 0.069566882600275812 -0.035269502503635815 9.3114347023463029e-05 -0.023354032510846109 -0.019194479870979355 0.003887239412228391 0.0053379726018817587 -0.03940128017869686 -0.0019492066616793105 0.034876708522791754 0.041756522248448613 0.035104417417714397 -0.055099317055282773 0.050206724075398161 -0.02723912883899687 0.013468966743185519 0.031511343591307028 0.0051729616379543736 0.05359846237437569
leaf_weight=360.79243534454145 41.777595618041232 153.37188363005407 386.62250146921724 160.78232225228567 19.144335188553669 246.81629291351419 226.25517790368758 134.34712279704399 19.822419375414029 60.013598399818875 92.325479495339096 124.70697779813781 52.05154985783156 1233.0763438352151 372.82768395228777 364.75693760497961 259.25292036996689 1080.8672389097046 146.98114119807724 633.07301673432812 51.300635087187402 141.50632903957739 112.60747626726516 37.626805577659979 44.025493291788734 243.05288146284875 191.09725160175003 181.44241637911182 219.99462673487142 193.15240980358794
leaf_count=121422 2013 61629 18653 17681 2007 3197 25666 2061 384 800 2284 2276 3478 46511 5957 57969 6710 15747 4163 7638 2052 3118 2261 1660 523 28274 9933 3657 3683 4457
internal_value=-0.000272784 -0.0121547 0.00444685 0.00196041 0.0125774 0.0252027 -0.00188316 -0.0133978 -0.00351665 -0.00636974 0.023063 0.0570377 -0.0318973 -0.00167014 -0.0188804 -0.0327949 0.00208759 -0.00139304 0.0021814 -0.0090475 -0.000450664 0.0159822 0.00699529 -0.00374864 0.00185861 -0.0125619 0.00280783 0.00912206 0.0181878 0.0278874
internal_weight=7585.47 2156.02 5429.45 5042.83 1339.76 803.815 3703.07 948.93 619.323 535.941 226.673 143.851 329.607 1430.47 392.65 725.549 2754.14 2203.15 2042.36 780.054 103.352 550.994 409.487 296.88 1277.1 475.928 232.875 1262.31 659.963 413.147
internal_count=467864 288054 179810 161157 56640 15620 104517 41882 10686 41020 4345 4283 31196 108663 6341 179391 62635 48886 31205 11801 5530 13749 10631 8370 47034 40220 11946 19404 11337 8140
is_linear=0
shrinkage=0.05


Tree=91
num_leaves=31
num_cat=0
split_feature=54 31 51 5 43 45 50 21 52 29 55 31 56 29 22 21 43 49 56 42 58 56 51 30 56 23 20 35 43 22
split_gain=159.008 181.135 155.407 79.3449 68.1726 63.3343 67.0887 63.931 60.8423 54.0264 55.3617 51.2655 50.7839 46.5697 46.2986 46.1793 50.7327 52.5923 45.696 42.4255 42.0794 42.0777 39.3195 38.9443 38.2369 50.2368 34.2676 32.8319 32.3304 30.4071
threshold=0.5966327190399171 0.41702897846698767 0.99425286054611217 2.5000000000000004 0.0019348860951140525 1.0000000180025095e-35 0.93419912457466137 14.500000000000002 0.6900656819343568 1.0000000180025095e-35 0.9143919348716737 0.62778326869010936 0.91537359356880199 27.500000000000004 40.500000000000007 15.500000000000002 0.06250630691647531 0.45512083172798162 0.80658715963363659 0.05264710076153279 1.5000000000000002 0.47383633255958563 0.61633428931236278 0.2524509876966477 0.44838035106658941 13.500000000000002 11.500000000000002 0.86607143282890331 0.0090912021696567553 48.500000000000007
decision_type=2 2 2 2 2 2 2 2 2 2 2 2 2 2 2 2 2 2 2 2 2 2 2 2 2 2 2 2 2 2
left_child=1 21 3 5 -5 6 18 26 -3 10 -9 15 27 -4 -14 16 17 -6 28 24 -20 -1 -23 -17 25 -10 -7 -11 -2 -28
right_child=2 8 13 4 11 7 -8 9 19 12 -12 -13 14 -15 -16 23 -18 -19 20 -21 -22 22 -24 -25 -26 -27 29 -29 -30 -31
leaf_value=-0.047881762253644197 0.024049719764965716 -0.033925843622294692 0.041509255646749135 -0.026056790519573443 -0.0091838956033246447 -0.0037697041090055347 0.038297983602896012 0.011735534449597516 0.00049868191888761081 0.0080865306929041088 -0.049987305465949108 0.066472160872401806 0.034965852625493794 -0.0085923903805747871 0.0041876577735953328 -0.0015497096255353048 0.057370366724497426 0.035892257902835262 -0.0021280423294677032 0.050563267183557394 0.025673504974994682 -0.040194273477058742 -0.0055378183410980438 -0.020177610213248171 0.033999329670603123 -0.038789400890719611 0.061733250979612755 -0.011498938698012695 0.095532237864080008 0.010860772427481666
leaf_weight=298.76636658154894 52.0172409232473 133.36503214202821 338.6679464825429 330.14617857895792 197.49721263116226 52.946590917301364 278.79818976926617 55.059294680715539 1051.4674247184303 316.3965121518122 103.97498832829297 26.39327604311984 175.10175544349477 53.357902432326227 400.17713912762702 1099.1982978807064 55.345957603305578 95.040842971531674 494.44558141194284 41.524016798241064 186.7301713405177 153.76929356111214 174.48575153562706 375.83629733824637 75.39308875950519 87.187700253678486 83.208357076859102 656.34912583278492 22.403960612369701 45.871710108942352
leaf_count=105526 2811 57563 18070 38728 18663 581 12487 691 24962 8721 880 1853 1473 1019 3419 35657 878 1595 8015 510 1844 53707 10122 26131 2166 20289 1453 6405 540 889
internal_value=-1.70745e-05 -0.0120245 0.00438951 0.00205573 -0.00516388 0.00743788 0.0173769 0.00198932 -0.00194748 -0.00102114 -0.0286784 -0.00142193 0.00183687 0.0346855 0.0136003 -0.00244085 0.0139208 0.005533 0.00961707 0.0014735 0.00551964 -0.0343077 -0.0218452 -0.00630652 -0.000245742 -0.00254103 0.030073 -0.00512678 0.0465503 0.043877
internal_weight=7510.92 2015.96 5494.96 5102.94 2179.46 2923.48 1034.4 1889.09 1388.94 1707.06 159.034 1849.31 1548.02 392.026 575.279 1822.92 347.884 292.538 755.597 1255.57 681.176 627.021 328.255 1475.03 1214.05 1138.66 182.027 972.746 74.4212 129.08
internal_count=467648 274845 192803 173714 123505 50209 25697 24512 105490 21589 1571 84777 20018 19089 4892 82924 21136 20258 13210 47927 9859 169355 63829 61788 47417 45251 2923 15126 3351 2342
is_linear=0
shrinkage=0.05


Tree=92
num_leaves=31
num_cat=0
split_feature=44 51 51 43 56 46 23 48 47 50 50 48 25 39 22 35 53 45 54 27 55 41 55 54 31 22 37 22 34 4
split_gain=150.489 133.916 117.755 99.8497 97.9719 62.2492 66.2513 105.853 143.457 105.039 101.536 85.4818 84.0422 83.5096 73.5508 70.8725 69.0633 49.4314 113.56 62.9183 124.14 93.873 47.6363 41.2484 39.6659 39.2105 37.8151 37.1961 36.6183 58.4625
threshold=1.0000000180025095e-35 0.99425286054611217 0.6308579444885255 0.023101550526916984 0.5397799313068391 1.0000000180025095e-35 49.500000000000007 1.0000000180025095e-35 1.0000000180025095e-35 0.57932874560356151 0.10933997482061387 1.0000000180025095e-35 1.5000000000000002 0.4629120826721192 47.500000000000007 0.58571431040763866 0.64755055308341991 1.0000000180025095e-35 0.55395013093948375 7.5000000000000009 0.48502780497074133 0.86515152454376232 0.70139563083648693 0.99820789694786083 0.45725360512733465 49.500000000000007 3.5000000000000004 87.500000000000014 0.70714285969734203 9.5000000000000018
decision_type=2 2 2 2 2 2 2 2 2 2 2 2 2 2 2 2 2 2 2 2 2 2 2 2 2 2 2 2 2 2
left_child=2 4 3 22 -2 6 9 13 14 10 -6 16 -12 -8 -9 -10 -11 19 -19 20 28 -21 -1 -20 -5 -22 -13 -15 29 -4
right_child=1 -3 17 24 5 -7 7 8 15 11 12 26 -14 27 -16 -17 -18 18 23 21 25 -23 -24 -25 -26 -27 -28 -29 -30 -31
leaf_value=-0.040718280850656041 -0.034265154191317523 0.041975302269122959 0.056508526475213094 0.0023656855021457444 0.05602184115394683 -0.055607318735543802 -0.034977080688414076 0.047228011213769877 -0.0038039025777849762 0.030534358250174382 0.021840100331462907 0.050850566493064332 -0.028768005065316783 0.028977314796023019 -0.04661939849908768 0.046965879877363149 -0.016429447488726139 -0.044011762493687975 -0.0040241835602860473 -0.045980346525057697 0.057377524233967393 0.035397812073266179 -0.013110763675509549 0.07043353112744706 0.093179648145775062 0.0051850141033155175 0.025502672812938051 0.0028586317424962497 -0.0021153623552054349 -0.00045198879458648418
leaf_weight=464.05909625743516 151.90589650883339 260.74211603729054 73.309336176957004 197.36811777227558 57.708971181185916 38.598405673634261 74.612518839072436 21.798199660959654 505.4185647724662 125.90943569026422 113.86030143790413 197.45406245742925 287.03572962386534 427.69489374943078 274.35767550312448 78.540422874968499 203.30872254935093 193.41037880140357 1211.48879725812 127.42222076270264 148.56512317527086 48.103149022907019 237.25538270722609 17.891988307237625 11.808527520508504 47.665469792904332 592.40965414000675 200.20937700383365 958.94395715929568 114.35561928479001
leaf_count=164797 57246 16550 2428 10945 1084 551 6554 604 7066 1538 3054 5031 27855 4410 7715 4310 1367 52778 17549 2769 2516 779 18947 202 927 728 14327 2272 21944 9353
internal_value=0.000198731 0.00752986 -0.0066756 -0.022378 0.00483779 0.00670478 0.00748318 0.000253802 -0.0112936 0.0147305 -0.0054148 0.0229835 -0.014376 0.0147159 -0.0395762 0.00309307 0.00156993 -0.00180867 -0.00850194 0.00446476 0.00814855 -0.0236043 -0.0314106 -0.00288419 0.0079113 0.0447903 0.0318956 0.0206671 0.00184413 0.0219806
internal_weight=7463.21 3611.56 3851.65 910.491 3350.82 3198.92 3160.32 1582.63 880.115 1577.69 458.605 1119.08 400.896 702.517 296.156 583.959 329.218 2941.16 1422.79 1518.36 1342.84 175.525 701.314 1229.38 209.177 196.231 789.864 627.904 1146.61 187.665
internal_count=468196 161534 306662 195616 144984 87738 87187 32931 19695 54256 31993 22263 30909 13236 8319 11376 2905 111046 70529 40517 36969 3548 183744 17751 11872 3244 19358 6682 33725 11781
is_linear=0
shrinkage=0.05


Tree=93
num_leaves=31
num_cat=0
split_feature=44 51 51 41 56 21 50 46 51 55 38 7 35 21 51 36 25 21 58 50 51 58 28 35 51 32 42 32 8 26
split_gain=141.097 134.508 115.297 93.3562 82.1455 59.1505 80.9746 50.9918 52.3811 49.5602 49.4587 46.7678 44.5452 41.935 43.5665 69.8847 41.8815 49.6587 41.3169 123.497 61.4289 39.6517 42.6589 39.5558 37.0831 36.9306 49.7217 38.7255 34.7461 34.3299
threshold=1.0000000180025095e-35 0.99425286054611217 0.6308579444885255 0.70710784196853649 0.5085725486278535 19.500000000000004 0.53907206654548656 1.0000000180025095e-35 0.90508365631103527 0.73538899421691906 15.500000000000002 1.0000000180025095e-35 0.94444444775581371 18.500000000000004 0.90054944157600414 0.78888890147209179 1.5000000000000002 6.5000000000000009 1.5000000000000002 0.53093111515045177 0.080540537834167494 1.5000000000000002 4.5000000000000009 0.94444444775581371 0.94665718078613292 1.5000000000000002 0.001762115862220526 2.5000000000000004 1.0000000180025095e-35 13.500000000000002
decision_type=2 2 2 2 2 2 2 2 2 2 2 2 2 2 2 2 2 2 2 2 2 2 2 2 2 2 2 2 2 2
left_child=2 4 3 -1 -2 6 16 8 18 23 11 13 -13 -4 -15 -16 17 -6 19 -7 -20 -18 -23 -8 -11 26 -10 -27 -5 -12
right_child=1 -3 10 28 5 7 9 -9 25 24 29 12 -14 14 15 -17 21 -19 20 -21 -22 22 -24 -25 -26 27 -28 -29 -30 -31
leaf_value=-0.034052496766014115 -0.03467268579315088 0.042264643244663253 0.014278895648718391 0.025665641876412532 -0.036861446535217599 -0.049273610722602793 0.077743433973768483 -0.063207083129587713 -0.074223009179485988 0.022155669518465884 -0.048437833165691335 0.073915278420824404 -0.025794072143164301 -0.0090922741151943463 0.04438574916373933 0.0013962088335574959 -0.030298261893365104 0.027368669857543132 -0.027542588803178461 -0.00017197121987051528 0.018638970263446752 0.041564302396966443 -0.061182706162780154 0.018528423918540461 -0.097295666910302225 0.048765384233405075 0.035767609087741611 0.011635663261122911 -0.010926350972333099 -0.0093332652550246094
leaf_weight=581.64020334556699 127.02393356827088 254.33673955034465 562.24015178473201 91.412103329319507 36.111414047307335 142.72886364918668 77.323181073879823 28.946219768607989 21.381408849731088 466.84932200191543 85.937046252540313 10.832540208939461 225.55005970213097 913.18462248391006 105.32053345767781 853.56324228737503 148.89536678534932 159.72086938098073 85.230847575934604 1174.534206901677 437.6594639881514 43.992464860551991 12.081462060916236 45.292953402502462 5.6191405942663541 119.05727666709572 18.155537548474967 171.27544103004038 216.70948188821785 160.16533745359629
leaf_count=184793 50095 16571 23375 2295 1176 19416 2911 343 349 9046 13942 218 16900 28662 1345 18107 16825 4432 2714 20978 7834 500 528 707 172 2780 346 3725 8365 8483
internal_value=0.000162297 0.00729261 -0.00653671 -0.0222813 0.0046031 0.00617502 0.0162779 0.00159422 0.00248733 0.0279631 -0.00172788 0.000252145 -0.0209326 0.00231704 -0.00128119 0.00615936 -0.00109784 0.0153976 -0.000805505 -0.0055256 0.0110732 -0.0168561 0.0187427 0.0561969 0.0205325 0.0208031 -0.0240785 0.0269766 -2.24968e-05 -0.023129
internal_weight=7382.77 3576.22 3806.56 889.762 3321.88 3194.86 995.886 2198.97 2170.02 595.085 2916.79 2670.69 236.383 2434.31 1872.07 958.884 400.802 195.832 1840.15 1317.26 522.89 204.969 56.0739 122.616 472.468 329.87 39.5369 290.333 308.122 246.102
internal_count=467933 161448 306485 195453 144877 94782 36297 58485 58142 12836 111032 88607 17118 71489 48114 19452 23461 5608 50942 40394 10548 17853 1028 3618 9218 7200 695 6505 10660 22425
is_linear=0
shrinkage=0.05


Tree=94
num_leaves=31
num_cat=0
split_feature=44 51 52 56 56 31 45 38 40 46 50 48 21 27 45 54 41 40 55 56 8 56 12 50 29 42 8 54 38 42
split_gain=122.098 119.474 97.5973 92.2959 75.8303 58.5995 57.503 55.0474 66.0501 59.6086 47.8053 88.4675 60.6372 42.2291 44.8439 86.091 65.2173 45.8452 57.8558 41.2544 40.7967 39.7837 38.6499 38.2711 38.0422 37.0016 35.3181 45.8523 30.5181 26.7739
threshold=1.0000000180025095e-35 0.99425286054611217 0.80243903398513805 0.73569172620773327 0.5397799313068391 0.57674983143806469 1.0000000180025095e-35 15.500000000000002 0.78174602985382091 1.0000000180025095e-35 0.54261502623558056 1.0000000180025095e-35 19.500000000000004 11.500000000000002 1.0000000180025095e-35 0.53368237614631664 0.73879140615463268 0.69615384936332714 0.6546536684036256 0.97740960121154796 1.0000000180025095e-35 0.97969490289688121 1.0000000180025095e-35 0.90070420503616344 58.500000000000007 0.0034866230562329297 1.0000000180025095e-35 0.961643546819687 16.500000000000004 0.0020100522087886934
decision_type=2 2 2 2 2 2 2 2 2 2 2 2 2 2 2 2 2 2 2 2 2 2 2 2 2 2 2 2 2 2
left_child=2 4 3 -1 25 7 20 9 -9 10 11 -6 -12 14 16 -16 17 18 22 26 -5 23 -4 -8 -22 -2 27 -17 -3 -28
right_child=1 28 13 6 5 -7 21 8 -10 -11 12 -13 -14 -15 15 19 -18 -19 -20 -21 24 -23 -24 -25 -26 -27 29 -29 -30 -31
leaf_value=-0.040752483777278713 -0.040566586668222465 0.047004989775956262 0.017020043073006939 0.033527701585516469 0.035680805002075829 0.040828251095673312 -0.028423341715934265 -0.031124678294860972 0.0027966461451670926 -0.053531422806359891 0.028502458290318163 -0.0093922766317063866 0.0072095393255886464 -0.030822656955776642 -0.042918400366756898 0.00037693285151434213 0.038879387673635107 -0.05622623269665096 0.053098514133389778 0.051653707402923577 -0.010935180983212285 0.051171589046843019 -0.0038347998098076119 0.06183126208105149 0.15324059459681572 0.039458801014863765 -0.023684078037217449 0.05316921023921492 -0.0038467392333108802 -0.0015638367664706312
leaf_weight=350.03931941697374 127.26888720749412 211.15250719292089 293.57814746373333 103.91163029137533 130.30359003029298 111.9254212602973 328.4609911032021 218.85603867471218 412.81356584583409 38.272850223234855 473.00319216377102 636.10127028857823 1138.5240478951018 119.50210711522959 149.24299199227244 500.42562973941676 132.04038831312209 31.832597474567592 55.437661365140229 32.964263235218823 147.45331891230308 17.009136575739831 902.82598235877231 11.263736726716159 2.6163269742391995 15.47551895433571 289.06553942663595 43.814832197502255 34.102343884296715 259.17357013653964
leaf_count=165849 55408 14845 8267 2945 4917 2623 33522 14176 4878 546 10324 29855 20479 5613 42620 7824 2356 255 719 348 6137 192 21995 80 125 1832 4435 405 1596 2847
internal_value=-0.000307505 0.00634956 -0.00657114 -0.0203191 0.00384318 0.0054573 -0.00856002 0.00414543 -0.00898677 0.00758089 0.00858658 -0.00169248 0.0134731 -0.0018649 -0.000567685 -0.00736767 0.00555579 0.00210049 0.00362735 -0.00261944 0.00960169 -0.0214812 0.00129258 -0.0252582 -0.0070775 -0.0316765 -0.00430281 0.00471677 0.0399472 -0.0132489
internal_weight=7318.46 3547.8 3770.66 960.754 3302.54 3159.8 610.715 3047.87 631.67 2416.2 2377.93 766.405 1611.53 2809.9 2690.4 1274.69 1415.71 1283.67 1251.84 1125.44 253.981 356.734 1196.4 339.725 150.07 142.744 1092.48 544.24 245.255 548.239
internal_count=468013 161479 306534 208850 145038 87798 43001 85175 19054 66121 65575 34772 30803 97684 92071 58479 33592 31236 30981 15859 9207 33794 30262 33602 6262 57240 15511 8229 16441 7282
is_linear=0
shrinkage=0.05


Tree=95
num_leaves=31
num_cat=0
split_feature=44 51 52 41 56 23 48 47 50 48 58 25 52 35 39 34 29 28 22 45 54 56 22 50 27 53 41 22 56 30
split_gain=115.084 111.888 103.329 92.2763 69.1596 51.8869 98.4937 129.981 85.7328 101.795 89.8758 97.0327 83.2201 68.4987 66.9921 66.9722 53.1152 47.3343 46.3595 42.161 88.389 39.9747 36.6845 36.0733 35.7962 104.185 68.5147 37.5937 34.6116 40.1727
threshold=1.0000000180025095e-35 0.99425286054611217 0.77871939539909374 0.69397994875907909 0.4944437593221665 51.500000000000007 1.0000000180025095e-35 1.0000000180025095e-35 0.57932874560356151 1.0000000180025095e-35 1.5000000000000002 1.5000000000000002 0.55351883172988903 0.58571431040763866 0.47913043200969702 0.72077924013137828 2.5000000000000004 3.5000000000000004 47.500000000000007 1.0000000180025095e-35 0.52960655093193065 0.7392621934413911 46.500000000000007 0.90070420503616344 7.5000000000000009 0.45174786448478704 0.87228259444236766 49.500000000000007 0.72688424587249767 0.14142857491970065
decision_type=2 2 2 2 2 2 2 2 2 2 2 2 2 2 2 2 2 2 2 2 2 2 2 2 2 2 2 2 2 2
left_child=2 4 3 23 -2 8 14 18 10 15 11 16 -13 -9 -7 21 -6 -17 -8 24 -21 -10 -11 -1 25 -4 -26 -27 29 -12
right_child=1 -3 19 -5 5 6 7 13 9 22 28 12 -14 -15 -16 17 -18 -19 -20 20 -22 -23 -24 -25 26 27 -28 -29 -30 -31
leaf_value=-0.035599684371581876 -0.034962566771349617 0.039382810296103944 0.0013131605433019185 -0.00052363285489047384 -0.017066493767011214 -0.031923111810000682 0.042644913099664006 -0.0058355238029473722 0.082664330938775066 0.034774831190442314 0.25918612776750777 -0.04612505217274078 0.077493762602877561 0.047353027735865069 0.01806903243393752 -0.057776800290593767 0.0485986990738917 -0.006120178573325483 -0.046471401574890568 -0.043172408471919908 -0.0033981629197075616 0.011518334807013997 0.0098050619533383634 0.058765855734938269 -0.037269515678073954 0.055333598192208122 0.034576779991104686 0.0032500410694715782 0.022494562691893809 -0.0060399730353764055
leaf_weight=536.79815766646061 109.45302940555848 237.81983839720488 1153.6660643928917 334.43662777612917 59.6006163591519 74.389777280506678 14.717859178897923 482.00455309881363 22.123731488012709 606.89819707511924 2.3777538381982586 217.66304514883086 13.628468587994574 68.205540177877992 607.28012914722785 60.692849490791559 61.874091468169354 158.74766684276983 255.24328479205724 156.93901817267761 1210.2525353018427 138.54020846262574 195.35231068485882 9.4553401209413988 120.60213015822228 134.50468562659808 44.750889892689884 46.722097489982843 133.11577642057091 2.3958940410520881
leaf_count=191296 46472 16503 30394 11301 1399 6949 472 6824 813 17364 432 33689 303 4030 6181 343 3193 1070 7713 48285 18320 1339 3695 354 2559 2652 781 654 1942 681
internal_value=-0.000150021 0.00633849 -0.00624735 -0.0212168 0.00393446 0.00528602 -0.00146046 -0.0131266 0.0113395 0.0186263 -0.00622191 -0.0195917 -0.0385388 0.000831819 0.0125747 -0.00268515 0.0165043 -0.0206047 -0.0414735 -0.00164391 -0.00799204 0.021766 0.0287143 -0.0338619 0.00414268 0.00686382 -0.0177342 0.0419975 0.0278771 0.148079
internal_weight=7270.25 3522.12 3748.13 880.69 3284.3 3174.85 1501.84 820.171 1673.01 1182.35 490.656 352.766 231.292 550.21 681.67 380.104 121.475 219.441 269.961 2867.44 1367.19 160.664 802.251 546.253 1500.25 1334.89 165.353 181.227 137.889 4.77365
internal_count=468003 161407 306596 202951 144904 98432 32169 19039 66263 24624 41639 38584 33992 10854 13130 3565 4592 1413 8185 103645 66605 2152 21059 191650 37040 33700 3340 3306 3055 1113
is_linear=0
shrinkage=0.05


Tree=96
num_leaves=31
num_cat=0
split_feature=6 0 51 49 41 52 43 38 7 59 50 12 36 27 34 22 4 51 52 52 50 25 51 10 52 52 45 30 30 44
split_gain=117.425 105.69 103.58 81.191 146.324 101.62 59.3637 45.2361 45.3008 43.5762 55.3766 59.9296 49.587 43.5397 76.1618 56.2896 52.0639 57.6945 41.7256 41.1614 55.0484 41.4943 36.1201 35.973 46.2311 34.0496 33.6709 32.3488 31.7785 31.5356
threshold=2.5000000000000004 2.5000000000000004 0.8874824345111848 0.55351883172988903 0.55902779102325451 0.49089705944061285 0.14298191666603091 14.500000000000002 1.0000000180025095e-35 1.0000000180025095e-35 0.982753485441208 1.0000000180025095e-35 0.94444444775581371 7.5000000000000009 0.72077924013137828 53.500000000000007 9.5000000000000018 0.88047617673873912 0.96609193086624157 0.64051282405853283 0.28831169009208685 1.5000000000000002 0.080540537834167494 1.0000000180025095e-35 0.97100839018821727 0.99425286054611217 1.0000000180025095e-35 0.42967033386230474 0.36435787379741674 1.5000000000000002
decision_type=2 2 2 2 2 2 2 2 2 2 2 2 2 2 2 2 2 2 2 2 2 2 2 2 2 2 2 2 2 2
left_child=1 7 9 4 -2 -5 19 8 18 27 11 23 -12 14 16 25 26 -18 -1 20 22 -22 -6 24 -11 -16 -7 -3 -21 -15
right_child=3 2 -4 5 6 13 -8 -9 -10 10 12 -13 -14 29 15 -17 17 -19 -20 28 21 -23 -24 -25 -26 -27 -28 -29 -30 -31
leaf_value=-0.023098783891794747 -0.040503253701807997 0.026487033539691791 0.026766362569364197 0.087907863318203563 -0.026675200178782811 0.037526261817154766 0.037441952364405402 -0.029578147951997997 -0.022792553050110131 0.0004224933982239148 -0.0093010795312789673 -0.04703169083249864 0.029144017745811546 -0.020714914073273475 -0.044902275962977974 0.020215444184673456 -0.016097452388239009 0.047124136692892782 0.0076632177007196784 0.069582645335559398 0.0018344824424060214 -0.034450023195746068 0.0086517164863560998 0.083982033948785118 -0.046014200147074767 -0.011334159822098011 0.011319876599554392 -0.05852519535069324 -0.01923545830245579 0.0026440822583711694
leaf_weight=129.63648512039799 434.22854640427977 266.29374661971815 769.97815271210857 30.77826322207693 91.394804136594757 218.84975590789691 73.374000647105277 178.57748451374937 215.65373721648939 958.80521960393526 119.9337660940364 75.467747403075919 274.90155567135662 429.42829499894287 92.723026842577383 120.80319005134515 206.14532572194003 42.708695583511144 705.15476760431193 27.389654667815194 107.20551673625596 295.2790611423552 332.64767639420461 11.262400775682179 55.770917101530358 396.02111159567721 279.91264985059388 10.758449252345597 15.050135589437557 217.18816946807783
leaf_count=4760 203603 3374 24856 1152 3966 8810 670 17158 17055 26833 2201 791 7342 18586 1953 1343 37049 1207 21244 481 3348 25764 8828 203 1008 8245 12377 341 305 2945
internal_value=-0.000429376 0.00564902 0.0114657 -0.00715086 -0.0165241 -0.000803972 -0.00544336 -0.0063867 -0.00241973 0.00481028 0.00143121 -0.00433032 0.0174721 -0.00220976 0.00287836 -0.0102301 0.0135654 -0.00510209 0.0028642 -0.00910339 -0.0115843 -0.0248047 0.000992784 -0.00114617 -0.00217291 -0.0177813 0.0228709 0.0229872 0.0383679 -0.012877
internal_weight=7183.32 3772.19 2543.17 3411.13 1376.57 2034.56 942.341 1229.02 1050.44 1773.19 1496.14 1101.31 394.835 2003.78 1357.16 609.547 747.616 248.854 834.791 868.967 826.527 402.485 424.042 1025.84 1014.58 488.744 498.762 277.052 42.4398 646.616
internal_count=467798 127166 66949 340632 246965 93667 43362 60217 43059 42093 38378 28835 9543 92515 70984 11541 59443 38256 26004 42692 41906 29112 12794 28044 27841 10198 21187 3715 786 21531
is_linear=0
shrinkage=0.05


Tree=97
num_leaves=31
num_cat=0
split_feature=54 52 51 41 21 8 23 56 23 50 55 20 50 21 20 21 28 58 22 58 23 52 49 43 58 50 55 48 21 23
split_gain=115.214 123.243 109.554 87.6507 67.4323 53.8552 54.7464 54.6147 75.3655 51.6956 49.2746 48.8957 65.3407 100.514 76.0646 65.6359 51.0247 51.1162 52.7548 42.8254 48.4294 42.211 40.3504 39.6813 39.1937 107.336 38.3901 38.1138 36.4889 34.97
threshold=0.70337250828742992 0.68614074587821972 0.99425286054611217 0.48913043737411505 13.500000000000002 1.0000000180025095e-35 19.500000000000004 0.45954339206218725 13.500000000000002 0.79772728681564342 0.64718088507652294 17.500000000000004 0.982753485441208 21.500000000000004 27.500000000000004 31.500000000000004 6.5000000000000009 3.5000000000000004 44.500000000000007 1.5000000000000002 55.500000000000007 0.080540537834167494 0.47478812932968145 0.12253588065505029 1.5000000000000002 0.53093111515045177 0.56345811486244213 1.0000000180025095e-35 34.500000000000007 62.500000000000007
decision_type=2 2 2 2 2 2 2 2 2 2 2 2 2 2 2 2 2 2 2 2 2 2 2 2 2 2 2 2 2 2
left_child=1 3 4 -1 22 7 -7 8 -3 19 -8 -6 16 -14 27 -16 24 18 -18 -5 -21 -19 23 -2 25 -13 -4 -15 -26 -9
right_child=2 5 26 9 11 6 10 29 -10 -11 -12 12 13 14 15 -17 17 21 -20 20 -22 -23 -24 -25 28 -27 -28 -29 -30 -31
leaf_value=-0.045617538186929769 0.0028657985384129355 0.0040615710958385662 -0.02127258483309425 -0.02929466783360328 -0.013195260680475138 -0.0012011823048045543 -0.03876745727602951 0.021375468407131604 -0.037038942992832273 0.092219301132155249 -0.0031342549656085644 -0.048455275986225753 0.054461523587690186 -0.018581162714696262 0.065758644011794321 0.007756976611336246 0.0049264161218954992 -0.029495309262819954 -0.030215864557422902 0.037654742710724928 -0.02487523588242024 0.045361745409785804 0.037973179554352532 0.062714086117239526 0.008241338208121448 0.0030824124461741962 0.042906642699263225 0.023676895733064036 0.042373828566631522 -0.031070081466910749
leaf_weight=329.26843890175223 282.72481555794366 536.76434620690998 25.330608399119228 161.36649656668305 565.72284757124726 565.09312204900198 253.53093193040695 441.50551895436365 139.74304776417557 11.319484636886044 157.08015057211742 108.7952518244274 138.53518731240183 238.90225076396018 78.245926976203918 127.66981908213347 151.91237583849579 26.689493985846639 356.55889705417212 68.194585050805472 55.124824179336429 58.706953929155134 189.54143884044606 29.718543294817209 345.56868614524137 1264.0787637463072 228.63205099431798 67.699133618734777 100.521087570698 33.375414508162066
leaf_count=192252 11220 12541 422 23853 14955 14848 40886 13931 39586 157 2537 9980 3370 1654 1604 1921 9173 1315 11655 4961 3786 1591 3323 252 6237 18631 15893 2444 1497 1427
internal_value=-0.000393985 -0.00841082 0.00463814 -0.0279064 0.00267455 -0.00266955 -0.0113064 0.00465287 -0.00447051 -0.00811767 -0.0251766 0.000296859 0.00279157 0.0168352 0.00657838 0.0300083 -0.00100321 -0.0137156 -0.0197276 -0.012416 0.00972806 0.0218956 0.0198317 0.00874028 0.00315246 -0.00103406 0.036447 -0.00920373 0.0160103 0.017632
internal_weight=7137.92 2752.37 4385.55 625.274 4131.59 2127.09 975.704 1151.39 676.507 296.005 410.611 3629.61 3063.88 651.052 512.517 205.916 2412.83 593.868 508.471 284.686 123.319 85.3964 501.985 312.443 1818.96 1372.87 253.963 306.601 446.09 474.881
internal_count=467902 350765 117137 225009 100822 125756 58271 67485 52127 32757 43423 86027 71072 10993 7623 3525 60079 23734 20828 32600 8747 2906 14795 11472 36345 28611 16315 4098 7734 15358
is_linear=0
shrinkage=0.05


Tree=98
num_leaves=31
num_cat=0
split_feature=6 8 32 56 21 58 52 13 56 51 39 53 51 29 40 23 21 55 49 35 20 52 51 23 41 43 52 31 49 53
split_gain=99.0555 74.5542 69.4583 60.8988 48.7915 59.2504 69.0658 55.456 50.7384 49.5528 48.7056 89.2598 67.1008 53.0562 52.7893 45.5535 45.1973 37.1477 46.1782 72.9029 34.3817 33.4775 33.3756 41.8826 32.688 31.6925 30.5325 29.5794 28.9015 27.9192
threshold=12.500000000000002 1.0000000180025095e-35 1.5000000000000002 0.83375209569931041 26.500000000000004 1.5000000000000002 0.77871939539909374 1.0000000180025095e-35 0.5397799313068391 0.98076212406158458 0.29520697891712194 0.20626738667488101 0.99425286054611217 1.0000000180025095e-35 0.93933823704719555 13.500000000000002 12.500000000000002 0.73538899421691906 0.47478812932968145 0.94444444775581371 20.500000000000004 0.99425286054611217 0.86240702867507946 42.500000000000007 0.76330533623695385 0.056327128782868392 0.78319624066352855 0.62778326869010936 0.80982521176338207 0.69848865270614635
decision_type=2 2 2 2 2 2 2 2 2 2 2 2 2 2 2 2 2 2 2 2 2 2 2 2 2 2 2 2 2 2
left_child=1 4 3 25 8 6 28 -8 15 17 11 -3 13 14 -12 -1 -15 18 -10 -20 -19 -22 23 -18 -24 -2 -16 -7 -6 -13
right_child=2 10 -4 -5 5 27 7 -9 9 -11 12 29 -14 16 26 -17 22 20 19 -21 21 -23 24 -25 -26 -27 -28 -29 -30 -31
leaf_value=0.008833498429703145 -0.034612635234372212 0.00044045508211570776 0.007713938779107388 -0.004735598924167638 -0.042992132574696668 0.02397185852387693 -0.0036792440877453677 0.034022486252247519 -0.0056512365936191257 0.047392610926383694 -0.03546437147216347 -0.036924645471393916 0.038904773119429255 0.031801813573112479 -0.010544233844566805 -0.026787288304532336 0.0082987472048309547 -0.0004117660609289375 0.070635534502723307 0.017021867528486952 0.012077214730408915 0.044898024636951188 -0.0012110808966570971 -0.011716390995769946 0.025208427318255275 0.12971599786184565 0.034302457022229942 0.12618263991732925 0.063142879039346497 0.012852605804361199
leaf_weight=301.66867280297447 451.28860689827707 495.31524389749393 264.97779472463299 306.1440054231789 125.29028704820666 148.17261073365808 805.12660327763297 109.96270668343641 74.618320960900746 128.83056367048994 201.00640495843254 318.14051257504616 109.35333081986755 123.15068656916264 148.52366507146508 126.59471393644344 416.67194994981401 441.0040270726895 106.22326144890394 157.32563497615047 368.39641125989147 97.929465546272695 239.96810098877177 697.75820628902875 227.45956204645336 1.9955004209186871 49.863412765786052 6.5196097758598617 5.8971331543289116 30.410676653962582
leaf_count=7895 185116 11747 8905 15580 13575 3799 17859 6059 11996 6891 2705 67391 8569 2501 1951 41466 10572 6800 2592 2517 5875 2315 2266 12572 4367 349 2563 563 69 796
internal_value=6.66615e-05 0.0024977 -0.0143057 -0.0219887 0.00809145 0.000282949 -0.00399579 0.000883419 0.0132908 0.0179706 -0.002998 -0.0132114 0.000899463 -0.00109299 -0.0174726 -0.00173388 0.00275187 0.0148917 0.0290165 0.0388162 0.00960115 0.019051 0.000471618 -0.00423224 0.0116715 -0.0336053 0.000843222 0.0290624 -0.0377796 -0.0325573
internal_weight=7085.59 6061.18 1024.41 759.428 3003.56 1200.97 1046.28 915.089 1802.59 1374.33 3057.62 843.866 2213.76 2104.4 399.393 428.263 1705.01 1245.5 338.167 263.549 907.33 466.326 1581.86 1114.43 467.428 453.284 198.387 154.692 131.187 348.551
internal_count=468221 258271 209950 201045 130271 41924 37562 23918 88347 38986 128000 79934 48066 39497 7219 49361 32278 32095 17105 5109 14990 8190 29777 23144 6633 185465 4514 4362 13644 68187
is_linear=0
shrinkage=0.05


Tree=99
num_leaves=31
num_cat=0
split_feature=28 50 56 42 58 50 36 13 28 22 34 43 50 52 52 41 43 52 51 7 22 36 58 21 52 52 33 0 33 25
split_gain=97.243 124.167 134.437 99.9089 85.3541 114.007 78.5317 70.2075 68.9697 60.5033 53.9736 63.0496 69.1375 129.136 51.7685 51.6531 51.004 66.4929 56.1895 55.3412 48.8761 112.061 48.0973 87.1157 45.3839 43.0535 42.6701 41.8814 39.1871 47.3124
threshold=4.5000000000000009 0.982753485441208 0.70431393384933483 0.0024883691221475606 1.5000000000000002 0.59317129850387584 0.94444444775581371 1.0000000180025095e-35 5.5000000000000009 43.500000000000007 0.61250001192092907 0.14298191666603091 0.69028213620185863 0.60640108585357677 0.60640108585357677 0.95119047164917003 0.0013352447422221305 0.98386678099632274 0.99425286054611217 1.0000000180025095e-35 39.500000000000007 0.86607143282890331 3.5000000000000004 12.500000000000002 0.10933997482061387 0.080540537834167494 6.5000000000000009 4.5000000000000009 4.5000000000000009 2.5000000000000004
decision_type=2 2 2 2 2 2 2 2 2 2 2 2 2 2 2 2 2 2 2 2 2 2 2 2 2 2 2 2 2 2
left_child=3 2 -2 4 5 14 15 -5 -8 -10 11 12 22 -14 -1 -3 17 -7 28 -19 21 -12 23 -4 26 -24 -6 -11 -18 -30
right_child=1 6 10 7 24 16 8 -9 9 27 20 -13 13 -15 -16 -17 18 19 -20 -21 -22 -23 25 -25 -26 -27 -28 -29 29 -31
leaf_value=-0.043148911411332661 -0.040472263264985986 -0.023205861178564335 0.0012174073225917122 0.010909322702231015 0.015889055789100104 -0.030224002585433042 -0.013311420332634945 0.044990920820457359 0.049117057644228988 -0.011121417654625675 -0.032520738178052531 0.028681661357949507 0.066196599185552624 -0.0062842450271126116 0.042302669138694182 0.051651182254749045 -0.00098993141857720186 0.0043965196854782998 0.048471497346317338 -0.0264368107741225 -0.042766788740528694 0.1015154165144387 -0.028995485790950532 -0.037412781206465136 0.042329357430299905 0.029398564750486252 -0.02945473410635125 0.028630055663892141 0.068443255143580781 0.0057730400732857482
leaf_weight=235.1179401652189 399.85562381346244 219.86231993406545 243.44241450715344 1368.0866464318242 312.84991114831064 263.39604115951806 134.01067736488767 169.08804343407974 187.79823499044869 112.33545395627152 54.628654425032437 135.16980644315481 80.68157460715156 247.55979341699276 18.378856638330035 24.782134029082954 674.90446499921381 730.39139558910392 76.340252517722547 180.68246251426172 179.5979872988537 20.670246612280607 45.955445915344171 363.16921697498765 133.28441118239425 95.59892102854792 61.208287347108126 159.07068734802306 46.968986609950662 81.472972177900374
leaf_count=49504 160738 3086 9413 47404 11505 27434 2733 11305 8470 7793 971 1476 1268 4667 995 1407 12860 25218 6332 15286 2128 282 3404 34107 3709 3879 3614 3027 1021 3009
internal_value=-0.000188576 -0.00763332 -0.0148096 0.00443785 -0.00116104 -0.00524467 0.00835037 0.0146851 0.0181726 0.0273696 -0.00778946 -0.00337959 -0.00742857 0.0116785 -0.0368117 -0.0154436 -0.00133307 -0.00814877 0.0077655 -0.00174057 -0.0286554 0.00512169 -0.0158158 -0.0219334 0.0173871 0.0103706 0.00841056 0.0121964 0.00384185 0.0290422
internal_weight=7056.36 2704.19 1866.33 4352.17 2815 2307.65 837.86 1537.17 593.215 459.204 1466.47 1211.58 1076.41 328.241 253.497 244.644 2054.16 1174.47 879.687 911.074 254.897 75.2989 748.166 606.612 507.343 141.554 374.058 271.406 803.346 128.442
internal_count=468045 248849 222333 219196 160487 141659 26516 58709 22023 19290 61595 58214 56738 5935 50499 4493 91160 67938 23222 40504 3381 1253 50803 43520 18828 7283 15119 10820 16890 4030
is_linear=0
shrinkage=0.05


Tree=100
num_leaves=31
num_cat=0
split_feature=44 51 52 41 56 31 38 42 39 45 46 38 6 29 50 13 35 38 55 49 38 51 8 51 20 0 29 54 55 56
split_gain=89.388 103.102 74.2381 93.7323 51.0288 52.7439 46.9584 46.553 45.0798 44.5169 43.9106 41.5193 39.0584 39.287 38.6893 44.3496 37.7884 43.2703 34.7333 32.6799 29.8095 28.6586 28.3079 27.1816 26.249 24.5594 23.631 26.6244 21.9451 21.7328
threshold=1.0000000180025095e-35 0.99425286054611217 0.7320508360862733 0.61324787139892589 0.48549300432205206 0.56329935789108287 17.500000000000004 0.0020504988497123127 0.67424243688583385 1.0000000180025095e-35 1.0000000180025095e-35 10.500000000000002 1.5000000000000002 53.500000000000007 0.982753485441208 1.0000000180025095e-35 0.77500000596046459 12.500000000000002 0.83372825384140026 0.76506900787353527 17.500000000000004 0.99425286054611217 1.0000000180025095e-35 0.8874824345111848 28.500000000000004 8.5000000000000018 23.500000000000004 0.79917696118354808 0.98314553499221813 0.76959192752838146
decision_type=2 2 2 2 2 2 2 2 2 2 2 2 2 2 2 2 2 2 2 2 2 2 2 2 2 2 2 2 2 2
left_child=2 4 3 19 -2 6 10 11 -8 22 14 21 23 16 18 -16 17 24 -6 -1 -3 28 -5 29 -14 -13 -24 -28 -4 -9
right_child=1 20 7 9 5 -7 8 12 -10 -11 -12 25 13 -15 15 -17 -18 -19 -20 -21 -22 -23 26 -25 -26 -27 27 -29 -30 -31
leaf_value=-0.039987599826412701 -0.034083708803806019 0.046500080956414461 -0.0088813398733056416 0.038353921435792845 0.011060057356452777 0.036549971580511348 -0.035779308110965934 0.048559871919827087 0.00065692419147947759 -0.020242631333372871 -0.048227143724424569 -0.023937580951993345 0.029557235863688927 0.022372417408245276 0.010006749587036484 0.045253116371369695 -0.011121544182190184 -0.032106478466184467 -0.0020400827582525436 0.070848792847262004 -0.010433815039168938 0.0099728750945428518 -0.010715741671722652 0.03883104470967582 -0.0040800329611773529 0.012405383672473539 0.080033996475403935 -0.042341575787247628 0.066858976690665428 -0.001874974178819168
leaf_weight=356.02704322140198 87.595303917536512 183.81446288665757 726.87812466814648 73.74553219974041 852.22905349778011 121.54834022046998 141.35345899884123 24.907676153350621 210.20753385964781 179.88981855846941 36.636330776149407 435.81809574761428 175.16917661833577 170.35331911535468 341.11149512045085 120.29566446784884 593.89321841509081 49.415881433524191 1242.6389408716932 5.8984489232534534 25.882458469830453 321.74341908306815 101.36817690753378 123.59968758537434 86.133946633548476 51.403576883487403 14.989819653099405 5.4296749974600962 8.7021013088524324 121.29738182295114
leaf_count=173359 43525 15230 20525 1381 51421 3208 11402 474 2339 12658 584 45048 7683 4957 2903 9708 12987 7164 19828 217 1246 9788 3139 1731 2978 599 644 233 90 1172
internal_value=-0.000277928 0.00559261 -0.00572222 -0.0198717 0.00332906 0.00440869 0.00306994 -0.00210566 -0.0140531 -0.00234939 0.00539609 -0.0080253 0.0046943 0.00041855 0.00618317 0.019274 -0.00373586 0.0103712 0.00329202 -0.037991 0.0394567 -0.00245405 0.0141316 0.0216654 0.018496 -0.0200857 -0.00072861 0.047036 -0.00789576 0.00698868
internal_weight=6989.98 3363.31 3626.66 737.349 3153.62 3066.02 2944.47 2889.32 351.561 375.423 2592.91 1544.55 1344.77 1074.97 2556.28 461.407 904.612 310.719 2094.87 361.925 209.697 1057.32 195.533 269.805 261.303 487.222 121.788 20.4195 735.58 146.205
internal_count=468221 161394 306827 191631 144918 101393 98185 115196 13741 18055 84444 76050 39146 35769 83860 12611 30812 17825 71249 173576 16476 30403 5397 3377 10661 45647 4016 877 20615 1646
is_linear=0
shrinkage=0.05


Tree=101
num_leaves=31
num_cat=0
split_feature=38 33 58 49 25 13 34 41 21 32 50 56 30 42 21 21 43 51 51 36 36 43 39 29 33 58 54 42 43 50
split_gain=81.1934 77.5096 71.405 128.192 104.334 100.08 68.2331 59.9456 59.6779 106.322 68.1938 57.6638 57.4031 55.2709 51.3224 47.8896 46.0986 41.4177 39.5767 61.9734 38.2904 32.4811 33.3586 31.0016 28.1861 48.031 27.8386 27.6642 27.0514 24.5328
threshold=17.500000000000004 6.5000000000000009 1.5000000000000002 0.45867486298084265 1.5000000000000002 1.0000000180025095e-35 0.63068181276321422 0.73879140615463268 23.500000000000004 1.0000000180025095e-35 0.69028213620185863 0.80658715963363659 0.42740046977996832 0.003717135870829225 37.500000000000007 5.5000000000000009 0.0018988449592143299 0.58102023601531994 0.92031747102737438 0.78888890147209179 0.23611111193895343 0.0013352447422221305 0.72902098298072826 44.500000000000007 7.5000000000000009 1.5000000000000002 0.53869184851646434 0.0023658595746383075 0.15727518498897555 0.69631093740463268
decision_type=2 2 2 2 2 2 2 2 2 2 2 2 2 2 2 2 2 2 2 2 2 2 2 2 2 2 2 2 2 2
left_child=1 2 3 4 15 8 11 23 9 10 -5 26 14 -11 20 -1 -17 28 -10 -20 21 -4 -23 -2 29 -26 -7 -13 -6 -3
right_child=7 24 12 5 17 6 -8 -9 18 13 -12 27 -14 -15 -16 16 -18 -19 19 -21 -22 22 -24 -25 25 -27 -28 -29 -30 -31
leaf_value=-0.04069298078716329 -0.044373991771215503 -0.041975890431395879 -0.024803265293825962 -0.0076168796756116239 -0.039739781285396472 -0.021190918447399388 0.043001139791794409 -0.000927772049189778 -0.0094688163945207578 -0.0021065341458592181 0.084731841801258562 -0.0043810809337659958 -0.049958110668246535 0.015607591873802062 0.089031712954153103 -0.026918033850926865 0.026406555312660729 0.05938623472147278 0.041413276655133613 -0.0007563423005041254 0.092012467433585765 0.034984583881388545 0.0056956689695468821 -0.012974767290735108 -0.028884812694219802 0.031604522296225013 0.071538285627497686 0.028915181641537998 0.036317029932971617 -0.0014384886154596216
leaf_weight=46.765089651104063 197.07986212626565 162.39059935917612 40.008755643269978 27.741964441142045 387.24167648202274 9.2366530598374066 246.16800760524347 298.54624518542551 1384.3790417696582 1098.8601265214384 69.138640991295688 292.33504044031724 26.126433568657376 733.58715073950589 28.399604024016298 51.565319712040946 177.39200502564199 10.48165978642646 98.620773794595152 694.3649541294435 17.123899891972542 219.25255486986134 174.85037001036108 132.18267685035244 76.444425666588359 55.959118523867801 47.650989604298957 78.244329981505871 11.311907208408227 48.466733012697659
leaf_count=4125 44078 24610 3699 5038 102857 2659 21645 4677 46758 66562 1334 6070 2764 31722 753 9535 12205 1194 1164 17308 181 10590 1533 19440 16322 1989 1781 3131 266 1817
internal_value=-3.41946e-05 0.00167188 0.00300151 0.00133637 -0.0188807 0.00423571 0.0220834 -0.0171682 0.00130343 0.00770454 0.0584799 0.00996512 0.0209562 0.00498964 0.0249149 0.00488598 0.0143321 -0.0348742 -0.00436943 0.00453369 0.0206917 0.0176733 0.0220374 -0.0318462 -0.0213978 -0.00327429 0.0563762 0.00270801 -0.0374956 -0.0327089
internal_weight=6941.92 6314.11 5970.85 5465.09 684.758 4780.33 673.635 627.809 4106.69 1929.33 96.8806 427.467 505.762 1832.45 479.635 275.722 228.957 409.035 2177.36 792.986 451.236 434.112 394.103 329.263 343.261 132.404 56.8876 370.579 398.554 210.857
internal_count=467807 399612 354874 335354 130182 205172 35286 68195 169886 104656 6372 13641 19520 98284 16756 25865 21740 104317 65230 18472 16003 15822 12123 63518 44738 18311 4440 9201 103123 26427
is_linear=0
shrinkage=0.05


Tree=102
num_leaves=31
num_cat=0
split_feature=8 39 23 29 45 51 56 23 51 45 21 44 51 43 40 40 31 35 50 58 21 49 41 27 36 56 23 40 30 23
split_gain=85.7065 82.2047 74.2004 72.269 80.7933 67.7714 59.6964 89.1958 79.7109 61.2248 55.8822 47.2023 47.5721 57.1924 44.3373 41.2056 50.6926 40.1699 40.0462 39.3697 39.4358 36.8277 36.2004 35.8273 34.779 33.9328 36.9869 60.296 33.348 32.0255
threshold=1.0000000180025095e-35 0.43874999880790716 51.500000000000007 1.0000000180025095e-35 1.0000000180025095e-35 0.88047617673873912 0.48549300432205206 13.500000000000002 0.99425286054611217 1.0000000180025095e-35 9.5000000000000018 1.5000000000000002 0.55351883172988903 0.05935968644917012 0.67333334684371959 0.89564427733421337 0.32793442904949194 0.64583334326744091 0.6291005313396455 1.5000000000000002 11.500000000000002 0.95488464832305919 0.81101191043853771 11.500000000000002 0.84523808956146251 0.92346739768981945 19.500000000000004 0.24499999731779101 0.14760348945856097 42.500000000000007
decision_type=2 2 2 2 2 2 2 2 2 2 2 2 2 2 2 2 2 2 2 2 2 2 2 2 2 2 2 2 2 2
left_child=6 2 11 4 24 10 7 -1 9 14 -5 12 13 -2 18 16 -11 21 19 20 -8 -7 23 -16 -3 26 -14 -28 -21 -12
right_child=1 3 -4 5 -6 17 8 -9 -10 15 29 -13 25 -15 22 -17 -18 -19 -20 28 -22 -23 -24 -25 -26 -27 27 -29 -30 -31
leaf_value=0.0033863018446865763 -0.035386146347182332 -0.0054290991835248296 -0.0472007268411802 0.051489454882561028 -0.041391088946363008 0.005836090104307419 0.034448091083087599 -0.035887288535932205 0.038464937196947872 -0.0067152732916100528 0.0098504639887193393 0.065393564460784245 -9.3527349337583696e-05 0.083746139915056195 0.0036430839236056612 0.031351726142373693 0.017285082687717401 0.031009947317308623 0.041250985673237435 0.085132033441288224 -0.030409807597528694 -0.10065795003567586 0.017059827500828767 -0.043337947782170184 0.049688619801993718 0.041277535555518753 -0.04939091583383811 -0.0084755257308845623 -0.011069970521826794 -0.0076320933881139502
leaf_weight=545.6095559989335 255.02508939267136 197.23181959218346 154.52480832394212 50.042324768612161 191.09456447837874 32.666771146468818 34.611068440019153 195.61795540095773 210.74368834448978 1122.2982361951144 387.61295239406172 19.096791319083422 561.33487149130087 9.5591658665798587 141.3296009034384 98.090888023842126 272.61340148397721 316.76069231703877 250.94934423814993 24.037236439879052 67.698830831795931 9.7604285366833192 340.25794027280062 55.848741990281269 32.452673529274762 34.063245072960854 120.81259174633306 347.48798475146759 13.744322026963344 802.84702829178423
leaf_count=26916 96093 3521 36762 787 2652 546 3926 83033 11692 53446 9585 707 16621 845 3538 815 16186 9974 7298 934 17605 163 7350 707 3279 462 31710 6899 1208 13061
internal_value=-0.000180684 -0.00563501 -0.0144902 0.000951397 -0.0174618 0.00580264 0.00551441 -0.00701281 0.00904336 0.00646795 0.000258657 -0.0107066 -0.0118491 -0.0307829 0.0165422 0.000196014 -0.00201576 0.0248956 0.0293312 0.00783794 -0.00834755 -0.0204167 0.00719976 -0.00981535 0.00254025 -0.00711499 -0.00875445 -0.0191137 0.0507523 -0.00193629
internal_weight=6895.82 3522.37 1501.9 2020.47 420.779 1599.69 3373.45 741.228 2632.22 2421.48 1240.5 1347.38 1328.28 264.584 928.477 1493 1394.91 359.188 391.041 140.091 102.31 42.4272 537.436 197.178 229.684 1063.7 1029.64 468.301 37.7816 1190.46
internal_count=468321 233667 190099 43568 9452 34116 234654 109949 124705 113013 23433 153337 152630 96938 42566 70447 69632 10683 30971 23673 21531 709 11595 4245 6800 55692 55230 38609 2142 22646
is_linear=0
shrinkage=0.05


Tree=103
num_leaves=31
num_cat=0
split_feature=8 39 23 51 29 45 45 39 54 40 21 51 43 51 35 51 40 31 50 58 21 22 52 50 51 42 23 51 58 55
split_gain=80.9617 75.2384 68.0902 59.4191 58.9253 61.8491 53.8758 74.7099 58.4614 53.7501 48.2989 41.9227 49.0209 41.4012 39.4249 35.2049 34.7733 37.6244 33.2942 39.8647 37.3407 34.8544 34.7528 33.2538 31.941 30.4353 28.9302 55.086 31.5697 28.4169
threshold=1.0000000180025095e-35 0.4220647811889649 42.500000000000007 0.99425286054611217 1.0000000180025095e-35 1.0000000180025095e-35 1.0000000180025095e-35 0.063508063554763808 0.53869184851646434 0.67333334684371959 9.5000000000000018 0.60120484232902538 0.023811220191419128 0.99425286054611217 0.38750000298023229 0.84262126684188854 0.89564427733421337 0.56329935789108287 0.680425524711609 1.5000000000000002 11.500000000000002 44.500000000000007 0.55351883172988903 0.98213717341423046 0.95945203304290783 0.022294609807431701 41.500000000000007 0.42933948338031774 1.5000000000000002 0.9143919348716737
decision_type=2 2 2 2 2 2 2 2 2 2 2 2 2 2 2 2 2 2 2 2 2 2 2 2 2 2 2 2 2 2
left_child=6 2 11 4 5 -3 8 -8 14 18 -6 12 -2 16 -1 26 17 -9 19 20 -10 -20 -22 -11 -17 -16 27 -12 -28 -7
right_child=1 3 -4 -5 10 29 7 13 9 23 15 -13 -14 -15 25 24 -18 -19 21 -21 22 -23 -24 -25 -26 -27 28 -29 -30 -31
leaf_value=-0.044523881480633264 -0.035096360721440428 0.00012056306785425226 -0.041035097288654017 0.04181681234696645 0.049053144877127225 0.0016350872310579843 -0.044386406205729839 -0.0051745109946581746 0.040508272102164462 0.0043806180724432547 -0.019657274921983832 -0.0050114450611221557 0.054505311116343241 0.028115711672510025 -0.00051142769362652683 0.014825207639717826 0.027820760502715432 0.023323384929117161 0.057260291387074107 0.057806027664155546 -0.041526316672643199 0.01979857806349794 0.032889291232508479 0.038382909817237791 -0.047660353882236932 0.03552732482616671 -0.018007518207392999 0.020977276598814879 0.0030037532035732928 -0.047837402224025882
leaf_weight=44.98711233062204 215.78783420869149 214.43220703117549 208.2496434681816 81.758022638503462 53.548124893102795 35.426737648551352 91.696367773110978 1296.3018108593533 35.538407942396589 481.31409456278197 123.65136144380085 891.01452498277649 15.540653231902978 135.52075476152822 518.77950524247717 481.63727473048493 99.350823953747749 126.18410447437782 170.45216185087338 37.614803693955764 55.07258198177442 99.693957959185354 20.934572197962552 83.611462677363306 20.398117330856621 65.037863483303227 438.73587866383605 251.37245021760464 300.82309298869222 158.04786478192545
leaf_count=27430 90201 5126 47890 8014 982 942 40531 80024 3288 8121 7716 43620 2266 6641 24629 6986 821 8384 6796 1956 14604 2783 825 7162 445 1149 8468 3816 4600 1908
internal_value=-0.00016114 -0.00549434 -0.0148422 0.000268748 -0.00138521 -0.0183976 0.00537561 -0.000703283 0.0119635 0.0195656 0.00277827 -0.00994994 -0.0288682 0.00173887 5.20705e-05 0.0012161 -0.000626924 -0.00263195 0.0331096 0.0140197 -0.00112814 0.0435595 -0.0208692 0.00947204 0.0121967 0.00355721 -0.00373632 0.00756277 -0.00946846 -0.0388168
internal_weight=6852.51 3490.42 1330.59 2159.83 2078.07 407.907 3362.09 1749.05 1613.04 984.232 1670.17 1122.34 231.328 1657.36 628.804 1616.62 1521.84 1422.49 419.306 149.16 111.546 270.146 76.0072 564.926 502.035 583.817 1114.58 375.024 739.559 193.475
internal_count=468124 232980 183977 49003 40989 7976 235144 136401 98743 45535 33013 136087 92467 95870 53208 32031 89229 88408 30252 20673 18717 9579 15429 15283 7431 25778 24600 11532 13068 2850
is_linear=0
shrinkage=0.05


Tree=104
num_leaves=31
num_cat=0
split_feature=50 28 40 47 36 50 21 43 12 28 52 34 58 50 21 21 58 49 51 51 52 21 8 7 31 21 52 22 36 51
split_gain=79.116 122.914 118.392 97.9691 58.0822 87.2704 104.273 67.9912 54.6906 129.156 123.25 57.1817 82.4626 97.3884 126.692 52.8395 56.7495 50.1829 90.8901 48.1428 45.3465 41.6565 39.2809 38.17 36.9762 35.1633 32.7136 31.2496 68.3551 30.4873
threshold=0.982753485441208 5.5000000000000009 0.34057971835136419 1.0000000180025095e-35 0.43650794029235845 0.69028213620185863 22.500000000000004 0.14298191666603091 1.0000000180025095e-35 3.5000000000000004 0.99425286054611217 0.43650794029235845 1.5000000000000002 0.53093111515045177 25.500000000000004 12.500000000000002 2.5000000000000004 0.77459675073623668 0.8874824345111848 0.88047617673873912 0.95024752616882335 11.500000000000002 1.0000000180025095e-35 1.0000000180025095e-35 0.16145323961973193 6.5000000000000009 0.99425286054611217 43.500000000000007 0.94444444775581371 0.5604878067970277
decision_type=2 2 2 2 2 2 2 2 2 2 2 2 2 2 2 2 2 2 2 2 2 2 2 2 2 2 2 2 2 2
left_child=1 8 -3 23 5 7 -7 15 11 10 -10 12 13 21 20 25 -17 24 -19 -11 -15 -1 -14 29 -13 -4 -21 28 -6 -2
right_child=3 2 4 -5 27 6 -8 -9 9 19 -12 17 22 14 -16 16 -18 18 -20 26 -22 -23 -24 -25 -26 -27 -28 -29 -30 -31
leaf_value=0.019664918530568391 -0.042114800086361009 -0.041877912973212326 -0.032677569783827652 0.042227253923028847 -0.021154193192181311 0.072869217152218599 -0.0043107966511322432 0.03789196898456558 -0.062179057243197604 -0.036650478487124667 0.011441352939143752 0.016199188838250573 0.033733186453123273 0.016250738104049971 -0.024298494272318717 -0.039138604804452685 0.0035792826846388574 -0.012345398883924677 0.030991470157923268 0.039927434202400656 -0.057615392729495563 -0.045476033615537294 0.0056675102798562013 -0.014773971001292874 0.050694283370375209 0.01391254137090437 -0.030542752742343349 -0.036876924394402426 0.083000308538226181 0.0073980140980727197
leaf_weight=27.4178411453031 30.630435375031084 334.41313159663696 50.799651021603495 183.44468194292858 99.550007958896458 77.737301020999439 98.285654369392432 67.266257900046185 167.83329154015519 31.577156670042314 85.297529368195683 183.63090572028887 189.35230134450831 555.98519091017079 358.328756869887 261.04903046682011 110.31979132175911 291.9819665371906 205.14331901818514 124.30715430050623 20.618652782868594 198.36423481837846 362.83837318350561 233.92545168916695 135.53229422320146 184.77028523455374 18.212002825108357 219.24201343709137 17.682111048372462 1882.0884636497358
leaf_count=3237 3712 131990 2688 19247 2291 1230 2410 758 4590 1597 4574 4270 7702 49771 21792 37337 6335 4948 4985 4345 354 51956 14106 16100 4363 10538 626 3255 270 46501
internal_value=-0.000213135 -0.00410133 -0.0156456 0.00725704 -0.00822424 -0.00125662 0.0299934 -0.00944779 0.0018416 -0.014684 -0.0374238 0.00463778 -0.000554002 -0.00811968 -0.000988634 -0.0147481 -0.0264732 0.0155196 0.00556427 0.0184038 0.0135142 -0.0375138 0.0153351 0.00425034 0.0309601 0.00376992 0.0307722 -0.0257747 -0.00487544 0.00658352
internal_weight=6807.63 4477.54 1521.12 2330.09 1186.7 850.228 176.023 674.205 2956.42 427.227 253.131 2529.19 1712.91 1160.71 934.933 606.939 371.369 816.288 497.125 174.096 576.604 225.782 552.191 2146.64 319.163 235.57 142.519 336.474 117.232 1912.72
internal_count=467878 382318 199102 85560 67112 61296 3640 57656 183216 15732 9164 167484 148918 127110 71917 56898 43672 18566 9933 6568 50125 55193 21808 66313 8633 13226 4971 5816 2561 50213
is_linear=0
shrinkage=0.05


Tree=105
num_leaves=31
num_cat=0
split_feature=54 31 51 21 49 35 43 20 50 32 49 52 58 22 21 30 38 41 48 20 52 36 43 35 56 52 35 42 50 12
split_gain=73.9936 126.319 83.8432 53.861 66.8698 75.0574 45.7034 45.0449 62.7636 76.038 69.9424 127.515 139.932 97.4898 59.674 49.6897 44.4154 46.6255 44.0102 40.7009 84.9224 41.1657 39.8975 44.1522 37.9084 36.9629 60.5473 33.8369 33.4581 31.7251
threshold=0.5966327190399171 0.41702897846698767 0.99425286054611217 18.500000000000004 0.4246212244033814 0.13392857462167743 0.083435263484716429 20.500000000000004 0.8760964870452882 2.5000000000000004 0.77003204822540294 0.81302964687347423 1.5000000000000002 40.500000000000007 24.500000000000004 0.12933094054460528 12.500000000000002 0.68585526943206798 1.0000000180025095e-35 14.500000000000002 0.99425286054611217 0.94444444775581371 0.018182766623795036 0.46428571641445165 0.47383633255958563 0.71503761410713207 0.64583334326744091 0.050097465515136726 0.59611794352531444 1.0000000180025095e-35
decision_type=2 2 2 2 2 2 2 2 2 2 2 2 2 2 2 2 2 2 2 2 2 2 2 2 2 2 2 2 2 2
left_child=1 24 3 4 6 28 -2 -5 10 25 11 12 -9 -12 15 -11 -4 -18 -16 29 21 -21 23 -3 -1 -10 -27 -25 -6 -7
right_child=2 22 16 7 5 19 -8 8 9 14 13 -13 -14 -15 18 -17 17 -19 -20 20 -22 -23 -24 27 -26 26 -28 -29 -30 -31
leaf_value=-0.046879489317297823 -0.009959486467796045 -0.036761207467855307 0.04042388562596097 -0.013209092605337099 -0.014052637010586398 0.014123018251696318 0.036675231746040392 -0.028704437457519889 0.072460212615125516 -0.013112091016331316 0.023376221323455394 0.030941995647701382 0.0079624468093311314 -0.043672124305951632 -0.013545933571441793 0.067589781902365184 -0.034252039769370003 0.044945454326287798 0.021423839753102622 0.012911405330082899 0.049703668902944351 -0.041048110071884213 0.093925536188671166 -0.0010503718915142164 -0.018395498773068345 -0.012978352048125408 0.031126097008734206 0.042981323861911808 0.063095340577509082 -0.022134448259766175
leaf_weight=211.13777346513234 427.66476503200829 83.627248804201372 214.30274150171317 713.84547827579081 15.618488033651373 120.57331609691028 58.886768347932957 465.07404906925512 37.145081753842533 29.339708372717723 70.830755907343701 257.60686619463377 588.32349082629662 222.88676582835615 464.86799208074808 52.048422068823129 47.371049840468913 29.184806717559695 110.56526100030169 167.53062377159949 161.30293753417209 43.727848481852561 9.96733224543277 1169.5658110942459 264.90117350860965 100.54233719035983 336.2040443783626 44.320935206138529 115.06833112472668 118.81393878173549
leaf_count=105637 44413 45112 15687 29366 2234 1826 843 38015 515 429 899 3433 19854 2572 3997 1109 801 2573 4256 3437 4552 589 1383 58457 63968 1419 6139 728 2396 1571
internal_value=-0.000343867 -0.00907737 0.00279184 0.0011696 0.010152 0.0195819 -0.00425169 -0.0020334 0.000886791 0.00990468 -0.00546957 -0.000521434 -0.00823782 -0.0274788 -0.0011139 0.0386914 0.0287921 -0.00386995 -0.00680124 0.0121902 0.0225051 0.0016017 -0.00104126 -0.00184255 -0.0311008 0.0251468 0.0209665 0.000591351 0.0538386 -0.0038897
internal_weight=6752.85 1783.52 4969.33 4678.47 1229.19 742.635 486.552 3449.28 2735.43 1130.71 1604.72 1311 1053.4 293.718 656.821 81.3881 290.859 76.5559 575.433 611.949 372.561 211.258 1307.48 1297.51 476.039 473.891 436.746 1213.89 130.687 239.387
internal_count=468210 275285 192925 173864 61861 16605 45256 112003 82637 17864 64773 61302 57869 3471 9791 1538 19061 3374 8253 11975 8578 4026 105680 104297 169605 8073 7558 59185 4630 3397
is_linear=0
shrinkage=0.05


Tree=106
num_leaves=31
num_cat=0
split_feature=8 39 27 51 29 56 27 51 45 39 55 51 43 27 41 51 59 55 12 51 25 30 52 4 56 0 38 31 31 7
split_gain=67.6267 58.9003 56.6635 56.1403 52.3024 51.5745 74.2191 62.3807 45.094 36.3821 39.5845 35.5473 40.672 34.8755 55.4871 40.6681 47.0365 30.4881 29.9946 29.6101 34.5488 28.4014 26.5541 26.1514 26.0705 26.35 25.8711 25.8415 25.4845 23.7251
threshold=1.0000000180025095e-35 0.43874999880790716 9.5000000000000018 0.99425286054611217 1.0000000180025095e-35 0.48549300432205206 3.5000000000000004 0.99425286054611217 1.0000000180025095e-35 0.98214286565780651 0.89670634269714367 0.55036231875419628 0.015388277824968101 9.5000000000000018 0.82971012592315685 0.44575163722038275 1.0000000180025095e-35 0.98314553499221813 1.0000000180025095e-35 0.86240702867507946 1.5000000000000002 0.13100686669349673 0.8521554470062257 4.5000000000000009 0.80972057580947887 3.5000000000000004 12.500000000000002 0.55823644995689403 0.13172354549169543 1.0000000180025095e-35
decision_type=2 2 2 2 2 2 2 2 2 2 2 2 2 2 2 2 2 2 2 2 2 2 2 2 2 2 2 2 2 2
left_child=5 2 11 4 9 6 -1 8 13 10 -3 12 -2 15 -15 16 21 19 23 20 -6 -7 -11 28 25 -17 -9 -10 -13 -20
right_child=1 3 -4 -5 17 7 -8 26 27 22 -12 18 -14 14 -16 24 -18 -19 29 -21 -22 -23 -24 -25 -26 -27 -28 -29 -30 -31
leaf_value=0.0022321349609350023 -0.03334941251086352 0.020516108142904579 -0.048718161288793298 0.04500267096818597 0.033084157157688025 0.069613166221619643 -0.035335118960996253 0.048344154192744966 -0.0012180973131905633 -0.010552762641828745 -0.041229998352673131 -0.0059066740046605642 0.024555096356734245 -0.024419908830659615 0.018837503120653503 -0.0050637287821603469 -0.0073811201623146822 0.042012915527150058 -0.0078111417761644458 0.014925645793375811 -0.0041466570943728817 0.0019811225236669289 0.0372222121846549 -0.009423320990779388 0.023737743149403676 0.063857266848883779 0.0098986082006506972 0.022804614425527812 0.029950244399426531 -0.032691021993432233
leaf_weight=557.81152714544442 237.13064424460754 29.935802655061707 100.09799246565672 68.013356364797801 65.236647419515066 37.758038169471547 170.9743534863228 130.05293124122545 1343.4651974821463 146.75830148719251 171.15170291811228 77.011111229017843 34.015686544706114 123.73617876315257 181.74142249906436 16.178650796413422 174.32910739479121 48.185304044280201 579.91964828153141 338.07933985302225 1051.2456306447275 25.993830174440518 35.214403592981398 164.13150846894132 245.96388660895173 90.538597077131271 66.617660023737699 121.11674804415088 136.54357168904971 114.07549181208014
leaf_count=29963 98378 701 26821 7654 1011 813 79952 9154 64877 2132 2369 2970 5983 3151 3357 296 21600 533 16637 5649 21099 1147 2343 22366 8570 3850 2535 5494 6289 10208
internal_value=-2.97589e-06 -0.0049495 -0.0126073 0.000709453 -0.000911027 0.00510978 -0.00661755 0.00845289 0.00619085 -0.0173786 -0.0319818 -0.00988125 -0.0260217 0.0150178 0.00129323 0.0221004 0.00609594 0.00329542 -0.0057771 0.00198484 -0.00194358 0.0424937 -0.0011547 0.00555233 0.0328567 0.0534586 0.0354376 0.000782717 0.0170524 -0.0119419
internal_weight=6683.02 3396.75 1442.93 1953.82 1885.81 3286.28 728.786 2557.49 2360.82 383.06 201.088 1342.83 271.146 896.24 305.478 590.762 238.081 1502.75 1071.68 1454.56 1116.48 63.7519 181.973 377.686 352.681 106.717 196.671 1464.58 213.555 693.995
internal_count=467902 233143 189652 43491 35837 234759 109915 124844 113155 7545 3070 162831 104361 42784 6508 36276 23560 28292 58470 27759 22110 1960 4475 31625 12716 4146 11689 70371 9259 26845
is_linear=0
shrinkage=0.05


Tree=107
num_leaves=31
num_cat=0
split_feature=6 0 51 28 29 43 50 21 58 50 48 38 7 41 54 21 36 28 12 31 47 35 48 22 36 49 23 21 21 44
split_gain=69.1555 72.554 71.7501 55.5505 52.931 52.4206 69.6187 38.9962 51.3138 68.516 42.8327 38.8674 36.4099 36.1577 35.1571 34.5645 41.5497 31.6852 35.2951 31.0334 30.7229 38.5243 37.4841 93.3397 30.5932 25.7835 27.8697 24.6029 24.2405 24.1519
threshold=2.5000000000000004 2.5000000000000004 0.9833287000656129 2.5000000000000004 44.500000000000007 0.0081751542165875452 0.95275297760963451 12.500000000000002 3.5000000000000004 0.54261502623558056 1.0000000180025095e-35 14.500000000000002 1.0000000180025095e-35 0.79057019948959362 0.58086311817169201 29.500000000000004 0.47222222387790685 6.5000000000000009 1.0000000180025095e-35 0.1673669517040253 1.0000000180025095e-35 0.84523808956146251 1.0000000180025095e-35 46.500000000000007 0.94444444775581371 0.080540537834167494 74.500000000000014 6.5000000000000009 10.500000000000002 1.5000000000000002
decision_type=2 2 2 2 2 2 2 2 2 2 2 2 2 2 2 2 2 2 2 2 2 2 2 2 2 2 2 2 2 2
left_child=1 11 19 4 14 6 13 27 9 -9 25 12 -1 -5 -2 16 -11 18 -8 20 22 -22 29 -24 -19 -10 -27 -7 -16 -3
right_child=3 2 -4 5 -6 7 17 8 10 15 -12 -13 -14 -15 28 -17 -18 24 -20 -21 21 -23 23 -25 -26 26 -28 -29 -30 -31
leaf_value=0.0030380559680194459 -0.017909202248426407 -0.00020677858803956975 0.039550157321685604 -0.029983556867678549 0.033344242304797926 -0.025578456777071181 0.016232469019958128 -0.040329151032113604 -0.0025342318681327962 0.039567404182566247 -0.011920403310362773 -0.027997240110086075 -0.020884079715278073 -0.0068923901000527881 0.058784517613987113 -0.019651912495868458 -0.0036490544844358323 -0.010205990712292756 -0.023563976551805178 0.016021309320082593 0.0075977131745388685 0.047080245960664048 0.021497698579192471 -0.046002813408139193 0.032924935237376496 0.12103596486396005 0.036229704651097885 0.039345598162123414 0.0031752425227962403 0.024069700357520773
leaf_weight=811.06948236306198 221.63293286581757 693.26292332110461 187.04974202648737 664.21225733839674 130.62987203651574 16.742748381802812 81.219355291919783 137.40741447778419 13.002371794078497 87.015602091501933 35.143337843415793 161.57120028755162 196.81051452283282 228.47516962559894 19.120027637924068 130.51704896171577 150.68746009556344 65.083031597430818 172.53497149667237 698.31675450410694 372.68832355609629 73.20491823926568 82.493696630815975 132.06195780623239 108.87659853429068 18.880925471952651 21.316591640701517 87.761765414266847 762.96402854687767 119.21456103096716
leaf_count=26094 44102 9889 14980 197339 8546 1101 2282 22107 1623 3973 596 17131 16983 6025 699 3646 1879 1628 2835 21882 8928 7022 1571 1583 4772 1465 904 5888 29420 1129
internal_value=6.04625e-05 0.00486923 0.00991729 -0.0053193 0.00353235 -0.0102921 -0.0161483 0.000785836 -0.0041832 -0.0103377 0.0307634 -0.00531036 -0.00164933 -0.0240879 -0.000376883 0.000932971 0.0122706 0.000440121 -0.0108126 0.00734743 0.00322705 0.0141706 -0.00153335 -0.0200705 0.0168224 0.0586596 0.0780346 0.0288002 0.00460808 0.00338051
internal_weight=6680.97 3527.74 2358.29 3153.22 1134.35 2018.88 1320.4 698.475 593.971 505.628 88.3432 1169.45 1007.88 892.687 1003.72 368.22 237.703 427.714 253.754 2171.24 1472.93 445.893 1027.03 214.556 173.96 53.1999 40.1975 104.505 782.084 812.477
internal_count=468022 127192 66984 340830 82767 258063 214881 43182 36193 31605 4588 60208 43077 203364 74221 9498 5852 11517 5117 52004 30122 15950 14172 3154 6400 3992 2369 6989 30119 11018
is_linear=0
shrinkage=0.05


Tree=108
num_leaves=31
num_cat=0
split_feature=38 44 51 35 43 41 46 41 40 54 31 43 48 22 44 8 29 31 23 39 49 43 49 21 43 43 42 56 30 58
split_gain=70.4825 68.5426 81.676 47.8401 86.3334 41.4574 38.9528 36.5551 50.1908 39.8895 35.1042 38.4925 39.4886 63.3256 52.1098 33.9292 33.2749 31.5419 29.6649 29.5636 25.5886 24.5522 30.8493 23.3171 22.3327 21.701 20.9855 21.0072 19.8629 17.6068
threshold=17.500000000000004 1.0000000180025095e-35 0.99425286054611217 0.41428571939468389 0.012663039844483139 0.73879140615463268 1.0000000180025095e-35 0.93933823704719555 0.93541666865348827 0.98672541975975048 0.26425938308238989 0.0018778014346025886 1.0000000180025095e-35 49.500000000000007 1.5000000000000002 1.0000000180025095e-35 43.500000000000007 0.12829175591468814 52.500000000000007 0.57417583465576183 0.79041057825088512 0.015388277824968101 0.4712491780519486 18.500000000000004 0.16840209066867831 0.021279740147292617 0.00089405471226200472 0.99822065234184276 0.17712418735027316 1.5000000000000002
decision_type=2 2 2 2 2 2 2 2 2 2 2 2 2 2 2 2 2 2 2 2 2 2 2 2 2 2 2 2 2 2
left_child=1 3 6 4 19 16 10 8 9 15 11 26 14 -14 -13 23 -2 -17 21 20 -1 22 -12 -5 -6 -18 -3 -28 -27 -23
right_child=5 2 -4 7 24 -7 -8 -9 -10 -11 18 12 13 -15 -16 17 25 -19 -20 -21 -22 29 -24 -25 -26 28 27 -29 -30 -31
leaf_value=-0.040529911669109756 -0.044079514531097638 -0.018077215241426678 0.043512297446867354 0.015558542261653702 -1.3401674067994072e-05 -0.0030576362824284889 -0.046751069372271997 0.053480388776279399 -0.073095851789057392 0.056719798917212287 -0.0037324515151302036 0.0054069327102315747 0.013695575262087024 -0.010089185431529989 0.038660799954144121 -0.017719241082394879 -0.015650020789871735 -0.0013836554984467981 -0.021865214691922027 0.0045675843601946826 0.029461932166889485 0.032732056307046994 0.027412963952180389 0.00040550113030074665 0.038944624823745333 0.12666217407455091 -0.00286239085666568 0.046053281066300328 -0.025452322578594838 0.088035340293435849
leaf_weight=290.60634562920313 170.55313476239098 276.82332598348148 146.22662011254579 339.81795674079331 149.3618170559057 287.10821426613256 34.562126404838637 29.771893561817706 23.142213513143361 28.931835349649191 121.72730613633757 293.31357407709584 557.2520193689852 560.16929759230698 196.32618892425671 452.3131248098216 122.1911779656657 849.36263926204992 41.012664438108914 48.298818887444213 12.983670143759808 56.742075050598942 227.04292278114008 995.36945158650633 47.806785807129927 4.3122784743318325 200.32519423548365 23.637760754209012 3.1226134045282379 19.503066177363507
leaf_count=123109 43324 23192 15238 24169 13944 4655 636 786 169 407 24936 5859 41274 11162 2103 14827 19309 41418 1679 1978 374 1963 7389 38196 482 328 3511 1021 469 300
internal_value=-0.000144622 0.00146874 0.00727713 -0.00342834 -0.0168762 -0.0166635 0.00522992 -0.000707278 -0.0013269 -0.000676687 0.00594581 0.00319609 0.00696737 0.00177379 0.018792 -0.00132771 -0.0296235 -0.00706928 0.0183493 -0.0316859 -0.0374497 0.0222721 0.016563 0.00427085 0.00958147 -0.0104115 -0.00889601 0.00248209 0.0673316 0.0478349
internal_weight=6609.72 6022.43 2754.66 3267.77 549.057 587.287 2608.44 2718.71 2688.94 2665.8 2573.88 2107.85 1607.06 1117.42 489.64 2636.86 300.179 1301.68 466.028 351.889 303.59 425.015 348.77 1335.19 197.169 129.626 500.786 223.963 7.43489 76.2451
internal_count=468207 400122 140263 259859 139887 68085 125025 119972 119186 119017 124389 88122 60398 52436 7962 118610 63430 56245 36267 125461 123483 34588 32325 62365 14426 20106 27724 4532 797 2263
is_linear=0
shrinkage=0.05


Tree=109
num_leaves=31
num_cat=0
split_feature=8 56 29 45 28 36 34 56 12 50 43 60 42 25 38 50 21 34 52 44 49 43 24 52 34 52 56 21 55 41
split_gain=59.1 57.947 52.2775 63.2283 43.179 54.9063 61.1544 69.282 60.8221 61.8043 46.3265 44.0725 47.3564 43.4351 40.4047 40.0112 38.731 36.9698 35.7354 33.7311 33.5644 43.3614 30.0488 30.0157 29.9191 39.5883 37.018 27.8137 25.9222 25.0005
threshold=1.0000000180025095e-35 0.88949939608573925 1.0000000180025095e-35 1.0000000180025095e-35 4.5000000000000009 0.94444444775581371 0.63068181276321422 0.64019703865051281 1.0000000180025095e-35 0.9941176474094392 0.16840209066867831 1.0000000180025095e-35 0.0024883691221475606 1.5000000000000002 14.500000000000002 0.98437118530273449 6.5000000000000009 0.38750000298023229 0.94665718078613292 1.5000000000000002 0.51087471842765819 0.015388277824968101 2.5000000000000004 0.85053193569183361 0.63068181276321422 0.91734972596168529 0.88473191857337963 8.5000000000000018 0.89670634269714367 0.73879140615463268
decision_type=2 2 2 2 2 2 2 2 2 2 2 2 2 2 2 2 2 2 2 2 2 2 2 2 2 2 2 2 2 2
left_child=4 14 3 23 11 6 7 -6 13 -10 16 12 17 -7 19 27 -9 18 -1 20 21 -2 -14 -3 -19 -26 -27 -4 -5 -30
right_child=1 2 15 28 5 8 -8 10 9 -11 -12 -13 22 -15 -16 -17 -18 24 -20 -21 -22 -23 -24 -25 25 26 -28 -29 29 -31
leaf_value=-0.010031624148751118 -0.038632597025677416 -0.0069746501246103435 0.050372115516249649 0.031775850739417175 -0.037381071236065572 -0.021059163119142642 -0.035149841229406772 -0.041790646755732262 -0.045282258238848502 0.013104044467692439 0.047901232757826734 0.033817018092705604 0.026502196279775677 0.061435511169047677 -0.03004302424398175 0.021350154580660658 0.004232028404519317 0.036057263760511632 -0.086951690262674464 0.034213079749427951 -0.0060471042907556879 0.020934734383387176 0.0063725872571923541 0.037127913974952326 -0.031674433205715467 0.0022539581474827824 0.037895047075887013 1.4790077885069202e-05 0.03334092666148946 -0.047501849771202316
leaf_weight=301.99065288522979 170.33358075271826 164.00367508875206 27.142373484792188 11.94097689213231 118.04417430760805 19.118498096766416 179.88695167284459 49.434586538933218 55.870075212558731 222.27654936164618 54.519620523322374 168.2830931400531 384.53174804674927 83.92057234828826 252.32143443048699 321.23309964919463 487.47200756502571 75.515271877171472 14.927486628293989 44.309065766923595 1039.149546728062 36.508778257702943 358.72447014041245 49.362926261033863 72.187528487411328 518.4075820989674 83.795536221005023 1068.8622067149263 9.517656740266828 151.36266738013364
leaf_count=39389 75310 2343 378 253 72717 3976 2886 2123 3111 7614 670 6632 15429 3016 51169 9221 31024 1686 231 1055 60720 4826 14356 4326 2733 23329 3977 21485 127 2018
internal_value=-5.72595e-06 -0.00466906 0.00141682 -0.0148677 0.004797 -0.00239479 -0.0091976 -0.00257718 0.0134596 0.00125604 0.00442079 0.00941457 0.00712846 0.0460737 -0.0117801 0.0058616 -7.52298e-05 0.000374969 -0.0139168 -0.0081883 -0.00972237 -0.0280685 0.0168085 0.0033542 0.00642532 0.00305879 0.00726796 0.00130666 -0.0372545 -0.0425428
internal_weight=6594.95 3346.05 1803.43 386.188 3248.91 1270.54 889.357 709.47 381.186 278.147 591.426 1978.36 1810.08 103.039 1542.62 1417.24 536.907 1066.82 316.918 1290.3 1245.99 206.842 743.256 213.367 749.906 674.391 602.203 1096 172.821 160.88
internal_count=468130 233231 40151 9067 234899 127137 109420 106534 17717 10725 33817 107762 101130 6992 193080 31084 33147 71345 39620 141911 140856 80136 29785 6669 31725 30039 27306 21863 2398 2145
is_linear=0
shrinkage=0.05


Tree=110
num_leaves=31
num_cat=0
split_feature=8 39 23 29 45 51 35 44 21 49 43 56 27 51 21 49 32 58 55 34 35 50 43 42 49 50 55 49 23 51
split_gain=58.6545 50.0771 64.9758 45.9941 61.6898 42.2689 44.8104 40.8449 38.8539 37.2724 46.9843 35.6638 84.485 57.5937 35.9938 53.533 68.3384 48.5259 47.2657 45.9107 41.8191 38.9449 34.7366 32.9578 31.9994 61.5443 30.3974 29.2288 28.7069 33.3457
threshold=1.0000000180025095e-35 0.43874999880790716 44.500000000000007 1.0000000180025095e-35 1.0000000180025095e-35 0.88047617673873912 0.64583334326744091 1.5000000000000002 13.500000000000002 0.51316702365875255 0.05935968644917012 0.45954339206218725 3.5000000000000004 0.99425286054611217 26.500000000000004 0.49253065884113317 1.0000000180025095e-35 1.5000000000000002 0.73538899421691906 0.14835165441036227 0.94444444775581371 0.69028213620185863 0.15727518498897555 0.0016142060630954804 0.76506900787353527 0.87026646733284008 0.89670634269714367 0.58885449171066295 42.500000000000007 0.4246212244033814
decision_type=2 2 2 2 2 2 2 2 2 2 2 2 2 2 2 2 2 2 2 2 2 2 2 2 2 2 2 2 2 2
left_child=11 2 7 4 -3 8 23 9 -5 10 -2 12 -1 14 15 22 21 19 20 -16 -18 -17 -13 -7 -21 -26 -6 -20 29 -10
right_child=1 3 -4 5 26 6 -8 -9 28 -11 -12 13 -14 -15 17 16 18 -19 27 24 -22 -23 -24 -25 25 -27 -28 -29 -30 -31
leaf_value=0.0038539856572819119 -0.035062175334706888 0.0033782047958094558 -0.039751923525819632 0.025787267049764886 0.018268097506276736 -0.063120580311904748 0.027237579628260317 0.072681194831434634 -0.017633925737552181 -0.0049195774059133564 0.085108182642179508 -0.008085876742460394 -0.038778309572844297 0.034125547006755595 -0.036369716120570786 -0.005036017444357734 0.056032010596667542 0.021218269904484083 0.044012313042529679 0.015584936501446779 0.014577739779177477 0.068855679676733991 0.046166830352364213 0.024651535743305697 -0.042142069515263593 0.00046645344363585855 -0.044445061378360212 0.0011898040289713705 -0.008359384688462904 0.018744879242073551
leaf_weight=557.34339543204987 172.20562953414628 213.63072912837379 178.9716118722572 131.28243089048192 21.54530001222156 24.974720735102892 292.73432794539258 14.665585460315922 83.987188887549564 1030.8360816765344 7.6008600462228051 391.1821285833721 145.77608861523913 189.63774143636692 113.95129122858634 22.109544942097273 96.473822517320514 185.1183494697907 42.087712801760063 183.56586025306024 164.62738949479535 88.439973559521604 30.910802374826744 17.455688219983131 107.25632199458778 390.19147913448978 152.71369477547705 530.85852985223755 744.03805601084605 243.38394271791913
leaf_count=29905 79582 6813 45663 2767 545 377 9974 572 4755 63152 678 57965 72448 12267 17393 2458 5118 9537 574 4831 4241 1883 366 330 1459 6128 2110 8235 12207 3674
internal_value=0.000142172 -0.00451699 -0.0116936 0.000719647 -0.014644 0.00460177 0.0202759 -0.00756626 0.000220515 -0.00859755 -0.0295397 0.0049314 -0.00502739 0.00769297 0.00554339 0.0107842 0.0173937 -0.00176831 0.0124608 -0.00714098 0.0300499 0.0541649 -0.0040131 -0.0272753 -0.0022041 -0.00878662 -0.0366312 0.00440668 -0.00293337 0.0093866
internal_weight=6569.56 3330.03 1404.28 1925.75 387.89 1537.86 335.165 1225.31 1202.69 1210.64 179.806 3239.53 703.119 2536.41 2346.77 1366.69 944.597 980.083 834.047 794.965 261.101 110.55 422.093 42.4304 681.014 497.448 174.259 572.946 1071.41 327.371
internal_count=468007 233199 189647 43552 9468 34084 10681 143984 23403 143412 80260 234808 102353 132455 120188 80840 22509 39348 18168 29811 9359 4341 58331 707 12418 7587 2655 8809 20636 8429
is_linear=0
shrinkage=0.05


Tree=111
num_leaves=31
num_cat=0
split_feature=33 44 38 9 45 54 54 31 49 33 58 46 27 41 43 54 52 43 41 44 55 27 55 50 52 40 28 21 20 20
split_gain=62.0384 59.6772 52.5296 47.7926 44.951 81.9759 51.9917 44.0343 42.9144 34.533 42.7123 33.9815 33.082 65.6704 32.4651 31.6579 31.2909 34.6368 30.1382 29.4692 28.8583 28.651 54.5744 28.0075 24.7913 23.2045 21.3513 20.5299 30.5466 24.7295
threshold=6.5000000000000009 1.0000000180025095e-35 20.500000000000004 1.0000000180025095e-35 1.0000000180025095e-35 0.52960655093193065 0.99218702316284191 0.39246422052383428 0.48528139293193823 7.5000000000000009 1.5000000000000002 1.0000000180025095e-35 10.500000000000002 0.70710784196853649 0.12253588065505029 0.58355855941772472 0.7320508360862733 0.090916447341442122 0.89564427733421337 1.5000000000000002 0.83372825384140026 6.5000000000000009 0.48724456131458288 0.69631093740463268 0.084806710481643691 0.82843136787414562 2.5000000000000004 13.500000000000002 9.5000000000000018 17.500000000000004
decision_type=2 2 2 2 2 2 2 2 2 2 2 2 2 2 2 2 2 2 2 2 2 2 2 2 2 2 2 2 2 2
left_child=1 4 3 7 12 -6 8 11 14 23 -11 15 13 16 -7 19 17 -1 -14 -3 -17 22 -18 -2 -12 -15 -9 28 -10 -29
right_child=9 2 -4 -5 5 6 -8 26 27 10 24 -13 18 25 -16 20 21 -19 -20 -21 -22 -23 -24 -25 -26 -27 -28 29 -30 -31
leaf_value=-0.032948490715505423 -0.041800663025490854 -0.032772982747679001 -0.02374695856968892 0.039357947853698942 -0.043123511777031193 -0.035888264505752915 0.072993671663197701 0.046516298685405376 -0.02544440615974888 -0.028408276692935826 -0.05569762351274913 -0.04612401699135138 -0.036750786523132545 0.039698897063188479 0.043910023888001588 0.013636473380808041 0.00088895287587334958 0.080696221752531966 0.018404411354774924 0.046280565556113235 0.0019521185208027471 -0.033131141252825839 0.042855590530233384 0.0014434020129279405 0.037346280113375444 0.0047224434279879868 0.01576089182277397 -0.020178130140787953 0.036638369662420477 -0.0016698273067876975
leaf_weight=101.94555869547185 172.69400387781207 87.105566540267318 137.10547412949381 114.409675355535 162.28990615613293 163.7433807895286 19.690305305179209 85.329815521894488 27.076953430660069 68.177342332550324 7.1863856776035382 31.864384705200791 93.627435222035274 155.79032692732289 12.977894047449807 840.29222802829463 1120.4828123890911 6.2299111707834518 32.849395915400237 12.715244623832403 1422.1788901062682 53.94299688184401 82.225387999089435 47.648107895860448 61.790499917406123 68.404710473958403 168.146928238275 224.99887809553184 67.375638823083136 897.10616229724837
leaf_count=62522 29112 36971 9688 12962 86146 51771 258 4049 539 16600 1044 513 3822 4329 396 30062 34200 217 485 517 29577 2536 1339 1897 2276 1010 14770 4053 1952 22518
internal_value=-4.68824e-05 0.00112415 0.00635356 0.00785577 -0.00348348 -0.00957907 -0.00569848 0.00648015 -0.00686214 -0.0202693 -0.000551411 0.00437629 0.00211613 0.00407981 -0.029814 0.00507671 -4.7722e-05 -0.0257244 -0.0223935 -0.0223439 0.00629585 0.00218128 0.0037913 -0.032485 0.026995 0.0290955 0.0262564 -0.00350632 0.0187608 -0.00539568
internal_weight=6547.4 6189.91 2899.15 2762.04 3290.76 1575.26 1412.97 2647.63 1393.28 357.496 137.154 2394.16 1715.5 1589.02 176.721 2362.29 1364.83 108.175 126.477 99.8208 2262.47 1256.65 1202.71 220.342 68.9769 224.195 253.477 1216.56 94.4526 1122.11
internal_count=468131 417202 139109 129421 278093 167633 81487 116459 81229 50929 19920 97640 110460 106153 52167 97127 100814 62739 4307 37488 59639 38075 35539 31009 3320 5339 18819 29062 2491 26571
is_linear=0
shrinkage=0.05


Tree=112
num_leaves=31
num_cat=0
split_feature=38 44 48 56 33 41 60 49 48 22 25 30 54 51 43 21 37 54 23 31 21 49 21 43 6 47 43 31 30 20
split_gain=65.4115 61.0267 62.6978 71.8753 54.1216 38.9539 38.4033 98.6017 87.8303 105.757 60.0221 48.54 46.9428 44.6367 40.8401 40.1126 35.0531 33.7069 31.7854 31.5282 28.3927 27.7344 27.7107 26.9849 24.0581 34.4974 20.4228 18.8045 18.5888 18.1002
threshold=17.500000000000004 1.5000000000000002 1.0000000180025095e-35 0.74637374281883251 6.5000000000000009 0.71825397014617931 1.0000000180025095e-35 0.4817046076059342 1.0000000180025095e-35 46.500000000000007 1.5000000000000002 0.26598639786243444 0.98048734664917003 0.55351883172988903 0.056327128782868392 29.500000000000004 5.5000000000000009 0.55829057097435009 44.500000000000007 0.42912946641445165 37.500000000000007 0.70859703421592724 11.500000000000002 0.021279740147292617 1.5000000000000002 1.0000000180025095e-35 0.00090293472749181103 0.39246422052383428 0.094494048506021514 31.500000000000004
decision_type=2 2 2 2 2 2 2 2 2 2 2 2 2 2 2 2 2 2 2 2 2 2 2 2 2 2 2 2 2 2
left_child=1 4 22 21 6 19 7 10 12 17 14 20 15 -12 26 -9 -5 -10 -11 -2 28 -4 -3 -21 25 -18 -1 -26 -8 -30
right_child=5 2 3 16 -6 -7 11 8 9 18 13 -13 -14 -15 -16 -17 24 -19 -20 23 -22 -23 -24 -25 27 -27 -28 -29 29 -31
leaf_value=-0.049701088645424586 -0.046610553876907837 0.10735082666567836 0.1693577359259146 0.025714379417311917 -0.023601668732583972 -0.0038162313821772788 0.031742889991086591 0.00081460902440791448 -0.029043720626555844 0.014517225989819527 -0.037946266198053684 -0.028358445987309994 0.031015258414158253 0.046939211033088339 0.059188691962340695 -0.011946250163619599 -0.026156609168187364 0.034886299643086496 -0.021377338196852013 -0.018147138096581635 0.096610054949856292 0.045043058412662533 0.030435698513385179 0.074238073183070977 -0.016076093950829731 0.028117377839755403 -0.0011043734357851049 0.046448716887408432 0.012372631142073813 -0.050878083438593638
leaf_weight=24.128568997606635 138.05283949227305 11.499612191459162 7.130092421895827 113.78846653457731 242.65563761192607 300.86583256162703 165.25213523680577 2334.2521750812302 20.890078148862813 98.494517832237761 316.46835609298432 49.515838028688449 106.69663820322603 15.456631059059871 24.963851059786975 835.47109009057749 40.9786287243478 445.77658914361382 161.57894746027887 126.73878779204097 12.242005529697051 12.40416577644646 250.27510930021526 7.4461923235212444 281.54950878466479 96.290268007200211 155.16056207328802 11.610226241173221 94.070198034634814 11.845811066858003
leaf_count=6263 40248 185 554 4259 43387 5044 5380 124361 3790 3396 107723 5988 1464 2726 378 24962 458 20939 4862 22047 404 321 3365 806 5168 4093 19119 164 5230 965
internal_value=-0.000125089 0.00143222 0.0140382 0.00462741 -0.000604667 -0.0162416 0.000545271 -0.000658438 0.00204022 0.0177529 -0.0207732 0.0169103 -0.00144935 -0.0338643 0.000562182 -0.00255159 0.00116042 0.0319685 -0.00777988 -0.0299095 0.0248913 0.0964563 0.0342102 -0.0125093 -0.00537525 0.0118431 -0.00788387 -0.0134504 0.0213104 0.00488887
internal_weight=6513.55 5940.45 825.526 563.751 5114.92 573.104 4872.26 4539.34 4003.16 726.74 536.178 332.926 3276.42 331.925 204.253 3169.72 544.217 466.667 260.073 272.238 283.41 19.5343 261.775 134.185 430.429 137.269 179.289 293.16 271.168 105.916
internal_count=468049 399904 18567 15017 381337 68145 337950 319983 183774 32987 136209 17967 150787 110449 25760 149323 14142 24729 8258 63101 11979 875 3550 22853 9883 4551 25382 5332 11575 6195
is_linear=0
shrinkage=0.05


Tree=113
num_leaves=31
num_cat=0
split_feature=38 41 44 42 41 51 48 58 22 25 50 52 54 48 51 54 13 46 27 25 54 7 34 51 54 41 51 52 29 40
split_gain=50.6139 54.941 53.353 49.7947 44.1463 43.2704 102.027 92.4993 70.8895 63.292 49.6948 59.0939 45.7969 41.1036 39.9445 37.6751 37.0389 36.2756 34.8242 33.7047 28.7102 28.6901 28.6725 25.3959 25.2243 33.6782 23.5491 23.4552 23.0394 22.903
threshold=14.500000000000002 0.70710784196853649 1.5000000000000002 0.0065365352202206859 0.70710784196853649 0.44575163722038275 1.0000000180025095e-35 1.5000000000000002 46.500000000000007 1.5000000000000002 0.69282051920890819 0.45923791825771337 0.97570812702178966 1.0000000180025095e-35 0.080540537834167494 0.55829057097435009 1.0000000180025095e-35 1.0000000180025095e-35 7.5000000000000009 1.5000000000000002 0.89296945929527294 1.0000000180025095e-35 0.63068181276321422 0.85270008444786083 0.71122565865516674 0.85092595219612133 0.99425286054611217 0.57932874560356151 38.500000000000007 0.8441295623779298
decision_type=2 2 2 2 2 2 2 2 2 2 2 2 2 2 2 2 2 2 2 2 2 2 2 2 2 2 2 2 2 2
left_child=2 3 5 -2 19 7 12 9 15 24 -11 -12 17 -6 -9 -8 18 21 -10 -4 -17 26 -23 27 -1 -26 -7 -3 -5 -14
right_child=1 23 4 28 13 6 8 14 16 10 11 -13 29 -15 -16 20 -18 -19 -20 -21 -22 22 -24 -25 25 -27 -28 -29 -30 -31
leaf_value=-0.031527545006750472 -0.028311418389415983 0.0052586534832376073 0.1433428191418282 -0.01909113000364766 0.035501555454316672 -0.0022467265423617511 -0.03249583039646075 -0.021841179688051028 0.0056921743209603784 -0.040575422397463326 0.10075722952803171 -0.031079892025174329 0.052890152789589528 0.00098168709688531224 0.020391831460110948 0.043570460392166839 0.018111036230493285 -0.030390426256701138 -0.049717848569826445 0.036612969715097698 0.017247603026996485 0.043707678760058266 -0.023529640722113686 0.017893593489409675 0.033418924262418562 -0.015040684015567499 0.0097539714618193277 -0.014618913325430492 0.027985627182832276 0.0072028669736931977
leaf_weight=43.735178968287073 444.25199039530708 291.23479281575419 7.1678552420344195 41.871121690899599 114.01030496926978 2097.7483543536509 21.640468294848688 70.649461485561915 53.488001067191362 325.19883892528014 13.32506457401905 20.080240553186741 54.679558844771236 344.9019119287841 256.61609055683948 284.27341905847425 99.956868993642274 111.11822067422327 58.907821054104716 102.737043738598 165.77501160884276 16.243003182928078 208.37622569693485 153.80807335767895 77.969549245608505 64.853725606575608 506.67575813399162 300.78159104054794 65.265832041273825 54.787886199075729
leaf_count=19338 92087 5910 135 6690 1502 105236 4316 4652 1353 119425 447 4451 822 9216 9738 11133 4419 1843 680 3052 10718 711 17273 3539 3673 531 15676 3410 5378 712
internal_value=-0.000165383 -0.0089928 0.00204872 -0.0209448 0.0164817 0.000263178 0.00260623 -0.00975572 0.0200431 -0.0223546 -0.0346144 0.0229087 -0.0013102 0.00961621 0.0112359 0.0308242 -0.00393667 -0.00249686 -0.0235311 0.0448035 0.0339342 -0.00139092 -0.0184953 -0.000140441 0.00127001 0.0114626 9.0788e-05 -0.00484802 0.00958075 0.0302961
internal_weight=6472.13 1297.21 5174.92 551.389 568.817 4606.1 3733.67 872.428 684.042 545.163 358.604 33.4053 3049.63 458.912 327.266 471.689 212.353 2940.16 112.396 109.905 450.048 2829.04 224.619 745.824 186.558 142.823 2604.42 592.016 107.137 109.467
internal_count=468066 117014 351052 104155 13905 337147 174892 162255 32619 147865 124323 4898 142273 10718 14390 26167 6452 140739 2033 3187 21851 138896 17984 12859 23542 4204 120912 9320 12068 1534
is_linear=0
shrinkage=0.05


Tree=114
num_leaves=31
num_cat=0
split_feature=33 44 51 45 56 49 31 43 28 50 58 12 52 56 33 58 38 40 56 58 55 54 50 43 8 54 29 21 49 42
split_gain=48.8762 48.3893 55.0611 40.0732 76.4426 42.4245 39.7921 33.9019 32.0171 44.0444 49.9655 40.9315 50.6068 31.9304 31.8295 35.9412 31.4037 44.0104 38.6503 34.4584 34.4102 35.265 29.5715 27.5499 25.1607 37.2664 25.1552 65.6493 24.465 22.8095
threshold=6.5000000000000009 1.0000000180025095e-35 0.99425286054611217 1.0000000180025095e-35 0.54585504531860363 0.48528139293193823 0.57200461626052868 0.0019348860951140525 2.5000000000000004 0.95488464832305919 3.5000000000000004 1.0000000180025095e-35 0.99425286054611217 0.97740960121154796 7.5000000000000009 1.5000000000000002 12.500000000000002 0.86811593174934398 0.95898419618606578 1.5000000000000002 0.81977394223213207 0.61128804087638866 0.69631093740463268 0.06250630691647531 1.0000000180025095e-35 0.961643546819687 47.500000000000007 20.500000000000004 0.08856209367513658 0.0023658595746383075
decision_type=2 2 2 2 2 2 2 2 2 2 2 2 2 2 2 2 2 2 2 2 2 2 2 2 2 2 2 2 2 2
left_child=1 3 6 8 -5 23 7 29 11 10 -10 26 -13 24 22 -16 20 19 -19 -18 21 -9 -2 -6 25 -7 -1 -28 -17 -3
right_child=14 2 -4 4 5 13 -8 16 9 -11 -12 12 -14 -15 15 28 17 18 -20 -21 -22 -23 -24 -25 -26 -27 27 -29 -30 -31
leaf_value=0.017732525076744124 -0.040451391592872699 -0.014678938637611924 0.034758191496302972 -0.04156421985990523 -0.036720055738422581 -0.00024005957746754474 0.032376133765643793 -0.015801932267464191 -0.020776818600927366 0.0054572817761600568 0.054398573757070384 -0.060450139369477435 0.0049746020857692058 0.039424071284869661 -0.025774308310159269 -0.046364076302805216 -0.019254743776493034 0.033378651402866222 9.6762733977709793e-05 0.012802992087116775 0.0052471414227326912 0.030224834621087222 0.0044693064206571594 0.022241141828932009 -0.010937341610772656 0.044042366201686271 0.18700341477337126 0.030622313687238997 0.038655365326710697 0.0042084197266551151
leaf_weight=233.63016966497526 164.21522784169065 396.29190534050576 152.33495743339881 161.73959125892725 145.48697114613606 531.51232410082594 116.74897190910997 47.264147841662634 385.79681617068127 514.65555203182157 22.497158323414624 30.622130670933984 451.68881896440871 43.688745863735676 63.312267725123093 9.0351312480634061 350.04835144832032 129.71619587158784 262.24537339480594 109.34457526030019 697.12205244787037 316.31224880431546 46.837195813714061 22.228767020802479 587.08130917884409 51.173773948103189 7.1757815266610114 40.963796366064344 57.114723169943318 266.85758741444442
leaf_count=17840 29065 33110 16426 92085 48774 11107 8456 24216 63898 12462 1578 1260 9999 519 16589 1234 14232 1559 3633 4334 16592 10477 1871 1379 13034 490 993 2430 2082 6050
internal_value=-0.000176323 0.000858333 0.00561298 -0.00332905 -0.00914996 -0.00532682 0.00395138 0.00265065 0.00199687 -0.00426876 -0.0165118 0.00956095 0.000704276 -0.00205871 -0.0185814 0.000947187 0.00602868 -0.00112395 0.011168 -0.0116131 0.0117653 0.0242145 -0.0305084 -0.0288199 -0.00364037 0.00371779 0.024665 0.057264 0.0265254 -0.0070836
internal_weight=6414.74 6074.23 2844.29 3229.94 1542.91 1381.17 2691.95 2575.2 1687.03 922.95 408.294 764.081 482.311 1213.46 340.515 129.462 1912.05 851.354 391.962 459.393 1060.7 363.576 211.052 167.716 1169.77 582.686 281.77 48.1396 66.1499 663.149
internal_count=467774 416933 139085 277848 167388 75303 122659 114203 110460 77938 65476 32522 11259 25150 50841 19905 75043 23758 5192 18566 51285 34693 30936 50153 24631 11597 21263 3423 3316 39160
is_linear=0
shrinkage=0.05


Tree=115
num_leaves=31
num_cat=0
split_feature=38 43 35 56 55 50 56 42 32 28 44 58 50 12 1 52 49 50 21 50 43 51 51 48 56 35 13 29 58 21
split_gain=50.0983 53.1849 76.9983 64.3957 60.6571 59.132 57.7737 41.8394 47.5003 38.5723 37.1507 35.3242 33.1482 42.3006 41.2726 36.4551 31.4176 28.2001 26.2767 24.8959 24.6599 24.3311 24.8209 23.0981 22.7642 22.7295 22.2872 21.9271 20.5569 27.0359
threshold=20.500000000000004 0.0079224249348044413 0.46428571641445165 0.63743132352828991 0.77869352698326122 0.87298336625099193 0.98219570517539989 0.0028992209117859606 2.5000000000000004 5.5000000000000009 1.5000000000000002 1.5000000000000002 0.982753485441208 1.0000000180025095e-35 1.0000000180025095e-35 0.93582704663276683 0.080540537834167494 0.55217784643173229 25.500000000000004 0.091431558132171645 0.0018778014346025886 0.99425286054611217 0.95945203304290783 1.0000000180025095e-35 0.75056561827659618 0.64583334326744091 1.0000000180025095e-35 34.500000000000007 2.5000000000000004 15.500000000000002
decision_type=2 2 2 2 2 2 2 2 2 2 2 2 2 2 2 2 2 2 2 2 2 2 2 2 2 2 2 2 2 2
left_child=1 2 3 -1 9 10 7 12 26 11 20 17 13 14 -4 -14 19 -3 24 -6 -5 22 28 -17 -19 -24 27 -9 29 -18
right_child=-2 4 6 5 16 -7 -8 8 -10 -11 -12 -13 15 -15 -16 23 21 18 -20 -21 -22 -23 25 -25 -26 -27 -28 -29 -30 -31
leaf_value=-0.043790235263958872 -0.024398128541024338 -0.026214755637377758 0.0085477117145545314 -0.033525176682954086 0.0090492600009828752 0.045380943375280987 0.032213832435957102 0.0054882699218337973 -0.0049538610554734127 0.0039794814716547621 0.0068977873911698021 0.062150858552775648 0.078065801788802444 -0.031583655844676095 -0.026053295117467942 -0.0038212265512232524 0.016933655211872914 0.081124458895558818 0.01059440293805664 -0.055309615931381062 -0.011182259241968376 0.042806649661769648 -0.098284912302451899 0.022186134319228265 0.030583412286901913 0.007908272606887581 0.046702417912454212 0.023416366659133069 0.021913064756947369 -0.0017206969150009761
leaf_weight=163.3764663147158 206.18464095855597 24.966656254604459 228.70612305862596 195.05517754366156 23.313671774929389 45.552281110547483 140.52839184505865 488.74921018240275 572.2701356477337 178.68064846342895 178.77755265170708 77.875006987364031 13.560172313824294 235.94529383513145 136.97791299439268 989.40215488668764 235.70559820975177 32.127019121253397 99.663614187855273 40.034378720331006 338.23633366479771 37.997633025748655 10.530082453042271 92.431638892390765 75.432218637084588 8.7040488412603718 47.772643756237812 261.69017961027566 136.99070716870483 1081.6851177024655
leaf_count=138512 34971 8474 6559 28858 253 877 6214 25543 13083 23529 3564 3625 425 13272 23749 40647 4389 1309 2904 592 34437 5881 177 5497 1397 317 3098 14394 1311 20070
internal_value=-0.000212497 0.000596562 -0.00267925 -0.015414 0.00714887 -0.00924514 0.000980441 -0.000460453 0.0060351 0.0225177 -0.0127984 0.0331535 -0.00570659 -0.0151252 -0.00444884 -0.000524458 0.00236834 0.0232031 0.0292544 -0.0318514 -0.0194018 0.00382251 0.00278895 -0.00158073 0.0462878 -0.0522133 0.0139099 0.0117629 0.00355173 0.00162722
internal_weight=6398.92 6192.74 4129.03 920.998 2063.71 757.621 3208.03 3067.51 1370.48 488.745 712.069 310.065 1697.02 601.629 365.684 1095.39 1574.96 232.19 207.223 63.3481 533.292 1511.61 1473.62 1081.83 107.559 19.2341 798.212 750.439 1454.38 1317.39
internal_count=467928 432957 358729 206248 74228 67736 152481 146267 56118 41238 66859 17709 90149 43580 30308 46569 32990 14084 5610 845 63295 32145 26264 46144 2706 494 43035 39937 25770 24459
is_linear=0
shrinkage=0.05


Tree=116
num_leaves=31
num_cat=0
split_feature=38 8 56 29 45 27 51 53 39 51 28 36 36 50 12 50 43 25 58 42 21 34 12 43 13 29 52 52 56 51
split_gain=46.6318 46.9856 35.6979 48.8155 44.5557 36.3704 36.4494 34.7781 65.771 32.2049 31.5004 43.3166 56.3415 54.7341 51.5849 59.1063 37.1703 36.5042 34.3929 37.3584 33.9992 30.22 31.2028 30.1152 29.5559 32.7566 28.7926 28.1543 27.0489 26.0566
threshold=23.500000000000004 1.0000000180025095e-35 0.89676070213317882 1.0000000180025095e-35 1.0000000180025095e-35 5.5000000000000009 0.42163743078708654 0.20626738667488101 0.13714733719825747 0.83910790085792553 4.5000000000000009 0.94444444775581371 0.47222222387790685 0.62593284249305736 1.0000000180025095e-35 0.9941176474094392 0.14298191666603091 1.5000000000000002 1.5000000000000002 0.0024883691221475606 26.500000000000004 0.38750000298023229 1.0000000180025095e-35 0.015388277824968101 1.0000000180025095e-35 38.500000000000007 0.94665718078613292 0.89825496077537548 0.7146558165550233 0.30068494379520422
decision_type=2 2 2 2 2 2 2 2 2 2 2 2 2 2 2 2 2 2 2 2 2 2 2 2 2 2 2 2 2 2
left_child=1 10 7 4 -4 6 -5 -3 -9 -7 18 12 13 16 17 -16 28 -13 19 21 29 26 -23 -10 25 -21 -1 -24 -12 -15
right_child=-2 2 3 5 -6 9 -8 8 23 -11 11 14 -14 20 15 -17 -18 -19 -20 24 -22 22 27 -25 -26 -27 -28 -29 -30 -31
leaf_value=-0.0091186566037732269 -0.041833772278909331 0.0003213028655954203 0.0003956548586135255 -0.010174826264969067 -0.034721566213683379 -0.004638120511924324 0.030939381485030112 -0.046821644008680462 -0.015035303992402682 0.014930592829233988 -0.044761461587709134 -0.021845730027672892 -0.023606423681007339 -0.0080551766013774954 -0.045547331812386488 0.012950340277574267 0.043927914441484119 0.057769910500000035 0.030443268850794694 0.0063887595507004487 -0.00079927783006527751 0.02678007538085167 -0.051145816265560577 0.0081937384515863489 0.048232840612631146 0.033927834459541915 -0.076764320944677 0.0030767338356054129 -0.0065933596194919595 0.059601067758610883
leaf_weight=288.58925470057875 65.742910568485968 551.40661097911652 202.69602356199175 70.692485433770344 161.89364894642495 733.14465443615336 220.56929774279706 141.25929882662604 635.33150976971956 293.63451005378738 55.436969992646482 16.966821852663998 342.04982876731083 17.310638578492217 52.951610250282101 215.32091348024551 30.118372891913168 79.72450559376739 162.90744324732805 524.89876075193752 63.403779604414012 142.62700262165163 24.016999767278321 178.01640532509191 60.998003339744173 135.1819976195693 15.67417532391846 555.22137840656796 264.38419992988929 73.654242919117678
leaf_count=38429 16119 27409 6635 3011 2368 13348 5224 80566 68058 7931 50968 3795 26303 816 2892 7236 385 2956 6092 18233 5094 3897 1576 9800 5646 5183 232 25523 18035 4403
internal_value=-0.000259585 0.000180124 -0.00408807 0.00091733 -0.0152502 0.00539769 0.0209598 -0.00967738 -0.0154472 0.00096715 0.00454013 -0.00176658 -0.00797383 0.0026548 0.0126106 0.0012778 -0.0082892 0.0437188 0.00853844 0.00647982 0.0273575 0.000348082 0.00591835 -0.00994737 0.015193 0.0120714 -0.0128435 0.000744229 -0.0133282 0.0467785
internal_weight=6375.82 6310.08 3188.64 1682.63 364.59 1318.04 291.262 1506.01 954.607 1026.78 3121.44 1211.32 846.358 504.308 364.964 268.273 349.94 96.6913 1910.12 1747.21 154.369 1026.13 721.865 813.348 721.079 660.081 304.263 579.238 319.821 90.9649
internal_count=468163 452044 224350 38517 9003 29514 8235 185833 158424 21279 227694 122883 106004 79701 16879 10128 69388 6751 104811 98719 10313 69657 30996 77858 29062 23416 38661 27099 69003 5219
is_linear=0
shrinkage=0.05


Tree=117
num_leaves=31
num_cat=0
split_feature=21 39 31 50 36 49 55 52 20 45 49 28 42 25 58 20 21 42 58 52 50 50 28 49 50 28 51 51 22 55
split_gain=49.7994 56.7048 76.1301 57.3778 70.7708 61.1279 42.8827 52.5765 113.375 51.2282 45.3381 58.2454 48.0215 42.2126 70.9603 59.8616 44.8648 40.6371 35.3964 81.7479 76.4352 93.1656 93.4861 74.7846 98.3795 51.2381 54.4146 37.9192 37.1915 36.8818
threshold=23.500000000000004 0.15075758099555972 0.56329935789108287 0.54261502623558056 0.15476191043853763 0.58380147814750682 0.72192236781120311 0.99425286054611217 19.500000000000004 1.0000000180025095e-35 0.62988328933715831 8.5000000000000018 0.0011712140985764565 1.5000000000000002 1.5000000000000002 24.500000000000004 5.5000000000000009 0.0039075338281691083 2.5000000000000004 0.80243903398513805 0.89022758603096019 0.20204082131385806 3.5000000000000004 0.77003204822540294 0.87026646733284008 6.5000000000000009 0.77003204822540294 0.080540537834167494 38.500000000000007 0.76484143733978283
decision_type=2 2 2 2 2 2 2 2 2 2 2 2 2 2 2 2 2 2 2 2 2 2 2 2 2 2 2 2 2 2
left_child=1 2 -1 13 5 -5 17 10 9 -9 11 -8 -12 16 -15 -16 -3 -6 19 20 21 22 29 25 28 26 -21 -20 -25 -2
right_child=18 3 -4 4 6 -7 7 8 -10 -11 12 -13 -14 14 15 -17 -18 -19 27 23 -22 -23 -24 24 -26 -27 -28 -29 -30 -31
leaf_value=-0.032820601608380288 0.052979827753902156 -0.053347563385811141 0.0024245944995662135 0.012722959284206923 0.012157845213762326 0.06219482506847003 0.032840962538486763 0.042676015782544853 0.051095027264011689 -0.008874647848813479 -0.034201664279276137 -0.050760650903773213 0.00074101014727879816 -0.033667977652464175 0.02854524316210863 -0.056185161026517542 0.019569833643603537 0.050343508357574424 -0.02493395445617845 0.055748468454999936 0.055065973337729106 -0.037981660982550555 -0.041343362179233102 0.0071407905792991583 -0.0011556394275338553 -0.0038415871333462729 0.011854011221720334 0.018838228057066871 -0.043782522559231332 0.0046807025888211014
leaf_weight=204.21196998958476 56.945007842616178 22.539747840899508 604.18423707049806 121.89978883508593 196.88302804029081 128.40967936901143 115.38400724355597 57.036648367997259 157.26360783772543 283.12429138366133 178.46355414250866 24.444794053677469 217.3847219387535 210.14091810642276 109.9823006275692 24.699988295615185 204.72128126991447 107.62008568114834 59.106222349277232 116.20847794046858 31.334249719744548 435.49555412156042 93.017463019117713 43.070741494419053 1550.1987900423119 193.00674951943802 179.39777463098289 280.8714177411166 205.67155488196295 125.04146162199322
leaf_count=112381 5254 2056 48127 8008 6437 2404 1274 6899 7212 3186 2701 325 2868 47383 3151 2664 12128 2814 5610 3083 477 91584 9683 1130 44184 7696 5859 13779 5898 1324
internal_value=6.10397e-05 0.00478221 -0.00650837 0.00900885 0.0138979 0.0382487 0.00931593 0.00444463 0.0161343 -0.000131111 -0.00642017 0.0179691 -0.015059 -0.00456213 -0.0155705 0.0127066 0.0121359 0.0257744 -0.00409847 -0.00581596 -0.0202272 -0.0236205 -0.000822883 -0.00113574 -0.00584826 0.016191 0.0292395 0.0111775 -0.0349717 0.0200008
internal_weight=6337.76 2968.39 808.396 2160 1587.91 250.309 1337.6 1033.1 497.425 340.161 535.677 139.829 395.848 572.084 344.823 134.682 227.261 304.503 3369.37 3029.39 741.834 710.499 275.004 2287.55 1798.94 488.613 295.606 339.978 248.742 181.986
internal_count=467579 272018 160508 111510 44128 10412 33716 24465 17297 10085 7168 1599 5569 67382 53198 5815 14184 9251 195561 176172 108322 107845 16261 67850 51212 16638 8942 19389 7028 6578
is_linear=0
shrinkage=0.05


Tree=118
num_leaves=31
num_cat=0
split_feature=38 44 48 39 49 43 48 22 21 35 52 22 50 41 35 56 36 42 50 58 35 51 54 29 21 52 34 49 21 54
split_gain=45.3446 44.2878 63.4636 51.051 38.8662 85.8902 69.5908 84.5661 38.3023 55.0067 41.3676 38.2302 36.5711 33.8133 31.9024 29.4056 28.444 55.9669 37.4492 27.7644 26.6058 26.0459 25.8283 25.5152 25.3555 25.0106 24.8921 24.8891 24.2307 23.4702
threshold=17.500000000000004 1.5000000000000002 1.0000000180025095e-35 0.45227272808551794 0.49253065884113317 0.0087726591154932993 1.0000000180025095e-35 46.500000000000007 27.500000000000004 0.88194444775581371 0.91331186890602123 50.500000000000007 0.9941176474094392 0.58957219123840343 0.64583334326744091 0.7557305395603181 0.26785714924335485 0.0034866230562329297 0.71330726146698009 2.5000000000000004 0.46428571641445165 0.55351883172988903 0.55829057097435009 39.500000000000007 28.500000000000004 0.26365442574024206 0.63068181276321422 0.92390406131744396 11.500000000000002 0.85786435008049022
decision_type=2 2 2 2 2 2 2 2 2 2 2 2 2 2 2 2 2 2 2 2 2 2 2 2 2 2 2 2 2 2
left_child=1 4 -3 -4 5 15 8 22 9 16 12 -12 -11 23 -10 -1 18 -18 -6 21 -17 25 -8 -2 -9 -7 27 -16 -27 -24
right_child=13 2 3 -5 6 19 7 24 14 10 11 -13 -14 -15 26 20 17 -19 -20 -21 -22 -23 29 -25 -26 28 -28 -29 -30 -31
leaf_value=-0.041026646553063706 -0.050990255529084941 0.03228504883687984 0.041233001417348286 -0.0037971859754869423 -0.012058414034160206 0.007813123758208208 -0.026212666054933432 0.0059521336182690931 -0.030360896316849208 -0.030374389471386012 -0.0044814146763171138 0.015519482429872146 0.062346959124636871 -0.005248400858953361 0.0044998801707175516 -0.018351985044709695 -0.008660341389469299 0.024225344094311787 0.065827539436208601 0.028244055227526023 0.042039655904367063 0.083003885184132292 0.042528256641094435 -0.013725190421605775 -0.025823506342602651 0.021846341842249754 -0.009232939203246018 0.062464112254486628 -0.033315299118263107 0.018773532948275416
leaf_weight=157.74613331985893 87.339372106536757 255.63085055642296 71.510598351596855 476.0699204497505 21.213072149665095 196.77999227982946 19.609556960815098 151.79917998053133 151.9114330537268 175.6085179533693 1011.7821505555185 311.67960092023714 10.3970891329227 362.57554410828743 135.98538466839818 375.81632969470229 217.55190135835437 316.73290042509325 53.066050923545845 111.83790184563259 18.237106116372161 8.0547947791055758 224.70233642309904 97.823700839129742 105.7088588157203 24.684466313978191 840.03468742972473 20.475731971906498 90.554160977539141 197.91979404445738
leaf_count=136018 37658 3518 2595 12442 4731 9004 3720 4975 14835 6510 35540 7558 193 9254 2777 28388 31762 27427 1606 3245 399 206 8853 21169 3307 1605 18797 294 17076 12454
internal_value=-0.00042484 0.000884888 0.0117676 0.00214792 -0.000883055 -0.00977404 0.00132404 0.0156218 -0.00174268 0.00224431 -0.0028732 0.000237024 -0.0248859 -0.0141579 -0.00909153 -0.0228282 0.0149215 0.0108437 0.0437197 0.00691786 -0.0154577 -0.000598554 0.0288628 -0.0314822 -0.00714142 -0.00301504 -0.00582192 0.0124341 -0.0214132 0.0314742
internal_weight=6300.84 5753.1 803.211 547.581 4949.89 983.711 3966.18 699.74 3266.44 2118.03 1509.47 1323.46 186.006 547.739 1148.41 551.8 608.564 534.285 74.2791 431.911 394.053 320.073 442.232 185.163 257.508 312.019 996.496 156.461 115.239 422.622
internal_count=467916 399835 18555 15037 381280 195941 185339 33309 152030 115327 49801 43098 6703 68081 36703 164805 65526 59189 6337 31136 28787 27891 25027 58827 8282 27685 21868 3071 18681 21307
is_linear=0
shrinkage=0.05


Tree=119
num_leaves=31
num_cat=0
split_feature=46 38 33 58 50 25 21 52 30 21 20 41 19 33 21 36 49 50 52 33 58 43 55 39 49 28 49 22 54 50
split_gain=44.6378 43.236 40.9907 40.0707 62.244 101.857 63.9988 53.0844 47.6977 53.2518 45.6767 44.3925 75.6425 40.0395 37.8126 29.696 28.7091 27.7259 26.9912 26.8708 27.7882 26.2777 23.1202 22.7512 22.0873 18.9616 17.9661 16.972 16.7647 13.9517
threshold=1.0000000180025095e-35 23.500000000000004 6.5000000000000009 1.5000000000000002 0.54261502623558056 1.5000000000000002 29.500000000000004 0.81661397218704235 0.42740046977996832 34.500000000000007 32.500000000000007 0.21807064861059192 1.0000000180025095e-35 4.5000000000000009 6.5000000000000009 0.23611111193895343 0.80982521176338207 0.89699381589889537 0.62115561962127697 7.5000000000000009 1.5000000000000002 0.0018988449592143299 0.65678957104682933 0.83771929144859325 0.51316702365875255 1.5000000000000002 0.08856209367513658 119.50000000000001 0.98048734664917003 0.63702240586280834
decision_type=2 2 2 2 2 2 2 2 2 2 2 2 2 2 2 2 2 2 2 2 2 2 2 2 2 2 2 2 2 2
left_child=1 2 3 4 5 14 11 17 9 10 15 12 -6 -13 -1 -5 -9 -8 23 24 29 -16 -11 -7 27 -12 -22 -4 -2 -21
right_child=28 -3 19 8 6 18 7 16 -10 22 25 13 -14 -15 21 -17 -18 -19 -20 20 26 -23 -24 -25 -26 -27 -28 -29 -30 -31
leaf_value=-0.034948744210090595 -0.033644851566280214 -0.040469973201772147 -0.039809914071339852 0.01307422986810204 -0.029947840685865867 -0.044429821256913679 -0.042143881285386688 0.0085106734778966752 -0.051002731709976469 0.10506231685882308 0.002091000330547758 0.0074110072778807131 0.003974775431876936 0.028266499347956289 -0.019811685750382911 0.083132626201680881 -0.0088242264850018695 0.046184241992892623 0.044695728129396539 -0.046148312550472685 -0.041079911790517509 0.026774328477870882 0.039726332311861269 -0.00070845233897667771 0.0017738629003431336 -0.066367189313550498 0.034984981729833713 0.073499282083400605 0.063324061336326204 0.0024930040638787062
leaf_weight=40.261077978066169 116.23151553294156 62.594200996041764 145.37113673606655 385.44384509901283 203.81992865313077 238.25435106852092 129.87895535107236 340.6667499281466 25.408204632112756 16.52122192364186 16.788091978640296 2142.8322968892753 830.53608682035701 257.08270075765904 36.76195860398002 14.797318278346209 793.13968150451547 8.724591431906445 9.1868582699098607 29.734559863165487 8.1497674351558071 155.34104376513278 73.491277523688041 34.018226382788271 47.280651382985525 24.221935292705894 55.100928740110248 2.4945932406699276 3.7370015757624051 28.1439494661754
leaf_count=4305 4262 16051 26179 17483 90294 99329 15341 10157 3870 2165 573 60955 39033 10966 7158 160 20397 120 923 14505 1149 11263 1385 1026 3172 2060 1870 91 34 1670
internal_value=-4.7004e-05 0.000543966 0.000971848 0.00193249 0.000571497 -0.0159351 0.0023765 -0.00719837 0.0146721 0.017903 0.0106931 0.00592509 -0.00273215 0.00965592 0.0085522 0.0158651 -0.00361282 -0.0362929 -0.0361097 -0.0165263 0.00197435 0.0178029 0.0527409 -0.0389898 -0.0279614 -0.0389601 0.0246973 -0.0374174 -0.0301258 -0.0228554
internal_weight=6276.01 6156.05 6093.45 5777.18 5220.5 513.824 4706.68 1272.41 556.672 531.264 441.251 3434.27 1034.36 2399.91 232.364 400.241 1133.81 138.604 281.459 316.276 121.129 192.103 90.0125 272.273 195.146 41.01 63.2507 147.866 119.969 57.8785
internal_count=467946 463650 447599 398963 371267 124004 247263 46015 27696 23826 20276 201248 129327 71921 22726 17643 30554 15461 101278 48636 19194 18421 3550 100355 29442 2633 3019 26270 4296 16175
is_linear=0
shrinkage=0.05


Tree=120
num_leaves=31
num_cat=0
split_feature=21 39 23 49 35 50 42 40 20 49 52 20 30 50 49 52 58 21 28 36 35 37 50 21 43 24 51 0 21 33
split_gain=46.7158 48.2259 63.2331 45.4262 65.2008 77.615 43.8672 41.469 39.6379 37.1154 70.7081 65.0867 36.0029 34.9915 95.2163 76.3181 139.901 55.927 50.0898 47.6117 60.9675 37.7922 33.7117 40.1635 32.9828 32.6531 32.3457 32.0592 35.4568 31.5575
threshold=23.500000000000004 0.15075758099555972 12.500000000000002 0.42933948338031774 0.13392857462167743 0.72065573930740368 0.0023658595746383075 0.38675214350223547 25.500000000000004 0.63349834084510814 0.99425286054611217 19.500000000000004 0.24780701845884326 0.88548010587692272 0.78319624066352855 0.79759037494659435 1.5000000000000002 31.500000000000004 1.5000000000000002 0.70714285969734203 0.81666666269302379 6.5000000000000009 0.28831169009208685 12.500000000000002 0.12253588065505029 2.5000000000000004 0.83414238691329967 1.5000000000000002 31.500000000000004 6.5000000000000009
decision_type=2 2 2 2 2 2 2 2 2 2 2 2 2 2 2 2 2 2 2 2 2 2 2 2 2 2 2 2 2 2
left_child=1 2 -1 22 5 -5 9 -8 -2 12 -11 -12 -6 14 15 16 -10 18 -18 20 25 -21 -3 24 -24 -15 -9 -17 -29 -19
right_child=8 3 -4 4 6 -7 7 26 13 10 11 -13 -14 19 -16 27 17 29 -20 21 -22 -23 23 -25 -26 -27 -28 28 -30 -31
leaf_value=0.0030258033943777458 -0.012538347547275154 0.013714298684966937 -0.027941372954188061 0.0029753289069397101 0.0512208492222192 0.064029294363624742 0.0593628445156704 0.0033432104510135899 -0.039471738752344498 -0.025489987921733088 -0.0043637403659868975 0.041139780326485957 -0.011066226071825697 -0.018524539066556257 -0.034831305507278115 -0.020595607069324881 0.016902179283861205 0.034346821153011346 -0.037480224996009552 -0.0030838975586676832 0.062497014348941463 0.030697808134877387 -0.0042041838738388539 -0.031118464208651858 0.063602861459009813 0.028540154309622048 0.02792214813510803 0.044640229578431133 0.0081205727831833076 0.00038256879497472766
leaf_weight=560.16485160536831 1003.8738398900023 195.02449206408346 232.49181165540358 89.506995397037826 62.737030086282175 123.74215958663262 55.959951234224718 297.08109992498066 241.48641763022169 238.04969959292794 260.40771587181371 111.45133218425326 35.996681175660342 65.76350883487612 236.74944155145204 39.344161048298702 71.626436123566236 173.27699683752144 100.97568184428383 766.44761071127141 75.996020705322735 91.801855180412531 225.89219442108879 158.04832401807653 18.473576416145079 81.38687983143609 243.08797433436848 139.72789019776974 126.96887688047718 112.60165794513887
leaf_count=35034 80112 11543 125781 7578 1325 2202 1612 4673 43548 4060 7194 4355 1545 1699 5834 2508 2628 6954 6525 24265 1795 3471 19214 37709 200 1729 8158 4357 3349 6844
internal_value=-0.000196142 0.00443252 -0.00608085 0.00837286 0.012967 0.0385366 0.00876164 0.0187452 -0.0042409 0.000348605 -0.00426883 0.00934806 0.0286287 -0.000653127 -0.00637367 0.000351365 -0.00875443 0.00747538 -0.0149452 0.00592082 0.0264407 0.000561052 -0.00330246 -0.011563 0.00116022 0.00752324 0.0144354 0.0211385 0.0273493 0.021017
internal_weight=6236.14 2908.12 792.657 2115.46 1518.02 213.249 1304.77 596.129 3328.03 708.642 609.909 371.859 98.7337 2324.15 1242.76 1006.01 699.967 458.481 172.602 1081.4 223.146 858.249 597.439 402.414 244.366 147.15 540.169 306.041 266.697 285.879
internal_count=467801 272183 160815 111368 42702 9780 32922 14443 195618 18479 15609 11549 2870 115506 82547 76713 66499 22951 9153 32959 5223 27736 68666 57123 19414 3428 12831 10214 7706 13798
is_linear=0
shrinkage=0.05


Tree=121
num_leaves=31
num_cat=0
split_feature=28 36 34 56 12 50 42 59 50 13 52 49 50 32 52 50 52 28 29 39 24 32 51 20 0 51 36 49 6 22
split_gain=39.6728 68.8843 78.5161 72.9185 67.6504 95.9596 50.9731 48.0078 55.9784 45.6099 45.1659 44.6328 42.9654 41.2747 38.861 37.3423 83.9549 37.3124 37.1734 43.2998 34.2231 42.0422 37.9358 33.1632 39.0281 32.5912 45.9576 33.8714 33.0425 30.9938
threshold=4.5000000000000009 0.94444444775581371 0.63068181276321422 0.64019703865051281 1.0000000180025095e-35 0.9941176474094392 0.0024883691221475606 1.0000000180025095e-35 0.49089705944061285 1.0000000180025095e-35 0.94494947791099559 0.0745370388031006 0.10300619155168535 1.5000000000000002 0.12579113990068438 0.71330726146698009 0.64747309684753429 7.5000000000000009 38.500000000000007 0.080540537834167494 2.5000000000000004 1.0000000180025095e-35 0.99425286054611217 27.500000000000004 8.5000000000000018 0.84262126684188854 0.78888890147209179 0.77459675073623668 1.5000000000000002 31.500000000000004
decision_type=2 2 2 2 2 2 2 2 2 2 2 2 2 2 2 2 2 2 2 2 2 2 2 2 2 2 2 2 2 2
left_child=6 2 3 -2 13 -6 7 14 -9 18 -7 -5 -13 -3 -1 -14 -17 -12 19 -8 23 -22 -23 -10 -25 27 -27 -21 -28 -19
right_child=1 4 -4 11 5 10 9 8 20 -11 17 12 15 -15 -16 16 -18 29 -20 25 21 22 -24 24 -26 26 28 -29 -30 -31
leaf_value=0.0073255908892021857 -0.036174373376375871 -0.026328274369979556 -0.032344575825214654 -0.042749819248590809 -0.047383696202675574 0.065561430757869285 -0.015226843843104685 -0.036588375555209128 -0.0028892326576237743 0.040805254022051811 -0.019495149138627311 0.054609670113400101 -0.0074821874417048059 0.044071470890620267 0.049530853892641405 0.052613942767008925 -0.001337151604967759 0.081680064498151073 0.026575846684837631 0.010689576384715122 0.046246180477960766 -0.0054999140172676949 0.019642046552749311 -0.028672964214675717 0.027446350543602116 0.039641320700007851 0.026399152137585497 -0.021424223992604147 -0.0057656073713963623 0.010202952390382936
leaf_weight=415.32918021065416 166.15180836420041 23.393756492529064 336.12691691546934 59.227050892834086 91.119275826320518 31.636465454241261 228.98815233493224 128.05718840361806 829.12381097540492 113.68291235400829 114.13285207404988 35.748661095625721 674.28870064014336 153.14874084398616 61.886183324793819 94.754447982064448 291.81098650995409 15.22098192386329 218.83685479644919 196.12094362435164 57.846192518656608 486.32863649982028 215.78922900860198 267.31395314988913 34.225044928956777 157.78268985426985 130.77444498357363 139.74805366364308 201.91530904895626 242.68086697848048
leaf_count=16954 135353 5990 5602 6179 5189 794 25217 39901 52316 11243 2356 1155 61260 5852 1880 1766 6641 617 9012 4552 4768 18477 11653 13586 975 1528 2646 1313 3089 10278
internal_value=-0.000177047 -0.00533467 -0.0108039 -0.00530667 0.00816964 -0.00132837 0.00291703 -0.00135487 -0.00472729 0.010595 0.00915893 -0.000841968 0.00145834 0.034647 0.012891 -0.000382492 0.0119889 0.00419978 0.00786975 0.0039693 -0.00255106 0.00564985 0.00224417 -0.00806334 -0.0222337 0.00930073 0.0175049 -0.00269624 0.00691901 0.0147206
internal_weight=6213.19 2329.44 1658.11 1321.98 671.333 494.79 3883.75 2495.9 2018.68 1387.85 403.671 1155.83 1096.6 176.542 477.215 1060.85 386.565 372.035 1274.17 1055.33 1890.63 759.964 702.118 1130.66 301.539 826.341 490.472 335.869 332.69 257.902
internal_count=468142 249032 217956 212354 31076 19234 219110 160510 141676 58600 14045 77001 70822 11842 18834 69667 8407 13251 47357 38345 101775 34898 30130 66877 14561 13128 7263 5865 5735 10895
is_linear=0
shrinkage=0.05


Tree=122
num_leaves=31
num_cat=0
split_feature=21 51 48 36 37 58 50 51 50 38 49 36 28 45 50 49 35 20 35 49 42 43 51 32 33 33 35 28 51 21
split_gain=44.9066 48.5247 47.1773 63.3805 50.2075 46.7671 108.322 48.2448 49.0725 43.0317 52.9595 83.1426 54.6784 42.7696 39.1404 57.1997 68.8631 49.6786 36.9801 32.8929 32.86 51.1929 33.3013 30.3109 30.2624 52.5564 29.1042 42.5473 29.8383 28.7783
threshold=18.500000000000004 0.91010102629661571 1.0000000180025095e-35 0.81666666269302379 6.5000000000000009 1.5000000000000002 0.53093111515045177 0.080540537834167494 0.095811817795038237 10.500000000000002 0.78319624066352855 0.30952382087707525 10.500000000000002 1.0000000180025095e-35 0.88047617673873912 0.75701916217803966 0.46428571641445165 23.500000000000004 0.64583334326744091 0.84074437618255626 0.003717135870829225 0.0035723183536902074 0.87138131260871898 1.5000000000000002 6.5000000000000009 7.5000000000000009 0.64583334326744091 4.5000000000000009 0.95101958513259899 34.500000000000007
decision_type=2 2 2 2 2 2 2 2 2 2 2 2 2 2 2 2 2 2 2 2 2 2 2 2 2 2 2 2 2 2
left_child=20 5 3 26 13 6 -2 8 -7 10 18 -12 -13 -5 15 16 -11 19 -8 -16 21 22 -1 -4 29 -26 28 -28 -3 -9
right_child=1 2 23 4 -6 7 9 24 -10 14 11 12 -14 -15 17 -17 -18 -19 -20 -21 -22 -23 -24 -25 25 -27 27 -29 -30 -31
leaf_value=-0.015031988168310426 -0.048020441921333416 0.038268783321895115 -0.025245209207781019 0.0042415728154378968 0.04465081179543947 0.0088519650355074336 -0.0026223256492667428 0.011681098779619143 -0.057067206316571251 -0.03596920569279749 0.06503051336063119 -0.015245535900410745 0.044805142618881411 -0.017622238922488376 -0.034308015322551427 -0.040613747745858873 0.0044102988797021462 0.01132479548235998 0.026438892435666796 0.0066114190560181158 0.018708525653082838 0.013651594025991502 0.0080424500970819653 0.03668955671929941 -0.033619190274705064 0.026878967438423003 0.056007692527073077 -0.032825945318643392 -0.048689330237468208 0.044492910925730891
leaf_weight=429.08135083975503 166.6407532938756 18.247250633896329 21.833586799446493 477.14408778061625 50.757773802615702 55.563436424999963 191.86557499237824 346.43094116717111 55.91331612050999 165.4208627716871 36.108064902597107 655.71751829638379 39.272527812980115 419.55912857194198 143.18802145851078 238.03356060030637 288.33111796015874 283.2609064950957 253.37846710119629 74.049877730722073 430.15945729031228 574.33599964092718 244.89539292734116 158.4980457960628 84.557651229551993 60.905848639435135 98.313685317756608 14.923869068152269 19.260132681578398 82.204469254880678
leaf_count=92030 75336 284 595 9091 1534 3613 28017 16253 7440 28556 618 12051 920 19725 4783 8337 22480 9803 6091 2744 31201 43080 14388 14682 6957 2425 1343 136 186 3585
internal_value=-0.000169483 -0.0027732 0.00546535 0.00156263 -0.00323902 -0.00604423 -0.00917662 0.00553586 -0.0244245 -0.00642471 0.00036123 -0.00791484 -0.0117927 -0.00599654 -0.0131146 -0.0208117 -0.0103573 -0.00245548 0.013938 -0.0203934 0.00680764 0.00269498 -0.00664819 0.029093 0.0113858 -0.00827792 0.0315644 0.0441152 -0.00648923 0.0180627
internal_weight=6177.85 4499.38 1278.54 1098.21 947.461 3220.84 2535.27 685.576 111.477 2368.63 1176.34 731.098 694.99 896.703 1192.28 691.786 453.752 500.499 445.244 217.238 1678.47 1248.31 673.977 180.332 574.099 145.463 150.745 113.238 37.5074 428.635
internal_count=468284 287585 47576 32299 30350 240009 199736 40273 11053 124400 47697 13589 12971 28816 76703 59373 51036 17330 34108 7527 180699 149498 106418 15277 29220 9382 1949 1479 470 19838
is_linear=0
shrinkage=0.05


Tree=123
num_leaves=31
num_cat=0
split_feature=38 44 48 56 33 26 23 46 5 50 48 12 30 51 30 56 35 52 32 51 21 47 38 51 20 54 54 7 54 50
split_gain=36.8444 40.7268 43.8496 57.5323 33.8214 30.7606 27.0286 25.4597 24.844 24.1333 64.6265 57.5217 64.0644 63.5546 72.7287 35.8723 28.3937 41.0519 37.138 26.8188 20.4005 19.8426 18.4994 19.5267 18.2161 17.7783 16.934 20.4879 16.5236 15.0597
threshold=17.500000000000004 1.5000000000000002 1.0000000180025095e-35 0.74637374281883251 6.5000000000000009 12.500000000000002 52.500000000000007 1.0000000180025095e-35 2.5000000000000004 0.982753485441208 1.0000000180025095e-35 1.0000000180025095e-35 0.10582306981086732 0.89022758603096019 0.069366481155157103 0.6552698314189912 0.77500000596046459 0.93582704663276683 1.5000000000000002 0.8874824345111848 11.500000000000002 1.0000000180025095e-35 23.500000000000004 0.87559524178504955 21.500000000000004 0.98048734664917003 0.60556918382644664 1.0000000180025095e-35 0.83375209569931041 0.69631093740463268
decision_type=2 2 2 2 2 2 2 2 2 2 2 2 2 2 2 2 2 2 2 2 2 2 2 2 2 2 2 2 2 2
left_child=1 4 20 -4 7 -2 -5 9 21 11 16 12 19 -13 -15 -14 18 -18 -11 -1 -3 -8 23 -7 28 -9 27 -12 -22 -6
right_child=5 2 3 6 29 22 8 25 -10 10 26 13 15 14 -16 -17 17 -19 -20 -21 24 -23 -24 -25 -26 -27 -28 -29 -30 -31
leaf_value=0.0055130303089378956 -0.052579400541528001 0.090763339966956527 0.087202259372094346 0.014943746894342675 -0.028586342021140732 -0.01093501692284281 -0.022274486290705282 -0.027004999167014744 -0.024386452724921317 -0.04410399962359584 0.024389283045246082 -0.044303181165969492 -0.02491031390940766 -0.027551080030162135 0.032242321988734536 -0.0027629989348722647 0.06528505282295749 -0.00029430714531646432 0.046355198439414325 0.024226723074956519 0.033928991569562084 0.01416038875590889 -0.036023703566878895 0.014882466028907229 0.033644336586644598 0.072186394976872195 0.038129692056435543 -0.069359458939779295 -0.018016270140676478 0.00035477653720225984
leaf_weight=779.91640327952337 43.024252505565528 11.829577995871658 18.854114600748289 197.81114483065903 148.71734148744144 338.2667087908485 51.475013015093282 107.85242521873442 138.42340750410222 12.829259748104958 17.197405545040969 157.34821497957455 221.39510291226907 118.77025245595723 87.388616168347653 1029.7152009161655 23.236158223240636 1552.6123162628501 66.038570661447011 253.14619052223861 24.066653209854849 128.92850557621568 54.662107308220584 92.471778445586096 177.96305020846194 3.7711748606525353 170.39275923906825 7.5817470090696579 38.340793081559241 64.200188454939052
leaf_count=55535 22632 187 879 6840 40734 29362 553 3573 2251 3193 426 7101 135091 4498 2645 53524 457 46939 2212 7077 541 4395 12648 3524 2398 37 15491 157 440 2745
internal_value=6.93257e-05 0.00125906 0.0117923 0.00367806 -0.000463639 -0.0125395 0.000467364 0.00043828 -0.00853292 0.00102604 0.00540629 -0.00203525 0.00090783 -0.0204805 -0.00217198 -0.00669893 0.00218798 0.000713461 0.0312724 0.0101177 0.0289386 0.00369885 -0.00888969 -0.00537084 0.0255326 -0.0230426 0.0325416 -0.0058731 0.00223494 -0.019899
internal_weight=6138.23 5609.8 787.692 535.492 4822.11 528.425 516.638 4609.19 318.827 4497.57 1849.89 2647.68 2284.17 363.507 206.159 1251.11 1654.72 1575.85 78.8678 1033.06 252.2 180.404 485.401 430.738 240.37 111.624 195.172 24.7792 62.4074 212.918
internal_count=468085 399919 18484 14918 381435 68166 14039 337956 7199 334346 68875 265471 251227 14244 7143 188615 52801 47396 5405 62612 3566 4948 45534 32886 3379 3610 16074 583 981 43479
is_linear=0
shrinkage=0.05


Tree=124
num_leaves=31
num_cat=0
split_feature=8 56 54 36 45 38 29 56 23 51 45 40 41 40 39 31 31 43 49 52 54 31 54 56 55 50 56 56 35 43
split_gain=42.1446 31.6969 42.3003 39.0846 34.8235 28.4583 36.052 27.9675 56.1646 52.8722 33.2429 37.3154 35.113 27.5514 27.2843 26.5066 24.9948 23.9385 29.3773 30.2385 23.5692 23.281 23.2463 25.2639 20.9095 20.4569 22.3126 21.6686 19.8493 20.3984
threshold=1.0000000180025095e-35 0.98421010375022899 0.99820789694786083 0.86607143282890331 1.0000000180025095e-35 14.500000000000002 1.0000000180025095e-35 0.45954339206218725 13.500000000000002 0.99425286054611217 1.0000000180025095e-35 0.67333334684371959 0.80476191639900219 0.90692642331123363 0.64495798945426952 0.31835016608238226 0.012579114176332952 0.018182766623795036 0.54641148447990429 0.5178799331188203 0.98048734664917003 0.24257134646177295 0.5013088881969453 0.92605021595954906 0.88533130288124096 0.680425524711609 0.69452759623527538 0.7392621934413911 0.64583334326744091 0.23770394176244738
decision_type=2 2 2 2 2 2 2 2 2 2 2 2 2 2 2 2 2 2 2 2 2 2 2 2 2 2 2 2 2 2
left_child=7 2 5 4 -3 6 -2 8 -1 10 11 25 -13 15 -7 20 -6 18 -8 -20 -12 -19 -17 -24 -16 26 -9 -28 29 -14
right_child=1 3 -4 -5 16 14 17 9 -10 -11 13 12 28 -15 24 22 -18 21 19 -21 -22 -23 23 -25 -26 -27 27 -29 -30 -31
leaf_value=0.0019702276174290169 -0.026081346230290972 -0.008439423243020985 0.073462475646890901 0.036970643013607189 -0.031428788461729022 -0.029369322692194989 -0.020285033610449602 -0.032720733572261254 -0.035291046112762868 0.033666550507930805 -0.0066242449623949359 -0.014501908359623276 0.0028414694724612426 0.028627385534539997 0.01266774749652811 0.075364896374113616 0.026233143453190996 0.0045428984554039846 0.084117666910359157 -0.0027410407081772704 0.043871475229937049 0.044454782632613953 0.0027994493148276274 0.051005803692809104 -0.020084598938165929 0.035488529354879922 0.10570491660833653 0.013844955417493827 0.040049574279191806 0.051386901310133848
leaf_weight=539.20894928561756 179.12900929604075 340.28115545108449 15.351780573604627 86.519651315174997 20.598729898221791 254.33859743393259 266.40266103995964 23.924711823754478 123.45253976923414 166.69468357961159 1020.0425489419431 170.99802641745191 224.60713253961876 77.376144614536315 92.424512757221237 12.817739494959822 150.47128989035264 273.61333919368917 9.1005427888012473 1266.8070777739631 22.656166739528999 41.226236612419598 223.08408801976475 29.972261432325467 100.94098237343132 199.68253346404526 5.8911812400328918 103.62135191069683 57.127696958370507 22.96419695019722
leaf_count=26966 7117 6240 206 6749 192 53505 86111 21839 75336 12219 55630 4178 3298 684 1382 1862 1748 7768 794 58035 194 2001 15905 569 1241 6906 1397 3740 3757 322
internal_value=-0.000140619 -0.00423946 -0.00671306 0.00609512 0.000809074 -0.00723793 -0.00472349 0.00405729 -0.00501419 0.00660393 0.0045341 0.0125824 0.00357919 -0.000168464 -0.0186383 -0.00189173 0.0191477 -0.00265051 -0.0052159 -0.00205612 -0.00548607 0.00989331 0.0121722 0.00868735 -0.00444506 0.0253899 0.0101263 0.0196983 0.0137406 0.00753306
internal_weight=6121.33 3097.21 2499.33 597.871 511.351 2483.98 2036.28 3024.12 662.661 2361.46 2194.77 808.817 475.697 1385.95 447.704 1308.57 171.07 1857.15 1542.31 1275.91 1042.7 314.84 265.874 253.056 193.365 333.12 133.437 109.513 304.699 247.571
internal_count=467891 233089 218160 14929 8180 217954 161826 234802 102302 132500 120281 45437 11555 74844 56128 74160 1940 154709 144940 58829 55824 9769 18336 16474 2623 33882 26976 5137 7377 3620
is_linear=0
shrinkage=0.05


Tree=125
num_leaves=31
num_cat=0
split_feature=21 37 23 54 51 35 49 31 51 36 37 35 28 58 52 50 49 30 50 51 21 48 50 22 45 45 28 21 51 51
split_gain=40.7045 34.6203 54.1121 36.3474 35.9092 60.0066 35.6732 35.4693 33.0768 39.6364 56.9164 54.1383 41.7923 36.8504 86.7061 114.073 109.087 61.7398 54.0172 51.2655 37.2126 36.7951 36.5112 36.4453 31.8698 30.653 34.9707 48.2281 37.3192 30.3137
threshold=21.500000000000004 1.5000000000000002 12.500000000000002 0.5966327190399171 0.42933948338031774 0.13392857462167743 0.58380147814750682 0.17157287150621417 0.91331186890602123 0.84523808956146251 6.5000000000000009 0.64583334326744091 4.5000000000000009 1.5000000000000002 0.77871939539909374 0.88303694128990184 0.77003204822540294 0.20722186565399173 0.85053193569183361 0.080540537834167494 34.500000000000007 1.0000000180025095e-35 0.095811817795038237 37.500000000000007 1.0000000180025095e-35 1.0000000180025095e-35 3.5000000000000004 25.500000000000004 0.99425286054611217 0.95101958513259899
decision_type=2 2 2 2 2 2 2 2 2 2 2 2 2 2 2 2 2 2 2 2 2 2 2 2 2 2 2 2 2 2
left_child=1 2 -1 -4 6 -6 -3 24 13 11 21 29 -13 14 15 -2 17 20 -18 22 -16 25 -15 -19 -7 -11 28 -28 -27 -10
right_child=8 4 3 -5 5 7 -8 -9 9 10 -12 12 -14 19 16 -17 18 23 -20 -21 -22 -23 -24 -25 -26 26 27 -29 -30 -31
leaf_value=0.0039786876961391089 -0.035435705683543185 -0.0034869980264994787 -0.041632356358594469 0.01460303320037782 0.043997918278786297 0.020968143268166099 0.077268839662220146 0.022535166536252732 0.023764801092553182 0.0024661409983620002 0.045255382755738031 0.052860721014761351 -0.029431736119735444 0.0022752657460424564 0.039980824658050397 0.057821934902697131 -0.036470346724399409 0.026956247069428636 -0.0073881690146621942 0.010424610888174618 -0.013711707358314736 0.029783021312803887 -0.058073601373951622 -0.016530800807795495 -0.0035419048574153334 -0.056227730133581122 0.065726357985246397 -0.011773848342008722 -0.011793051293794798 -0.055917927129742744
leaf_weight=460.8078400917002 429.77407663615304 551.77883419222781 129.14404702041065 36.320280431536958 143.7784444525023 179.28293971449602 13.022462308756074 348.90336242358899 20.877854627906345 403.43114314356353 63.328868457349017 114.63803377829026 17.148923537693918 48.99276075308444 224.09019802452531 34.600861082202755 194.50060753757134 68.214180488721468 875.84298456227407 538.90443772924482 37.163727749662939 74.182369946036488 50.156437588389963 157.59587909368565 500.92867799592204 86.318987178383395 22.594529155234341 133.53731839678949 104.477412728942 25.576675523188896
leaf_count=30395 109536 67043 91238 12450 6700 11659 306 10324 386 7366 4166 3140 179 3278 6271 620 5998 2880 20775 27559 969 7231 6983 6695 7173 1373 1124 3621 10056 384
internal_value=0.00010304 0.00523374 -0.00483973 -0.0292748 0.00886496 0.0138492 -0.00149176 0.00959849 -0.00315272 0.00428563 -4.40093e-05 0.0257327 0.0420113 -0.00613464 -0.00943971 -0.0283777 -0.00377834 0.0158177 -0.012702 0.00433642 0.0323198 -0.00357383 -0.0285284 -0.00333302 0.00293949 -0.00690682 -0.0177821 -0.000211539 -0.0320843 -0.0203603
internal_weight=6089.92 2363.97 626.272 165.464 1737.69 1172.89 564.801 1029.11 3725.95 1066.11 887.871 178.241 131.787 2659.84 2021.78 464.375 1557.41 487.064 1070.34 638.054 261.254 824.542 99.1492 225.81 680.212 750.359 346.928 156.132 190.796 46.4545
internal_count=467878 237288 134083 103688 103205 35856 67349 29156 230590 39026 34937 4089 3319 191564 153744 110156 43588 16815 26773 37820 7240 30771 10261 9575 18832 23540 16174 4745 11429 770
is_linear=0
shrinkage=0.05


Tree=126
num_leaves=31
num_cat=0
split_feature=38 8 51 54 58 21 50 21 6 29 41 30 31 58 20 21 37 51 38 29 34 37 21 42 43 50 43 29 38 53
split_gain=35.2644 33.7908 28.3368 32.9305 29.6126 31.113 53.5435 33.3267 25.7324 25.2039 32.9215 25.1112 25.9933 25.0288 23.8525 41.2818 23.0734 24.5829 23.0683 21.5425 20.6965 20.4837 20.3726 20.3163 20.579 22.4002 19.0296 18.8481 18.7766 18.3296
threshold=23.500000000000004 1.0000000180025095e-35 0.99425286054611217 0.47646732628345495 1.5000000000000002 18.500000000000004 0.54261502623558056 5.5000000000000009 2.5000000000000004 1.0000000180025095e-35 0.72474747896194469 0.12933094054460528 0.32793442904949194 3.5000000000000004 22.500000000000004 26.500000000000004 1.5000000000000002 0.65599384903907787 13.500000000000002 51.500000000000007 0.61250001192092907 12.500000000000002 9.5000000000000018 0.0018773589981719854 0.0040323603898286828 0.97014260292053234 0.028484332375228408 20.500000000000004 11.500000000000002 0.84342586994171154
decision_type=2 2 2 2 2 2 2 2 2 2 2 2 2 2 2 2 2 2 2 2 2 2 2 2 2 2 2 2 2 2
left_child=1 2 4 27 5 7 -7 -1 18 -10 19 12 -6 -13 20 -16 17 -9 23 26 -8 -20 -12 24 25 -3 -11 -4 -5 -26
right_child=-2 8 3 28 11 6 14 16 9 10 22 13 -14 -15 15 -17 -18 -19 21 -21 -22 -23 -24 -25 29 -27 -28 -29 -30 -31
leaf_value=-0.032271638125741096 -0.038223276291572988 -0.019773136602408967 -0.040862547164268778 0.048776331722400069 0.020341416064228967 -0.045913732874888605 0.0029920810619185664 -0.035283103030352508 -0.027004219658931218 -0.019562465650947419 0.049124116566266855 -0.028781875846462152 0.070860826232480259 0.021669304157242546 0.016683324244649519 -0.0041009200902918713 0.01688050717123233 0.0087905584032582171 -0.021386682620749265 0.009607505793825008 -0.0189904449877632 0.0061060187377206939 0.00095942625855465901 0.013081985397662194 0.026369459685432046 0.0010508178314626725 0.010190864928782519 0.0090581497342085964 0.014209105383378669 -0.00031166260494454399
leaf_weight=44.25852415949339 58.406770011148183 185.71075821359409 19.701505312463269 91.696241264929995 116.22238066815771 69.355365350987995 169.63523602997884 46.353461087244796 155.32509170810226 540.17119559671846 21.816627748310566 43.508405536820646 32.167360608582385 53.914836141251726 355.34701152652269 724.08234513190109 527.23101291060448 94.494214516249485 186.5382959881681 89.384988524980145 288.2067103026784 105.4957448921632 582.55170472350437 420.20275175903225 113.8741227388382 418.53339583380148 59.049198467342649 218.47626402461901 70.124958506959956 146.36150158522651
leaf_count=4127 16128 10487 6359 8909 3272 38226 15276 39412 6931 128406 428 4200 2249 3914 20757 25760 29943 9522 10021 9553 7483 2159 14136 11293 3743 18019 5108 4339 3727 3944
internal_value=0.000110175 0.000490285 0.00428299 0.0166438 0.00234948 0.000596808 -0.00325967 0.00928721 -0.00322708 -0.00803632 -0.0057386 0.0188145 0.0316938 -0.000925281 -0.0013067 0.00275034 0.0120845 -0.00586072 0.00119277 -0.0132051 -0.0108569 -0.0114681 0.00277636 0.00407753 -0.000309381 -0.00537139 -0.0166184 0.00477525 0.0339759 0.0114197
internal_weight=6048.2 5989.79 2964.78 399.999 2564.78 2318.96 1606.63 712.337 3025.02 1448.3 1292.97 245.813 148.39 97.4232 1537.27 1079.43 668.079 140.848 1576.72 688.605 457.842 292.034 604.368 1284.68 864.48 604.244 599.22 238.178 161.821 260.236
internal_count=467831 451703 227475 23334 204141 190506 107502 83004 224228 164562 157631 13635 5521 8114 69276 46517 78877 48934 59666 143067 22759 12180 14564 47486 36193 28506 133514 10698 12636 7687
is_linear=0
shrinkage=0.05


Tree=127
num_leaves=31
num_cat=0
split_feature=8 56 54 36 29 38 39 56 23 51 53 55 55 29 38 55 41 21 21 20 21 52 58 49 34 52 6 21 42 29
split_gain=35.2416 27.1197 50.0589 36.4442 27.2096 32.8955 31.3363 27.0092 48.5864 38.1331 23.643 22.8443 22.3986 21.6549 21.4947 21.4037 25.316 21.3408 29.7494 25.8634 24.1991 41.1262 29.2831 19.9411 18.6061 22.3222 17.213 19.9605 17.0217 17.6922
threshold=1.0000000180025095e-35 0.99822065234184276 0.99820789694786083 0.86607143282890331 1.0000000180025095e-35 14.500000000000002 0.64495798945426952 0.45954339206218725 23.500000000000004 0.99425286054611217 0.27305428683757788 0.88143625855445873 0.97506219148635875 32.500000000000007 11.500000000000002 0.9114484190940858 0.73879140615463268 5.5000000000000009 18.500000000000004 21.500000000000004 26.500000000000004 0.99425286054611217 1.5000000000000002 0.20126582682132724 0.61250001192092907 0.74133810400962841 5.5000000000000009 12.500000000000002 0.027293260209262375 41.500000000000007
decision_type=2 2 2 2 2 2 2 2 2 2 2 2 2 2 2 2 2 2 2 2 2 2 2 2 2 2 2 2 2 2
left_child=7 2 4 13 15 12 10 8 28 17 -7 -8 26 -3 -11 -2 -17 23 -19 24 21 -21 -22 -9 25 -20 27 -6 -1 -30
right_child=1 3 -4 -5 5 6 11 9 -10 14 -12 -13 -14 -15 -16 16 -18 18 19 20 22 -23 -24 -25 -26 -27 -28 -29 29 -31
leaf_value=-0.0024645140303017812 0.0021001352925852888 -0.001235126535813063 0.069551544796979822 0.041004771738556323 0.020213596552760369 0.006683492337857976 0.016257633626922608 -0.052218555101798549 -0.038463445624599357 0.04547246951776316 -0.036222081515887197 -0.017027902036682831 0.035795252361823605 0.048431874195080132 0.0089778000949436061 0.044726532860280471 -0.039532021466791592 0.014841778850281609 -0.015445274486425541 0.0064012615037697205 -0.0042753650174373907 0.045901647796346916 0.019530618585085213 0.021531094019114586 -0.020081108356702241 0.0194100450788455 -0.011646977049383646 -0.0020634376386985394 0.0006567744877078646 0.059462141332814071
leaf_weight=516.20750699212658 55.657506752439076 419.92444108985364 20.695329887326807 65.721773460274562 108.1022055807407 37.735773401509505 87.593610287643969 29.632833658397431 93.471319506788859 90.866252348409034 204.00242317459197 122.32272322964855 36.879426365718246 22.154285222757608 73.017068361281417 8.7141565911006165 137.81513813091442 573.50235929506016 91.298357517516706 270.48009099476621 650.46741922330693 86.30452078190865 160.12613083823817 12.4209634551662 202.80373848113231 90.455684793589171 440.86962141416734 1282.3013795869192 27.884699951770017 22.664405110175721
leaf_count=38312 5692 7250 299 6331 7685 3592 1304 2202 62737 8721 49275 1507 719 272 3555 143 2282 45740 17129 17787 21897 2084 7716 812 3071 1940 94500 52569 520 611
internal_value=-0.000199872 -0.00398079 -0.00608752 0.00655939 -0.00673553 -0.00519627 -0.0172899 0.00365551 -0.00526634 0.00618329 -0.0295245 -0.00312733 -0.00226477 0.00135757 0.0293656 -0.0242839 -0.0342519 0.00441775 0.00512147 0.00152218 0.00522679 0.0160578 0.000445583 -0.0304418 -0.00970806 0.00191287 -0.00305037 -0.000318142 0.000266737 0.027665
internal_weight=6042.09 3050.49 2542.69 507.8 2521.99 2319.81 451.655 2991.6 660.228 2331.38 241.738 209.916 1868.15 442.079 163.883 202.187 146.529 2167.49 2125.44 1551.94 1167.38 356.785 810.594 42.0538 384.558 181.754 1831.27 1390.4 566.757 50.5491
internal_count=468254 233420 219567 13853 219268 211151 55678 234834 102180 132654 52867 2811 155473 7522 12276 8117 2425 120378 117364 71624 49484 19871 29613 3014 22140 19069 154754 60254 39443 1131
is_linear=0
shrinkage=0.05


Tree=128
num_leaves=31
num_cat=0
split_feature=43 35 51 12 50 6 31 28 36 52 52 42 20 29 56 7 51 49 25 58 50 28 13 20 50 51 43 31 29 41
split_gain=32.8022 89.7725 59.556 47.2998 64.108 37.2632 32.588 30.8057 63.8726 32.4914 30.5452 42.1766 30.0469 31.6326 29.1952 26.3541 24.2543 21.159 24.6909 27.5581 93.0342 23.5195 21.1056 20.0224 20.7202 19.585 19.5583 19.0362 19.0262 18.5065
threshold=0.0019614913035184149 0.46428571641445165 0.99425286054611217 1.0000000180025095e-35 0.95275297760963451 1.5000000000000002 0.62778326869010936 4.5000000000000009 0.94444444775581371 0.99425286054611217 0.98386678099632274 0.0024883691221475606 23.500000000000004 41.500000000000007 0.92074912786483776 1.0000000180025095e-35 0.94665718078613292 0.080540537834167494 1.5000000000000002 1.5000000000000002 0.54261502623558056 8.5000000000000018 1.0000000180025095e-35 17.500000000000004 0.091431558132171645 0.89512962102890026 0.40622629225254064 0.32366947829723364 1.0000000180025095e-35 0.79057019948959362
decision_type=2 2 2 2 2 2 2 2 2 2 2 2 2 2 2 2 2 2 2 2 2 2 2 2 2 2 2 2 2 2
left_child=1 29 5 7 16 22 17 10 -9 -10 11 -3 13 -13 15 -6 -5 21 -19 20 -20 23 26 -7 -25 -14 -2 -21 -16 -1
right_child=2 3 -4 4 14 6 -8 8 9 -11 -12 12 25 -15 28 -17 -18 18 19 27 -22 -23 -24 24 -26 -27 -28 -29 -30 -31
leaf_value=-0.036035119367054023 0.0098736119807885728 -0.01683945326670146 0.048129308473846902 -0.039534714343469314 -0.00096024193358600638 0.039180149684127495 0.046712888187694097 -0.017436611832576412 -0.047723331175738674 0.037663540413454766 0.041719925400228432 0.026400506707950151 -0.0026454829906207428 0.091473409145914189 -0.014491321040638584 -0.022239600554760819 -0.0022430159409141687 0.016062185998621449 -0.037403739269795899 0.0051964752468635989 -0.0003789233105527642 -0.053817408664244164 0.025729844757989034 0.010137640435373617 -0.053807385795754552 0.031166903929614815 -0.024352193882880537 0.036102761447688501 0.032742433031720454 -0.011664652724101957
leaf_weight=224.96880227330257 502.39124311559135 105.17880283191334 72.574093900388107 169.6036760561401 1138.9061065772548 17.74577111218241 34.884583144128555 236.68427889671875 11.669514462555524 99.432641175342724 96.070784913026728 112.09848226967733 146.5428133578389 21.846897671697661 26.981092612491921 165.83234361396171 58.739125352760311 208.74178545593168 192.82363732773229 339.02216383669293 1361.5044601294794 38.283048013865482 208.52662479592254 25.255484157416504 23.893551171116997 59.43133541836869 44.565451091737486 57.51282039648504 92.498709521023557 120.88286391599104
leaf_count=126932 6668 15879 11452 11263 37812 539 4594 28797 1720 5337 3919 10752 8137 2488 851 16010 3293 16407 72219 13140 37339 5719 9259 997 1918 1340 379 5849 3704 2972
internal_value=0.000128066 -0.00371421 0.00367512 -0.000457603 -0.00545958 0.00260373 -0.000562609 0.00883671 -0.00277072 0.0283493 0.0162877 0.0107171 0.0192681 0.0376133 -0.00150782 -0.00367981 -0.0299934 -0.00131109 -0.000239614 -0.00199124 -0.00499317 -0.0231022 0.01223 -0.00499046 -0.021402 0.00721412 0.00704558 0.00975862 0.0220443 -0.0275753
internal_weight=6015.09 2887.37 3127.72 2541.52 1652.56 3055.15 2299.67 888.956 347.786 111.102 541.169 445.098 339.92 133.945 1424.22 1304.74 228.343 2264.78 2159.6 1950.86 1554.33 105.178 755.483 66.8948 49.149 205.974 546.957 396.535 119.48 345.852
internal_count=467685 281206 186479 151302 72933 175027 158721 78369 35854 7057 42515 38596 22717 13240 58377 53822 14556 154127 144954 128547 109558 9173 16306 3454 2915 9477 7047 18989 4555 129904
is_linear=0
shrinkage=0.05


Tree=129
num_leaves=31
num_cat=0
split_feature=38 51 41 3 46 56 31 21 20 50 21 20 49 43 20 12 28 10 40 22 29 25 35 34 42 52 21 29 27 21
split_gain=35.1615 35.7521 45.2528 43.3776 29.43 34.3477 85.5946 40.0104 38.6035 42.4181 66.441 42.6444 29.596 32.8619 28.1999 28.0247 50.3284 48.2225 25.0718 36.2207 24.7963 23.9971 21.0473 26.1818 34.0023 20.6028 20.0988 19.8359 19.1713 20.3849
threshold=14.500000000000002 0.86240702867507946 0.70710784196853649 1.5000000000000002 1.0000000180025095e-35 0.50714430212974559 0.58113884925842296 16.500000000000004 19.500000000000004 0.982753485441208 23.500000000000004 28.500000000000004 0.37089946866035467 0.19780754297971728 14.500000000000002 1.0000000180025095e-35 3.5000000000000004 1.0000000180025095e-35 0.08893280848860742 65.500000000000014 12.500000000000002 2.5000000000000004 0.38750000298023229 0.72077924013137828 0.0012151047121733429 0.95488464832305919 12.500000000000002 45.500000000000007 5.5000000000000009 5.5000000000000009
decision_type=2 2 2 2 2 2 2 2 2 2 2 2 2 2 2 2 2 2 2 2 2 2 2 2 2 2 2 2 2 2
left_child=4 2 27 21 5 6 -1 12 -9 15 -11 -12 13 28 20 17 -17 -10 22 -20 26 -3 -8 24 -24 -25 -14 -2 -7 -30
right_child=1 3 -4 -5 -6 7 18 8 9 10 11 -13 14 -15 -16 16 -18 -19 19 -21 -22 -23 23 25 -26 -27 -28 -29 29 -31
leaf_value=-0.039047600791547926 -0.035894952779828911 -0.025166973284817332 -0.0041778574567767372 0.028054252496368243 -0.023595874574056014 -0.018243547745369307 -0.048101698751393779 -0.0094345563420103994 0.0015920243713383371 0.050007244758059823 -0.0052782294080171007 0.026724945057636319 0.01912621078989947 0.075011389215486876 0.034199181637239923 -0.043460160671997344 0.011528835146960837 0.054498834551448751 0.0040594785279158239 0.20972512451859313 0.056968016052422812 0.017789507102582265 -0.040472955305592147 -0.025524466509671891 0.026832409069240629 -0.00030634611712935221 -0.01422795821924485 -0.010072856898961733 -0.037023491504820642 0.014556542152219167
leaf_weight=159.2701865156414 222.86122062799404 98.473167511459906 574.81635240733158 134.57733083044877 111.41259445677861 102.03546403037035 21.697126772050979 582.72345128140296 1410.2444172418909 118.73373272898607 253.18937627132982 175.45073315140326 90.346692201914266 13.98360243893694 251.06547712293104 90.192758318968117 75.908377644023858 43.428888950031251 5.6761420403781795 2.4770483272732235 22.824509098543786 47.445831980381627 20.556399712164421 90.028653526096605 148.49373325257329 734.76889244263293 88.363555168441962 112.88416899665026 20.694265540805645 164.71763874494354
leaf_count=114148 68870 9091 9516 4191 4225 24938 19236 30206 66392 5593 6618 5945 3758 137 12810 2328 1498 1512 2766 882 654 1292 5717 3359 14345 10010 2761 24101 818 10325
internal_value=-0.000222038 -0.00790767 -0.0127126 0.00768006 0.00168698 0.00229289 -0.00507078 0.00477971 0.00197967 0.00505177 0.0170714 0.00785301 0.014975 0.00282143 0.0230452 0.00098192 -0.0184115 0.00320901 0.000248389 0.0826298 0.00904976 -0.0111736 -0.000493635 0.000593023 0.0184582 -0.00308654 0.00264679 -0.0272688 -0.000938314 0.00863184
internal_weight=5989.34 1191.06 910.562 280.496 4798.28 4686.87 1182.97 3503.9 2749.87 2167.15 547.374 428.64 754.031 301.431 452.6 1619.77 166.101 1453.67 1023.7 8.15319 201.535 145.919 1015.54 993.848 169.05 824.798 178.71 335.745 287.447 185.412
internal_count=468042 117061 102487 14574 350981 346756 170463 176293 120092 89886 18156 12563 56201 36218 19983 71730 3826 67904 56315 3648 7173 10383 52667 33431 20062 13369 6519 92971 36081 11143
is_linear=0
shrinkage=0.05


Tree=130
num_leaves=31
num_cat=0
split_feature=21 46 20 50 36 49 52 58 22 36 41 28 49 35 32 49 36 43 39 42 32 52 20 21 38 55 48 52 43 20
split_gain=32.4234 34.5437 34.8116 33.0473 62.7103 56.8004 114.072 130.705 70.4825 34.1986 32.2279 31.4442 36.7436 28.5525 27.4296 27.0224 58.4393 35.3036 31.1509 28.2171 23.4679 24.4753 23.3951 22.2946 20.8229 20.5785 18.5841 18.4946 27.146 26.9674
threshold=18.500000000000004 1.0000000180025095e-35 18.500000000000004 0.8760964870452882 0.43650794029235845 0.77003204822540294 0.77032968401908886 1.5000000000000002 45.500000000000007 0.23611111193895343 0.71825397014617931 6.5000000000000009 0.72850123047828685 0.61250001192092907 2.5000000000000004 0.49253065884113317 0.30952382087707525 0.19780754297971728 0.29289215803146368 0.0036379732191562657 1.0000000180025095e-35 0.84292763471603405 7.5000000000000009 25.500000000000004 5.5000000000000009 0.93809869885444652 1.0000000180025095e-35 0.97100839018821727 0.0019614913035184149 14.500000000000002
decision_type=2 2 2 2 2 2 2 2 2 2 2 2 2 2 2 2 2 2 2 2 2 2 2 2 2 2 2 2 2 2
left_child=15 2 -2 5 -5 6 7 23 20 -9 25 12 -8 -12 -15 17 -17 18 -1 27 -7 -22 -21 -4 -20 26 -6 -18 -29 -30
right_child=1 -3 3 4 10 8 11 9 -10 -11 13 -13 -14 14 -16 16 19 -19 24 22 21 -23 -24 -25 -26 -27 -28 28 29 -31
leaf_value=-0.032559364543635685 -0.01410682099518969 -0.034839973765930017 -0.018732917758705458 0.04844941417407489 -0.0035198172707741147 0.074599414330914118 0.036987195183729331 0.0035172355734261031 -0.03800583674736642 0.085952537798637527 -0.01943563915964459 -0.0095099262626250763 0.0017371061199196059 0.032265519245428254 0.0063294490087782472 0.049026850189862803 -0.012833563388815812 0.0505681143929856 -0.038474683420540057 -0.031470347744122683 -0.040106381943533602 0.018324001911364102 0.020658854969520878 -0.041785404856000477 0.0029099638987086065 0.051857178835113871 0.016308423576674873 4.0154959602860751e-05 0.0025782790367250004 0.060345447619250238
leaf_weight=90.183595189941116 486.49588588549523 78.310283258615527 204.49291556709795 77.285961148038041 1266.0662755035446 11.964026139699852 258.88989705289714 603.83414596685907 237.83468072026153 11.852658031333702 54.798981312662363 70.081699454574846 103.45746587624308 194.85405575879849 213.87740785372443 89.98712329546106 182.80036357906647 28.083559433347546 31.967861022101715 21.986086252029054 23.566241471969988 65.292509298247751 367.75076581246685 220.76735407946398 388.4800778911449 17.188946518115699 129.33481853047851 346.64028960518772 39.558397988090292 40.490735206054524
leaf_count=85046 46211 2383 55308 1656 40055 115 9262 34933 7604 128 900 4850 3459 7526 8549 3962 22573 310 458 878 892 1844 21621 55071 19417 261 6357 22252 1518 2605
internal_value=0.000116747 -0.00214487 -0.00153465 9.29897e-05 0.00460332 -0.00476908 -0.000519533 -0.00948614 -0.0232014 0.00524101 0.00277225 0.0210371 0.0269551 0.0141969 0.0187425 0.0061302 0.0106574 -0.0030261 -0.00606674 0.00715646 0.0117517 0.0025538 0.0176451 -0.0307702 -0.000320455 -0.000984061 -0.00167164 0.00043161 0.00613134 0.0321823
internal_weight=5958.18 4330.25 4251.94 3765.44 1953.41 1812.03 1473.38 1040.95 338.657 615.687 1876.12 432.429 362.347 463.53 408.731 1627.93 1089.21 538.715 510.632 999.227 100.823 88.8588 389.737 425.26 420.448 1412.59 1395.4 609.49 426.689 80.0491
internal_count=468004 287364 284981 238770 65304 173466 163011 145440 10455 35061 63648 17571 12721 16975 16075 180640 75409 105231 104921 71447 2851 2736 22499 110379 19875 46673 46412 48948 26375 4123
is_linear=0
shrinkage=0.05


Tree=131
num_leaves=31
num_cat=0
split_feature=8 56 54 36 45 45 41 54 56 29 36 40 38 29 50 56 31 56 49 56 37 56 38 54 26 52 42 30 50 31
split_gain=38.2747 25.3241 36.0266 34.0934 33.1317 24.4955 42.5714 26.362 48.4495 30.6517 30.55 25.9349 23.4975 26.8775 23.1584 26.353 22.886 21.4705 36.7301 20.251 19.6403 19.412 17.6683 18.5023 18.5239 17.0879 17.0574 18.0742 17.9784 16.8661
threshold=1.0000000180025095e-35 0.98421010375022899 0.99820789694786083 0.86607143282890331 1.0000000180025095e-35 1.0000000180025095e-35 0.12132352963089944 0.5219806730747224 0.80972057580947887 15.500000000000002 0.84523808956146251 0.92153847217559826 20.500000000000004 1.0000000180025095e-35 0.59317129850387584 0.69779554009437572 0.32793442904949194 0.60044842958450328 0.76506900787353527 0.37341365218162542 10.500000000000002 0.92605021595954906 17.500000000000004 0.96677702665328991 9.5000000000000018 0.90070420503616344 0.022294609807431701 0.029857398010790352 0.95488464832305919 0.38245163857936865
decision_type=2 2 2 2 2 2 2 2 2 2 2 2 2 2 2 2 2 2 2 2 2 2 2 2 2 2 2 2 2 2
left_child=5 2 12 4 29 7 -7 26 9 14 -10 16 13 -2 15 -9 22 18 -18 -20 -6 -19 23 -8 -25 -12 27 -1 -29 -3
right_child=1 3 -4 -5 20 6 11 8 10 -11 25 -13 -14 -15 -16 -17 17 21 19 -21 -22 -23 -24 24 -26 -27 -28 28 -30 -31
leaf_value=0.0083618114058660268 -0.024028317013641241 -0.011191192697610867 0.071527968211559267 0.036152800122050292 0.033626988286035622 -0.045407271561074491 -0.0033448335179043771 -0.039032714889621671 0.0044645596471676536 0.00371999044045861 -0.034177027806899594 0.035179173733161199 -0.034530985301753157 -0.004221056615521912 0.065993882244772761 0.054742287213010922 -0.011731928513330922 0.00106560947730221 -0.01312494161523161 0.089549573258168536 -0.00034096645795975822 0.044254730326039327 -0.025107308368625458 0.046352456638358887 -0.0058166783456641141 0.04268996063504063 0.025195355976893187 -0.026420701288126455 -0.00089876927614613287 0.037153041106114733
leaf_weight=224.6452146731317 185.15449121399433 317.50561621133238 13.823825997533275 77.052837376249954 94.4798011216335 49.559525769815082 969.10841559586697 12.553535609768007 576.58655529969838 43.607556971022859 7.1996639543212941 53.254998582182452 72.443665435625007 2154.4125481013907 85.158505589934066 15.850565815519074 20.570380928082159 233.58302512019873 5.4983781183254896 27.346955983201042 76.735433843452483 28.286044976091944 85.391278965864331 37.734264343278483 29.98854802781716 80.199198412243277 62.305195281369379 109.22120396929677 184.71394719165983 18.15887631312944
leaf_count=6143 7720 6013 206 6685 1315 37112 58966 13820 12541 5771 149 600 18767 191695 3783 1519 13812 11931 1142 1762 639 662 9298 477 330 10414 1654 38034 4769 257
internal_value=1.33801e-05 -0.00395032 -0.0062002 0.00539101 0.000652804 0.00406784 -0.000285291 0.00884711 0.0146081 0.0394846 0.00866909 0.0012442 -0.00667514 -0.00579821 0.0530657 0.0133793 -3.65664e-05 0.0118442 0.0404314 0.0724817 0.0184896 0.00588133 -0.00338199 -0.00157027 0.0235028 0.0360429 0.000692171 -0.00229461 -0.0104397 -0.00847326
internal_weight=5952.13 3009.77 2425.83 583.933 506.88 2942.36 1540.32 1402.04 821.156 157.17 663.985 1490.76 2412.01 2339.57 113.563 28.4041 1437.51 315.285 53.4157 32.8453 171.215 261.869 1122.22 1036.83 67.7228 87.3989 580.886 518.58 293.935 335.664
internal_count=467986 233297 218388 14909 8224 234689 136092 98597 47997 24893 23104 98980 218182 199415 19122 15339 98380 29309 16716 2904 1954 12593 69071 59773 807 10563 50600 48946 42803 6270
is_linear=0
shrinkage=0.05


Tree=132
num_leaves=31
num_cat=0
split_feature=8 21 21 58 50 56 31 45 27 23 39 41 51 43 42 41 51 34 41 49 52 52 21 20 52 53 25 42 36 36
split_gain=28.2833 21.068 25.9031 23.7817 52.0061 20.8308 33.3934 34.5377 30.4478 27.0255 57.8037 23.7905 23.7314 21.0803 24.8054 20.5413 19.8161 23.3016 24.6618 21.1433 54.8114 53.0019 19.7052 25.3627 22.1946 19.6036 19.0585 18.7866 18.336 17.7095
threshold=1.0000000180025095e-35 5.5000000000000009 18.500000000000004 1.5000000000000002 0.54261502623558056 0.89676070213317882 1.0000000180025095e-35 1.0000000180025095e-35 5.5000000000000009 19.500000000000004 0.13714733719825747 0.79057019948959362 0.42163743078708654 0.0038921809755265717 0.0037641549715772275 0.73879140615463268 0.89512962102890026 0.72077924013137828 0.71825397014617931 0.73746865987777721 0.69282051920890819 0.75181159377098095 30.500000000000004 28.500000000000004 0.0745370388031006 0.44783893227577215 2.5000000000000004 0.083602439612150206 0.84523808956146251 0.81666666269302379
decision_type=2 2 2 2 2 2 2 2 2 2 2 2 2 2 2 2 2 2 2 2 2 2 2 2 2 2 2 2 2 2
left_child=1 -1 -3 4 -4 9 7 28 12 27 -11 13 -8 14 -12 -9 19 26 -19 21 -21 -6 23 -5 -24 -15 -18 -2 -7 -10
right_child=5 2 3 22 16 6 8 15 29 10 11 -13 -14 25 -16 -17 17 18 -20 20 -22 -23 24 -25 -26 -27 -28 -29 -30 -31
leaf_value=-0.029661384084693983 -0.00066757744633845365 0.011643830711023073 -0.0452372020469409 0.013932113022266969 -0.017336226328467378 -0.0043565680547555758 -0.0068424027173820678 0.034618880474140599 -0.0033309008592226938 -0.047545907324576274 -0.027302923332355029 0.017922494274240652 0.027682655986637706 0.054337388347646634 -0.00053319888795913756 -0.036638758658061675 -0.0033662190208221874 -4.6247774323940958e-05 0.034502628484415473 0.071422346984650262 -0.01163483814815682 0.020197094899860844 -0.047310680585040135 -0.043654010019390607 0.035077075762365593 -0.0039666327439254797 0.039921703954655829 0.067833988892988126 0.048333081754192993 0.013236257739979954
leaf_weight=46.430085402156692 553.18985473038629 790.65797084139194 62.691951431450434 77.687127501703799 153.59480864770012 168.22139151627198 65.66025335912127 10.136693058069794 774.58394404826686 108.09498272184283 271.96124167370726 75.364874484948814 200.34682723425794 14.291878539457683 126.76431559157209 137.58159467100631 36.033178287674673 571.44453561655246 55.785819797078148 19.505773979297373 645.63638451360748 239.34161988372216 7.9303504000999956 24.258119625184918 116.95207755974843 251.06967201340012 84.205809137318283 9.1930723556433787 17.297369335778058 202.66350050014444
leaf_count=4576 36760 89365 39108 3730 30782 3380 3022 167 14506 79767 41219 1959 5228 3537 3615 2189 699 20440 4287 412 19018 10140 1458 2054 6586 27531 2029 99 3250 6972
internal_value=-9.08952e-05 0.00339678 0.00393876 0.00102677 -0.000832631 -0.00351518 0.000434407 -0.0135975 0.00420336 -0.00792854 -0.0135621 -0.00853676 0.0191669 -0.011562 -0.0188148 -0.031549 0.000733364 0.00696045 0.00307656 -0.00366812 -0.00909556 0.00551894 0.016278 -6.15886e-05 0.029511 -0.000634277 0.0270284 0.00057061 0.000788895 0.000114848
internal_weight=5918.58 2932.16 2885.73 2095.07 1868.24 2986.42 1576.49 333.237 1243.25 1409.93 847.547 739.452 266.007 664.087 398.726 147.718 1805.55 747.469 627.23 1058.08 665.142 392.936 226.828 101.945 124.882 265.362 120.239 562.383 185.519 977.247
internal_count=467885 234684 230108 140743 126915 233201 38714 8986 29728 194487 157628 77861 8250 75902 44834 2356 87807 27455 24727 60352 19430 40922 13828 5784 8044 31068 2728 36859 6630 21478
is_linear=0
shrinkage=0.05


Tree=133
num_leaves=31
num_cat=0
split_feature=21 50 36 35 50 52 51 42 13 51 25 58 20 35 27 58 50 30 50 34 52 22 20 30 28 39 8 21 52 50
split_gain=29.0941 37.3299 61.7104 62.6822 52.3714 80.9317 40.6978 38.4065 40.6926 37.9315 37.686 54.6453 73.9671 36.8556 43.1689 32.9346 37.7573 46.8078 40.4734 38.9033 36.3753 32.5838 29.4289 28.9596 36.0586 27.8988 77.5448 27.8305 27.1844 54.7483
threshold=27.500000000000004 0.53093111515045177 0.26785714924335485 0.41428571939468389 0.71330726146698009 0.7103942632675172 0.30532014369964605 0.0014587899786420169 1.0000000180025095e-35 0.71503761410713207 1.5000000000000002 1.5000000000000002 26.500000000000004 0.88194444775581371 7.5000000000000009 2.5000000000000004 0.87026646733284008 0.063164893537759795 0.22401433438062671 0.68333333730697643 0.80243903398513805 50.500000000000007 34.500000000000007 0.0745370388031006 15.500000000000002 0.83771929144859325 1.0000000180025095e-35 5.5000000000000009 0.99425286054611217 0.84680575132370006
decision_type=2 2 2 2 2 2 2 2 2 2 2 2 2 2 2 2 2 2 2 2 2 2 2 2 2 2 2 2 2 2
left_child=1 10 4 -4 -3 6 -6 28 13 -7 27 25 -13 14 -9 16 17 18 -2 -18 -20 -15 -21 -17 -25 -12 -27 -1 29 -5
right_child=15 2 3 7 5 9 -8 8 -10 -11 11 12 -14 21 -16 23 19 -19 20 22 -22 -23 -24 24 -26 26 -28 -29 -30 -31
leaf_value=-0.045391374278146511 0.027806401539414972 0.0032246963141577632 -0.043489744971545258 0.0069874351082116794 -0.055988133676241364 -0.050236259278347718 0.072852350387177162 0.02913571117861587 0.041176474184770856 0.030452878929330941 -0.041104472223634281 0.015446369929864749 -0.053774789494490133 -0.0080550775519483992 -0.0044236610885460331 -0.014455094252898523 0.013201422451713133 -0.024755605805633039 -0.047800586224502783 -0.012549859796970651 -0.00043251100882917042 0.01371791613723824 0.011399245020151107 0.02801396732039986 -0.039209930276402932 0.15108111926898313 -0.03328230657459446 0.014076840902568853 0.0027938740762576352 -0.027855951985990918
leaf_weight=20.76586892909836 90.801555214799009 147.10184114376898 71.542266666336218 204.53857602603966 5.7618580446287515 25.329058942385018 115.94842949759914 305.18420011296985 95.181852188252378 31.62219741899753 191.68270676294924 179.88231826850097 48.059631107549649 443.91641651713871 139.13148336889572 79.825104786985321 331.02319331717445 502.01993965380825 52.008446417923551 588.54401885223342 172.24789223779226 278.95553835152532 163.09761686442653 184.75849129192648 21.468332801450742 6.4788712002337006 23.085268639028072 205.902034480765 910.90010873795836 249.29406441052561
leaf_count=2656 3249 21446 37627 18109 400 1467 3084 26455 10501 776 98895 7737 5308 9908 6404 3507 8193 65169 8334 19468 4931 4322 4660 10151 3320 116 797 21111 48712 11218
internal_value=-0.000228622 0.00247298 0.00484716 0.00236138 0.0253692 0.0434826 0.0663464 0.00362609 0.00990842 -0.00568122 -0.00814274 -0.0165175 0.000680539 0.00732551 0.0186407 -0.00480112 -0.00718329 -0.0152903 -0.000177485 -0.00105653 -0.0115813 0.000354442 -0.00734494 0.0109894 0.0208605 -0.0341594 0.0107414 0.0084533 -0.00218803 -0.0121715
internal_weight=5886.06 3700.26 3024.41 2698.64 325.763 178.662 121.71 2627.1 1262.37 56.9513 675.857 449.189 227.942 1167.19 444.316 2185.79 1899.74 817.078 315.058 1082.66 224.256 722.872 751.642 286.052 206.227 221.247 29.5641 226.668 1364.73 453.833
internal_count=468031 337049 200429 173256 27173 5727 3484 135629 57590 2243 136620 112853 13045 47089 32859 130982 114004 81683 16514 32321 13265 14230 24128 16978 13471 99808 913 23767 78039 29327
is_linear=0
shrinkage=0.05


Tree=134
num_leaves=31
num_cat=0
split_feature=38 33 50 52 52 59 51 25 50 20 43 14 30 33 43 55 43 20 43 40 20 30 29 33 55 43 50 52 30 33
split_gain=29.8735 28.917 27.5873 39.5982 37.2221 28.2925 32.8049 49.7372 41.2874 29.0066 26.1608 26.8862 25.1133 24.489 21.9657 20.8716 25.1317 18.9569 18.5472 18.1756 17.7043 17.0736 17.0526 16.7286 16.3257 15.1943 14.9565 14.4825 13.9626 12.6705
threshold=20.500000000000004 6.5000000000000009 0.098563045263290419 0.071858864277601256 0.084806710481643691 1.0000000180025095e-35 0.43869027495384222 1.5000000000000002 0.69282051920890819 32.500000000000007 0.40622629225254064 1.0000000180025095e-35 0.1573787406086922 7.5000000000000009 0.19780754297971728 0.90083211660385143 0.0014562733704224231 16.500000000000004 0.0068513615988194951 0.92450141906738292 27.500000000000004 0.057983193546533592 64.500000000000014 4.5000000000000009 0.69705626368522655 0.0032842429354786877 0.65058138966560375 0.61633428931236278 0.11803405731916429 4.5000000000000009
decision_type=2 2 2 2 2 2 2 2 2 2 2 2 2 2 2 2 2 2 2 2 2 2 2 2 2 2 2 2 2 2
left_child=1 2 3 23 17 9 7 14 -9 15 11 -8 24 26 -7 16 -6 29 -15 22 -17 -11 -2 28 -5 -24 -3 -28 -1 -4
right_child=19 13 4 12 5 6 10 8 -10 21 -12 -13 -14 18 -16 20 -18 -19 -20 -21 -22 -23 25 -25 -26 -27 27 -29 -30 -31
leaf_value=0.05878806598546274 -0.036646472336022112 -0.035621709789025645 0.030600237959891814 0.082114252760718709 -0.017424726350670296 0.0015520643658849579 0.0015327054681505781 -0.032909966605632883 0.022753721956521773 0.0059603861553525293 -0.028900759094169438 0.035383854346313547 0.11446271096339389 -0.018483616348858256 0.07323925509664575 0.019896368249772242 0.034419632322297687 -0.0548045531097952 0.022782209958696242 0.013477622162762357 -0.019164622859651415 -0.061142603537438257 -0.013627835866164712 -0.040866684094268912 0.017699816765415512 0.067827212453610439 0.066276067942294792 -0.013317336346604451 -0.021498442007682774 -0.054351008344761143
leaf_weight=10.407237442559564 115.19528536530561 127.65845382027328 13.346215299447069 12.546797226736087 25.994333281705622 241.08395160030341 4210.8270370099344 252.0219969174068 37.644280150067061 18.86397540057078 68.591658639721572 58.489493753324496 11.741145396605132 50.413307068200083 10.183909025741739 61.552962160203606 191.1446064520278 44.26029973020195 56.917838378460146 31.714992436347529 53.103373733814806 17.732540875062114 23.864171722671021 21.70642809238052 39.012129762617406 6.4446384058101094 5.6595791162981177 39.334964036796009 9.5526143959141319 5.3305594270059364
leaf_count=211 29364 26134 301 913 3186 26838 216151 106465 4968 574 1154 3255 372 15025 122 607 9127 4687 4024 450 509 1245 4034 2051 489 1107 722 1851 730 1027
internal_value=-0.000328806 0.000301948 0.00111326 0.0263743 0.000609051 0.0010709 6.07382e-05 -0.011538 -0.0256227 0.0144127 0.00150941 0.00200464 0.0509949 -0.0153376 0.00473636 0.0190835 0.0281618 -0.0373108 0.003408 -0.0204867 0.00179589 -0.0273153 -0.0279313 -0.0113483 0.0346391 0.00530535 -0.0269435 -0.0020825 0.0211712 0.00482423
internal_weight=5872.34 5695.12 5415.14 104.966 5310.17 5247.23 4878.84 540.934 289.666 368.392 4337.91 4269.32 63.3001 279.984 251.268 331.795 217.139 62.9371 107.331 177.219 114.656 36.5965 145.504 41.6663 51.5589 30.3088 172.653 44.9945 19.9599 18.6768
internal_count=467693 432738 384982 4766 380216 374201 358953 138393 111433 15248 220560 219406 1774 47756 26960 13429 12313 6015 19049 34955 1116 1819 34505 2992 1402 5141 28707 2573 941 1328
is_linear=0
shrinkage=0.05


Tree=135
num_leaves=31
num_cat=0
split_feature=38 8 21 51 0 56 21 21 58 51 36 46 24 51 50 52 24 58 50 51 7 29 21 20 30 20 52 55 39 36
split_gain=27.7624 27.0011 19.4838 22.4309 23.6277 22.0701 19.213 21.2526 22.163 48.43 19.3737 18.8371 17.546 17.1954 17.0504 24.6931 22.1902 21.1891 60.985 19.9657 16.0121 14.4479 13.9969 22.9489 15.0842 13.8579 25.1821 25.3932 24.4249 20.9638
threshold=23.500000000000004 1.0000000180025095e-35 12.500000000000002 0.88047617673873912 9.5000000000000018 0.6761576533317567 5.5000000000000009 18.500000000000004 1.5000000000000002 0.42163743078708654 0.23611111193895343 1.0000000180025095e-35 3.5000000000000004 0.89512962102890026 0.098563045263290419 0.084806710481643691 2.5000000000000004 1.5000000000000002 0.57932874560356151 0.10933997482061387 1.0000000180025095e-35 51.500000000000007 34.500000000000007 33.500000000000007 0.23582887649536136 14.500000000000002 0.97100839018821727 0.54847925901412975 0.12310606241226198 0.94444444775581371
decision_type=2 2 2 2 2 2 2 2 2 2 2 2 2 2 2 2 2 2 2 2 2 2 2 2 2 2 2 2 2 2
left_child=1 6 5 14 20 21 -1 25 9 -9 22 13 -6 -11 16 -16 -4 18 -17 -19 -5 -3 23 -10 -24 -8 28 -28 -27 -30
right_child=-2 2 3 4 12 -7 7 8 10 11 -12 -13 -14 -15 15 17 -18 19 -20 -21 -22 -23 24 -25 -26 26 27 -29 29 -31
leaf_value=-0.028283988388703354 -0.03586205223896366 -0.020571600290993003 0.023058448934092729 0.00068722685759656156 0.027131352591150116 0.019741837041814422 0.0010325783452631437 -0.043956281456729168 0.010918571025017532 -0.0020533024518692524 0.075745482062361535 -0.033102857929296473 -0.0075492228332246607 0.0080498567259209841 -0.041971118411732684 -0.039639121618675527 -0.058722229499086336 -0.0041413132827909163 -0.0063743363422189064 0.022902362112209362 -0.022672274270860451 0.050290737848410885 0.049620615412826634 -0.055714055749772354 -0.0056895758420587566 -0.029560285438997025 0.015355975586333215 0.052148493961244269 0.015746117615378724 -0.035444878482678417
leaf_weight=44.876240169804078 52.355286805541255 64.644519803667208 75.670678391674301 651.60841835284373 136.70950440713204 178.0148548221041 228.20193364025909 59.948000995413167 136.21985428748303 1013.0074806427001 12.086428374517707 37.754154642869253 49.105061910348013 719.46054787875619 52.779167631582823 155.55602354111033 8.3391528954962251 228.92267497378634 1154.7539821226092 96.100501123088179 81.659929850662593 7.1198059437447219 40.948573854402639 13.271235493884886 17.186662806576351 38.363290699460777 120.32894435274648 77.207998790312558 290.12224823783617 20.540906612528488
leaf_count=4335 16093 20953 3544 19828 5967 7785 16455 37354 7432 58416 146 656 1542 26619 6191 66826 713 11786 67811 3790 6889 741 1807 1176 2112 33514 8046 3748 25248 306
internal_value=4.05323e-05 0.000370146 -0.00299612 -0.00423688 0.00210024 0.0103359 0.00382008 0.00433996 0.00167149 -0.000133456 0.0166389 0.00137457 0.017975 0.00214457 -0.00752285 -0.00861898 0.0143453 -0.00751758 -0.0103506 0.00390049 -0.00194152 -0.0129468 0.0128516 0.00467228 0.0334494 0.011389 0.0157032 0.0299267 0.00759068 0.0122585
internal_weight=5862.86 5810.51 2940.98 2691.21 919.083 249.779 2869.52 2824.65 2049.88 1830.17 219.713 1770.22 185.815 1732.47 1772.12 1688.11 84.0098 1635.33 1310.31 325.023 733.268 71.7643 207.626 149.491 58.1352 774.765 546.563 197.537 349.026 310.663
internal_count=467829 451736 224366 194887 34226 29479 227370 223035 135718 123045 12673 85691 7509 85035 160661 156404 4257 150213 134637 15576 26717 21694 12527 8608 3919 87317 70862 11794 59068 25554
is_linear=0
shrinkage=0.05


Tree=136
num_leaves=31
num_cat=0
split_feature=44 56 48 51 27 40 13 34 31 51 48 50 54 22 25 50 52 45 39 53 22 53 42 51 23 5 31 54 55 52
split_gain=28.9996 41.4658 51.4104 35.3876 34.8314 55.9034 28.4469 33.7707 27.5591 24.7644 53.4684 42.8788 36.2863 32.8526 28.2191 33.828 34.2313 26.3057 51.5371 44.023 71.7627 26.2593 25.9692 23.9801 22.843 22.5276 23.4226 21.931 26.1799 31.8275
threshold=1.5000000000000002 0.74637374281883251 1.0000000180025095e-35 0.70222854614257824 9.5000000000000018 0.72474747896194469 1.0000000180025095e-35 0.4083333313465119 0.20074626803398135 0.4403389841318131 1.0000000180025095e-35 0.28831169009208685 0.97570812702178966 46.500000000000007 1.5000000000000002 0.58102023601531994 0.44136746227741247 1.0000000180025095e-35 0.056349206715822227 0.43842941522598272 44.500000000000007 0.38479596376419073 0.083602439612150206 0.080540537834167494 44.500000000000007 1.5000000000000002 0.35909883677959448 0.55585265159606945 0.83372825384140026 0.99425286054611217
decision_type=2 2 2 2 2 2 2 2 2 2 2 2 2 2 2 2 2 2 2 2 2 2 2 2 2 2 2 2 2 2
left_child=4 3 -3 -2 9 -6 8 25 -4 11 12 23 17 27 -13 -16 -17 19 -19 22 -21 -20 -11 -1 -15 -8 -27 -12 -29 -30
right_child=1 2 6 -5 5 -7 7 -9 -10 10 13 14 -14 24 15 16 -18 18 21 20 -22 -23 -24 -25 -26 26 -28 28 29 -31
leaf_value=-0.023424977741545658 0.12549735160015948 0.02142689976919572 -0.034065269620067944 0.019407557079722994 -0.034970604997710958 -0.0036442086821150931 0.020066754904389077 0.038680429625288837 0.0093921481488872492 -0.0010942286512662627 -0.027845808687235997 -0.0012297334761379708 0.036717161493013434 0.013021949555181834 -0.040772568264763047 0.05416972763973274 -0.025300892401250597 -0.046358924133763663 0.024539309069233205 0.052399946813843926 -0.0066354201979232979 -0.005401443363769444 0.058132793575253819 0.013736628116666899 -0.023757659929337621 -0.012986967693816459 0.046939456053469164 0.041946301468613591 0.0011031601887329823 0.042230499728584864
leaf_weight=52.970385247434024 12.527387885405913 346.91287135222228 113.57203708495945 19.839378920209128 183.03734341156087 631.00803419580916 87.54006488667801 59.4863395919092 52.991959230566863 1116.1195091202972 18.366718118952122 133.55637370600016 63.111727733863518 104.2280220122193 176.58450274920324 20.24538924312219 36.426346677908441 73.785568891267758 76.503564258193364 109.74514472164446 95.811669362243265 1332.7786255728279 17.819790232257219 221.68706093684887 69.506230405677343 246.88364014832769 16.479954182170331 163.64611506462097 137.85254661855288 70.453632104909047
leaf_count=8088 2155 5353 1930 505 46664 10678 1506 7804 1515 64637 4600 21662 1107 4360 110065 3096 13343 53193 9017 4203 2975 35716 192 25206 2382 3700 184 7054 4407 10679
internal_value=0.000269836 0.00823054 0.00624572 0.0629996 -0.00128339 -0.0107222 -0.00290375 0.00417509 -0.0202659 0.000596849 0.00227483 -0.00841657 -0.000479135 0.0163399 -0.0195809 -0.0300382 0.00353617 -0.00132354 -0.00590905 0.00375407 0.0249842 -0.00375985 -0.000113078 0.00651067 -0.0017443 -0.00176766 -0.00907371 0.0243732 0.0270195 0.0151486
internal_weight=5861.48 956.234 923.867 32.3668 4905.24 814.045 576.954 410.39 166.564 4091.2 3449.73 641.47 2885.68 564.053 366.813 233.256 56.6717 2822.56 1483.07 1339.5 205.557 1409.28 1133.94 274.657 173.734 350.904 263.364 390.319 371.952 208.306
internal_count=467976 24652 21992 2660 443324 57342 16639 13194 3445 385982 204522 181460 171040 33482 148166 126504 16439 169933 97926 72007 7178 44733 64829 33294 6742 5390 3884 26740 22140 15086
is_linear=0
shrinkage=0.05


Tree=137
num_leaves=31
num_cat=0
split_feature=21 56 29 51 20 51 42 36 30 38 49 35 50 20 51 56 34 49 21 20 44 43 49 50 33 12 51 51 35 12
split_gain=26.9424 23.8094 59.9434 27.3784 38.4796 23.2117 26.5883 22.6125 21.7133 24.6422 24.6909 21.0133 43.7908 63.7601 41.2931 53.3813 37.3491 54.0231 34.4959 36.2644 34.4424 30.9488 30.7554 24.3701 23.6602 22.3884 19.814 19.7551 19.0175 21.2216
threshold=23.500000000000004 0.54585504531860363 19.500000000000004 0.90054944157600414 23.500000000000004 0.99425286054611217 0.00065252862987108539 0.94444444775581371 0.42967033386230474 9.5000000000000018 0.46621005237102514 0.94444444775581371 0.95488464832305919 18.500000000000004 0.4712491780519486 0.72688424587249767 0.14835165441036227 0.63686314225196849 13.500000000000002 10.500000000000002 1.0000000180025095e-35 0.16840209066867831 0.58380147814750682 0.28831169009208685 4.5000000000000009 1.0000000180025095e-35 0.6926884949207307 0.94665718078613292 0.38750000298023229 1.0000000180025095e-35
decision_type=2 2 2 2 2 2 2 2 2 2 2 2 2 2 2 2 2 2 2 2 2 2 2 2 2 2 2 2 2 2
left_child=1 2 -1 11 5 6 27 -8 -2 10 -10 14 25 18 21 20 24 -18 19 -14 -16 22 23 -3 -17 -13 -22 -5 -4 -30
right_child=8 3 28 4 -6 -7 7 -9 9 -11 -12 12 13 -15 15 16 17 -19 -20 -21 26 -23 -24 -25 -26 -27 -28 -29 29 -31
leaf_value=-0.036105436373293102 -0.0024350515341995038 0.0095911318513139249 -0.043304948914394154 -0.007717238413485321 0.063798002736160694 0.029141014827717773 0.051505845633208237 -0.0089725598735686633 -0.039706236324062047 -0.039792393616990579 0.037644293213167909 -0.005060579869254212 -0.014383291615405164 0.041833365281886636 0.022183953754128564 0.020365835336581192 0.030686142682915658 -0.0087817999604149193 -0.016376268836756327 0.058758543619113535 0.14901956357382085 0.037480186491201155 0.04890957448961436 -0.013223858933558819 0.066132251189119209 -0.043456806494705104 0.054502178497362545 -0.070143020939545747 0.022300248459395235 -0.0010840114546780651
leaf_weight=121.91357827038155 2973.2167267954792 163.62264301424148 20.98767948182649 55.942220099037513 42.684155400143936 114.62542677053716 31.296163467923179 29.153028282336891 16.003725455375388 80.706562541687163 25.293133759900229 67.613289018860087 31.328519841190428 87.876280194846913 23.667067837814102 85.407696226728149 131.01659038721118 251.71839586657006 216.29298012831714 35.112785663339309 12.824893247801812 47.066464983712649 25.049928353109863 405.01777278236113 42.313912638812326 86.449531389691401 12.271741165954152 15.505539618898181 123.63897846153122 437.4998293381359
leaf_count=95879 171486 11973 24079 1041 1099 10678 843 437 6821 15975 1502 1011 465 2844 4372 2136 1953 4397 2661 978 842 551 603 65384 925 1419 184 313 21187 13911
internal_value=-9.83285e-05 0.00353354 -0.00437689 0.00629982 0.0205099 0.0127873 -0.00153723 0.0226674 -0.00328757 -0.0238747 0.00743867 0.00390642 -0.00443433 0.00488815 0.00755396 0.0174694 0.0126227 0.0047735 -0.00670171 0.0245687 0.0669309 -0.00111346 -0.00423096 -0.00665368 0.0359241 -0.0267472 0.106662 -0.022046 0.00231848 0.00409888
internal_weight=5813.12 2717.9 704.04 2013.86 289.207 246.522 131.897 60.4492 3095.22 122.003 41.2969 1724.65 524.673 370.611 1199.98 559.22 510.457 382.735 282.734 66.4413 48.7637 640.757 593.69 568.64 127.722 154.063 25.0966 71.4478 582.126 561.139
internal_count=467949 272165 155056 117109 14411 13312 2634 1280 195784 24298 8323 102698 9378 6948 93320 14809 9411 6350 4104 1443 5398 78511 77960 77357 3061 2430 1026 1354 59177 35098
is_linear=0
shrinkage=0.05


Tree=138
num_leaves=31
num_cat=0
split_feature=21 51 58 36 30 28 50 12 28 10 51 52 13 58 51 52 21 42 22 36 34 37 51 39 51 30 50 33 29 21
split_gain=26.9596 27.3159 27.6466 26.3759 38.458 29.0757 26.2669 71.738 69.2427 72.3659 51.4801 50.1712 29.5794 27.7923 42.3808 31.5373 25.733 25.3944 37.7084 36.485 35.6177 31.0437 21.9318 21.7913 21.3077 43.2445 21.965 21.2409 27.719 22.2903
threshold=16.500000000000004 0.91715687513351452 2.5000000000000004 0.23611111193895343 0.0745370388031006 15.500000000000002 0.98213717341423046 1.0000000180025095e-35 2.5000000000000004 1.0000000180025095e-35 0.4246212244033814 0.94804319739341747 1.0000000180025095e-35 1.5000000000000002 0.42163743078708654 0.12579113990068438 25.500000000000004 0.0016142060630954804 45.500000000000007 0.81666666269302379 0.38750000298023229 6.5000000000000009 0.99425286054611217 0.2419017776846886 0.89022758603096019 0.15301003307104113 0.92390406131744396 2.5000000000000004 55.500000000000007 25.500000000000004
decision_type=2 2 2 2 2 2 2 2 2 2 2 2 2 2 2 2 2 2 2 2 2 2 2 2 2 2 2 2 2 2
left_child=-1 2 6 4 -4 16 7 8 13 10 -10 -8 -13 14 -2 -15 -6 20 19 -19 -3 27 -21 -11 -9 -26 -27 29 -29 -22
right_child=1 17 3 -5 5 -7 11 24 9 23 -12 12 -14 15 -16 -17 -18 18 -20 22 21 -23 -24 -25 25 26 -28 28 -30 -31
leaf_value=0.0068956556256105977 -0.047595500737016273 -0.049495668050296641 -0.020367071504640351 0.065283760514287734 -0.01806499228909101 -0.03955588963201645 0.063763082333010257 -0.046859566649118306 -0.034874659575607765 0.0018632989045785299 -0.0096787216105536002 -0.0023801323081485857 0.041838738832590955 0.015329895037329925 0.0036213681628450805 0.084155436156212571 0.028425108025110057 0.03807381422934937 0.032330081635079 -0.017608686950358918 0.0040392526444918255 0.043699304274575627 0.013093138461488253 0.085465449341000421 -0.058658741326615776 -0.019801013556906388 0.061752045600013294 0.0033953062566608929 0.07455582990997682 -0.026789863206113936
leaf_weight=1180.8611132735969 41.903015170770232 34.978222023230046 98.682710402266821 18.807093207258731 34.359486060158815 20.424953235051362 30.882511652074754 143.27286078824545 265.460775404179 11.801751964114372 853.42886859262944 763.51388504897477 38.787599710398354 161.59152883701609 688.84846843578271 17.674957572628045 195.92874989594566 58.955859384615906 174.72502422455 146.16542177728843 105.77822515729349 40.050388897070661 95.273580699576996 22.218174395617098 25.017037023644662 13.672414493747054 18.468946612614673 374.16509735054569 13.210551301483063 129.90652205247898
leaf_count=140623 19341 507 4412 226 2334 3462 778 8340 85637 823 74164 17825 5327 5820 36629 297 11047 1591 5977 2345 7134 2284 6076 315 703 607 537 15474 124 7430
internal_value=0.000154096 -0.00156348 -0.00379621 0.00913943 0.00593964 0.0163339 -0.00533682 -0.00812988 -0.00534611 -0.0134797 -0.0156824 0.00225124 -0.00019293 0.00496183 0.000623442 0.022545 0.0214406 0.0050279 0.0139315 0.00315825 -0.00104318 0.0015833 -0.00548949 0.0573446 -0.0366128 -0.0105644 0.02751 -0.0011896 0.00600779 -0.0129948
internal_weight=5818.82 4637.95 3464.75 368.203 349.396 250.713 3096.54 2263.36 2062.93 1152.91 1118.89 833.184 802.301 910.018 730.751 179.266 230.288 1173.21 475.12 300.395 698.089 663.111 241.439 34.0199 200.431 57.1584 32.1414 623.06 387.376 235.685
internal_count=468189 327566 278624 21481 21255 16843 257143 233213 223026 160939 159801 23930 23152 62087 55970 6117 13381 48942 15989 10012 32953 32446 8421 1138 10187 1847 1144 30162 15598 14564
is_linear=0
shrinkage=0.05


Tree=139
num_leaves=31
num_cat=0
split_feature=38 44 48 56 41 27 56 33 46 7 55 50 48 12 51 28 52 37 43 22 52 21 40 5 43 55 51 55 40 51
split_gain=25.8386 28.4772 43.8653 49.7859 23.8346 28.551 23.0441 21.8902 20.7399 20.2913 42.8249 18.2872 48.3017 36.2099 54.8363 51.3708 30.6574 17.6366 16.4398 14.9433 14.6646 14.5234 14.5077 15.3751 15.584 15.0632 14.2818 14.1538 15.0166 14.1243
threshold=17.500000000000004 1.5000000000000002 1.0000000180025095e-35 0.74637374281883251 0.54006412625312816 8.5000000000000018 0.6761576533317567 6.5000000000000009 1.0000000180025095e-35 1.0000000180025095e-35 0.67750748991966259 0.982753485441208 1.0000000180025095e-35 1.0000000180025095e-35 0.89022758603096019 2.5000000000000004 0.93957647681236278 5.5000000000000009 0.023101550526916984 47.500000000000007 0.83438816666603099 11.500000000000002 0.90692642331123363 1.5000000000000002 0.031751260161399848 0.77431482076644909 0.86240702867507946 0.88143625855445873 0.86811593174934398 0.45867486298084265
decision_type=2 2 2 2 2 2 2 2 2 2 2 2 2 2 2 2 2 2 2 2 2 2 2 2 2 2 2 2 2 2
left_child=1 7 21 20 5 18 -6 8 9 11 -11 13 16 15 -15 -1 -13 -5 -2 -14 -4 -3 25 -24 -25 -19 -8 28 -23 -12
right_child=4 2 3 17 6 -7 26 -9 -10 10 29 12 19 14 -16 -17 -18 22 -20 -21 -22 27 23 24 -26 -27 -28 -29 -30 -31
leaf_value=0.010121068052291633 -0.011896122974098746 0.08100216029604046 0.12188130537077563 0.017344017702301259 0.11156078082374757 -0.052868548477665124 -0.010384649876717212 -0.017034028874776452 -0.022015864061346327 -0.031375496906734933 -0.025521731972648287 0.059092041148141775 0.044202793359483003 -0.042468195304455947 0.00095255873920352797 -0.0057113654605258912 0.0022690102251075278 0.0064571851396208364 0.10196301976980147 0.0072081469518258685 0.031177158617315431 0.025450447322858474 0.024680447932132286 0.008752012686039352 -0.028394755436255636 -0.023446266795093366 0.015445212913719876 0.010900679928767094 0.065646145643004042 0.01254300707581865
leaf_weight=922.49861776531907 68.355401719163638 11.321081636648158 9.1764056257670763 97.786434105481021 3.2542446887528049 63.643037445144728 283.20074766300968 189.75609311941662 100.9523833161511 143.74237156560412 28.642932733579073 23.144413917907514 99.732727784430608 124.38948140110006 172.98373795050429 1149.8138701982098 1417.1164880359429 57.699342894833535 2.3259997367858878 38.049813583027571 9.5790423635626194 92.852627691754606 59.58990367455408 68.561702396953478 46.607055290602148 151.30616614338942 64.999463855987415 103.67022514366545 31.304887921083719 136.75448230496841
leaf_count=63050 18147 180 552 4262 250 37678 10191 43427 3586 25777 1854 430 11655 5659 5741 176971 37082 1199 440 2704 325 1615 2496 1228 906 4038 1418 1361 379 3225
internal_value=1.05189e-05 0.00102526 0.0101184 0.00168343 -0.0110129 -0.0288456 -0.00413484 -0.000455223 0.000270424 0.000803994 -0.0115111 0.00177104 0.00593942 -0.00100615 -0.0172915 0.00133799 0.0032225 -0.00150497 -0.00677904 0.034112 0.0794787 0.0276841 -0.00634045 0.00428087 -0.00639575 -0.0151995 -0.0055325 0.0246922 0.0360289 0.00583733
internal_weight=5772.81 5287.03 739.455 500.306 485.779 134.324 351.454 4547.58 4357.82 4256.87 309.14 3947.73 1578.04 2369.69 297.373 2072.31 1440.26 481.551 70.6814 137.783 18.7554 239.149 383.764 174.759 115.169 209.006 348.2 227.828 124.158 165.397
internal_count=467826 399702 18541 15006 68124 56265 11859 381161 337734 334148 30856 303292 51871 251421 11400 240021 37512 14129 18587 14359 877 3535 9867 4630 2134 5237 11609 3355 1994 5079
is_linear=0
shrinkage=0.05


Tree=140
num_leaves=31
num_cat=0
split_feature=38 44 48 55 13 35 38 38 26 6 46 7 55 6 29 56 29 33 51 54 22 25 26 49 0 29 48 41 52 56
split_gain=23.9442 24.8965 34.9667 40.7056 28.5717 30.9843 28.1126 24.4615 25.2463 21.2358 20.0591 20.2827 35.534 24.4706 32.7738 33.5285 19.4527 27.1683 17.5375 16.0757 15.4361 13.7181 12.9587 12.5479 12.3678 18.1422 16.6361 12.5968 12.2379 14.2193
threshold=23.500000000000004 1.5000000000000002 1.0000000180025095e-35 0.61161035299301159 1.0000000180025095e-35 0.81666666269302379 9.5000000000000018 15.500000000000002 12.500000000000002 1.5000000000000002 1.0000000180025095e-35 1.0000000180025095e-35 0.67750748991966259 1.5000000000000002 47.500000000000007 0.48022346198558813 43.500000000000007 2.5000000000000004 0.99425286054611217 0.98048734664917003 25.500000000000004 2.5000000000000004 10.500000000000002 0.91010102629661571 3.5000000000000004 54.500000000000007 1.0000000180025095e-35 0.87228259444236766 0.87026646733284008 0.69452759623527538
decision_type=2 2 2 2 2 2 2 2 2 2 2 2 2 2 2 2 2 2 2 2 2 2 2 2 2 2 2 2 2 2
left_child=1 7 22 28 6 9 -5 10 -9 -6 11 13 20 16 15 -15 18 -18 -1 -12 -13 -16 -3 24 -10 26 -26 -27 29 -4
right_child=-2 2 3 4 5 -7 -8 8 23 -11 19 12 -14 14 21 -17 17 -19 -20 -21 -22 -23 -24 -25 25 27 -28 -29 -30 -31
leaf_value=0.0060968192912130709 -0.033959213973033558 0.038439382932690842 0.13347624654408008 0.025853333500053671 0.020829197672823613 0.043886366660672381 -0.031221662697399212 -0.034934901035593532 -0.0366956093364465 -0.0079026003548662693 -0.025477343717988207 0.023539049089288944 0.003560520939134513 -0.015934835302140616 0.008745641903176048 -0.00021299124969101493 -0.01530464764489254 0.029560353933106465 0.020544323930265968 0.073626663462423941 -0.035834787630476921 0.03643842813124331 0.015187204907214908 0.014307905046758947 -0.0054408611693718724 0.0087353485376930017 -0.036410979278152539 0.083098855929899074 0.00819069992975093 0.044754189352048078
leaf_weight=936.75785692600766 50.21566891609109 77.894794912892394 5.5643496095435721 25.208402064163238 83.731271951925009 42.23148656275589 125.72291762952227 93.012252561864443 37.319335836305982 265.86535307322629 99.277885956049431 11.318099016440099 169.11700510376249 414.51113921633805 139.35664971653023 1844.5727173580381 177.54710491432343 40.641607682744507 270.37457054725382 3.3171379019040605 123.95606625743676 65.513591415918199 262.26876118659857 62.506914388097357 169.43002796918154 66.774625735997688 57.49516133958241 5.2666159411892286 13.237721626646815 21.289896628179122
leaf_count=26992 16173 1355 598 553 1739 6847 2639 37015 3461 4454 4200 2180 5344 110474 12208 140553 6274 474 17146 35 23996 3460 4214 2472 19451 9488 3309 79 451 464
internal_value=7.61877e-05 0.000381343 0.0078956 0.000453316 -0.00317364 0.00395396 -0.0215816 -0.00106856 -0.0116196 -0.000981315 0.000141668 0.000678419 -0.0117296 0.00165229 -0.00136434 -0.00310351 0.00686443 -0.00685099 0.00934711 -0.0215933 -0.0307308 0.0177352 0.0206088 -0.00610784 -0.00993377 -0.00648195 -0.013413 0.015235 0.0484369 0.0672699
internal_weight=5761.3 5711.08 923.015 582.851 542.759 391.828 150.931 4788.07 491.805 349.597 4296.26 4193.67 304.391 3889.28 2463.95 2259.08 1425.32 218.189 1207.13 102.595 135.274 204.87 340.164 398.793 336.286 298.966 226.925 72.0412 40.092 26.8542
internal_count=468098 451925 23314 17745 16232 13040 3192 428611 75275 6193 353336 349101 31520 317581 266695 251027 50886 6748 44138 4235 26176 15668 5569 38260 35788 32327 22760 9567 1513 1062
is_linear=0
shrinkage=0.05


Tree=141
num_leaves=31
num_cat=0
split_feature=21 30 41 55 54 23 41 33 31 48 46 26 56 29 51 51 7 35 12 42 37 49 21 49 50 6 21 20 50 55
split_gain=25.9149 21.6107 21.9558 35.4254 28.1726 21.7173 20.819 20.0703 19.6273 20.4423 19.4358 19.1949 18.9569 59.7566 26.1665 22.167 21.8909 20.8872 24.7966 21.9422 17.0201 16.4693 16.4182 24.8462 16.068 15.5034 16.8928 15.4291 73.3186 45.1993
threshold=23.500000000000004 0.42967033386230474 0.71825397014617931 0.8893263339996339 0.96677702665328991 49.500000000000007 0.56832298636436474 2.5000000000000004 0.51031038165092479 1.0000000180025095e-35 1.0000000180025095e-35 6.5000000000000009 0.53371214866638195 19.500000000000004 0.99425286054611217 0.96178188920021068 1.0000000180025095e-35 0.46428571641445165 1.0000000180025095e-35 0.00078740206663496803 5.5000000000000009 0.45035210251808172 17.500000000000004 0.61938297748565685 0.89022758603096019 1.5000000000000002 45.500000000000007 18.500000000000004 0.97700846195220958 0.75585973262786876
decision_type=2 2 2 2 2 2 2 2 2 2 2 2 2 2 2 2 2 2 2 2 2 2 2 2 2 2 2 2 2 2
left_child=12 2 4 8 5 10 -7 -5 9 -4 -2 21 13 -1 15 27 -16 -15 19 -19 -11 -3 23 -21 -24 -9 -27 29 -29 -14
right_child=1 11 3 7 -6 6 -8 25 -10 20 -12 -13 14 17 16 -17 -18 18 -20 22 -22 -23 24 -25 -26 26 -28 28 -30 -31
leaf_value=-0.037558536671521578 -0.0033025202769365277 -0.039098977081160217 0.016684417606365517 0.028997610883074201 0.046872208985227981 -0.03785697678280639 -0.0087546560589155005 0.0049318213807506518 0.037979410903153772 0.026546571845413813 -0.038770069666721731 -0.036929439257855898 0.02049251473238075 -0.045309213591751746 0.043947113453029332 -0.066603289195867554 -0.0034200864645008867 -0.018190078983226842 -0.0010191403192572016 -0.013725786671574858 -0.0095492158037248382 0.034674694142201021 0.047445716146926019 0.073871722230478068 -0.0062008335846496544 -0.014208699427074112 0.045217578364215132 0.0029109947528586123 0.037137608985994018 -0.0068112416280814731
leaf_weight=107.58553630035021 1377.3661535916617 10.731123483448757 311.34228991041891 39.146572580561042 23.875511566409841 99.529380632942775 160.252038977138 177.62860344722867 62.05125929438509 38.716105293948203 38.755171715485631 82.378063786323764 200.19450741971377 20.720304765054607 78.032227215007879 9.8452238659374398 35.083175431238487 24.376572025124915 437.70650232175831 9.9224628764204663 183.00935004709754 20.412948455108562 22.27341636683559 37.080882858834229 34.378016684844624 424.93231222289614 11.351406043162568 869.32594466919545 189.8684873766033 613.59327316714916
leaf_count=91402 105172 7587 5935 2032 531 30432 6081 5416 1425 1430 1128 15020 22562 23895 8822 223 2019 5093 13857 6140 3999 1693 7249 2088 419 7469 305 70768 6328 11414
internal_value=4.82807e-05 -0.0030973 -0.00226864 0.00276562 -0.00596484 -0.00674508 -0.020007 -0.00527219 0.01158 0.00844168 -0.00429984 -0.0244083 0.00362809 -0.00348628 0.00610246 0.00469068 0.0293548 0.00281756 0.00465705 0.02392 -0.00315554 0.00882939 0.0339022 0.0554791 0.0153483 -0.00750104 -0.0125627 0.00510077 0.00907561 -7.75194e-05
internal_weight=5751.46 3061.48 2947.96 1248.18 1699.78 1675.9 259.781 653.059 595.119 533.068 1416.12 113.522 2689.99 694.044 1995.94 1882.83 113.115 586.458 565.738 128.031 221.725 31.1441 103.655 47.0033 56.6514 613.912 436.284 1872.98 1059.19 813.788
internal_count=467934 195655 171355 28011 143344 142813 36513 15222 12789 11364 106300 24300 272279 150143 122136 111295 10841 58741 34846 20989 5429 9280 15896 8228 7668 13190 7774 111072 77096 33976
is_linear=0
shrinkage=0.05


Tree=142
num_leaves=31
num_cat=0
split_feature=8 38 41 53 29 55 45 45 41 39 23 27 51 0 31 38 41 36 29 21 45 56 55 40 41 48 13 55 31 51
split_gain=23.1902 17.4006 22.0218 23.1122 19.5031 28.5329 28.8911 19.3768 18.9134 15.7565 49.944 27.9642 23.2618 21.7417 21.3781 21.2785 15.3083 15.879 17.4468 16.2788 14.5599 35.071 29.8726 23.7091 20.1179 16.3632 14.2205 14.2122 13.9371 13.9168
threshold=1.0000000180025095e-35 14.500000000000002 0.70710784196853649 0.27608892321586614 1.0000000180025095e-35 0.97506219148635875 1.0000000180025095e-35 1.0000000180025095e-35 0.72474747896194469 0.067816093564033522 10.500000000000002 4.5000000000000009 0.99425286054611217 4.5000000000000009 0.56329935789108287 12.500000000000002 0.76696833968162548 0.86607143282890331 1.5000000000000002 8.5000000000000018 1.0000000180025095e-35 0.80972057580947887 0.62869620323181163 0.89564427733421337 0.82971012592315685 1.0000000180025095e-35 1.0000000180025095e-35 0.9114484190940858 0.17512886226177218 0.96449580788612377
decision_type=2 2 2 2 2 2 2 2 2 2 2 2 2 2 2 2 2 2 2 2 2 2 2 2 2 2 2 2 2 2
left_child=9 4 3 -3 7 16 26 -2 -9 10 -1 -11 14 15 20 -14 -6 19 27 -18 21 22 -13 28 -23 -25 -7 -19 -22 -21
right_child=1 2 -4 -5 5 6 -8 8 -10 11 -12 12 13 -15 -16 -17 17 18 -20 29 23 24 -24 25 -26 -27 -28 -29 -30 -31
leaf_value=0.0014930885427281162 -0.0011176777945076063 0.0081672672759744575 -0.0044986700788270297 -0.036723980991939749 -0.0037107474842171407 -0.10194625838120658 0.054252899296995928 0.011151829163637401 -0.033946770064644416 0.027817623713129826 -0.041210623242037336 0.0080396494998179434 0.028695913106183243 0.046234260242600411 0.023810773541001886 -0.025002982853333369 0.044742364917331329 0.03029561881913731 0.027868202006092819 0.00090889253975645797 -0.0085884116591763322 -0.0077366912124216371 0.060664394386227588 0.03191297052414744 0.011133731473484445 -0.02664859980430026 0.0032472975930145317 -0.06394600401759358 0.0029927689359785349 -0.068347104753797211
leaf_weight=535.56838201766368 168.39075809458154 36.571642372029601 354.19447427429259 126.55350237952371 1337.5329099045775 3.2075313217937955 44.757311098277569 27.998789378034417 124.89751843514387 126.54473200530629 77.49490633457026 57.52989576003165 41.692810799460858 59.030210336786695 108.45280812328565 31.517930479778443 20.084859838709235 5.7870975772384545 114.71102824062109 490.52826001518406 689.1394227531564 274.74677373009035 50.358638648787746 73.781150637776591 288.59517741226591 13.40323246270418 13.345115442061797 9.253982001449911 415.93584650784032 6.3624226581305257
leaf_count=25522 7856 3751 7019 47412 143072 24 580 2926 2158 19442 53477 23509 3681 8077 7082 1410 227 302 6631 10476 37478 8264 3122 682 7532 140 571 88 35375 199
internal_value=-7.1926e-05 -0.00323045 -0.0115282 -0.0266712 -0.00141271 0.000388288 0.0337042 -0.0128449 -0.0256694 0.00313146 -0.00396324 0.00508217 0.00370231 0.0239229 0.00233485 0.00555262 -0.00065757 0.00565285 0.0212201 0.00171231 0.00107287 0.0069576 0.0329346 -0.00224322 0.00193306 0.0227099 -0.0217836 -0.0280581 -0.00423064 -0.000113386
internal_weight=5727.97 2884.18 517.32 163.125 2366.86 2045.57 61.31 321.287 152.896 2843.79 613.063 2230.73 2104.18 132.241 1971.94 73.2107 1984.26 646.728 129.752 516.976 1863.49 671.23 107.889 1192.26 563.342 87.1844 16.5526 15.0411 1105.08 496.891
internal_count=468085 233292 58182 51163 175110 162170 1175 12940 5084 234793 78999 155794 136352 13168 123184 5091 160995 17923 7021 10902 116102 42427 26631 73675 15796 822 595 390 72853 10675
is_linear=0
shrinkage=0.05


Tree=143
num_leaves=31
num_cat=0
split_feature=38 44 48 56 27 40 43 55 49 48 51 54 50 50 45 51 21 13 35 31 50 51 36 30 35 21 55 13 39 54
split_gain=21.4366 21.9824 34.582 40.3416 23.7978 37.9161 31.4276 58.0372 40.5281 36.4848 33.2765 32.3034 27.6702 27.152 24.504 24.393 23.3673 20.5773 29.8395 23.2189 18.4168 16.3651 31.9056 21.4447 17.7046 20.9465 16.2651 16.2255 15.8958 15.7654
threshold=23.500000000000004 1.5000000000000002 1.0000000180025095e-35 0.76959192752838146 9.5000000000000018 0.72474747896194469 0.023101550526916984 0.73086684942245495 0.49253065884113317 1.0000000180025095e-35 0.62316370010375988 0.97570812702178966 0.25198413431644445 0.30094340443611151 1.0000000180025095e-35 0.08856209367513658 7.5000000000000009 1.0000000180025095e-35 0.81666666269302379 0.17512886226177218 0.98213717341423046 0.87559524178504955 0.47222222387790685 0.30839161574840551 0.64583334326744091 35.500000000000007 0.83791333436965953 1.0000000180025095e-35 0.18898809701204303 0.85066050291061412
decision_type=2 2 2 2 2 2 2 2 2 2 2 2 2 2 2 2 2 2 2 2 2 2 2 2 2 2 2 2 2 2
left_child=1 4 -3 27 6 -6 8 12 10 11 13 14 -8 15 -10 -1 -15 19 -19 -5 26 22 29 -24 -23 -26 -11 -4 -12 -7
right_child=-2 2 3 17 5 21 7 -9 9 20 28 -13 -14 16 -16 -17 -18 18 -20 -21 -22 24 23 -25 25 -27 -28 -29 -30 -31
leaf_value=-0.027498283635555471 -0.03306779391273381 0.020149626966077399 0.018170587748016245 -0.032889859781762738 -0.031170231804043443 -0.013816580608590765 0.091079508159211467 0.0029437713637982315 0.0029573850243041536 0.017940159571484059 -0.03501717371717724 0.042216763600441437 0.030032466824419242 0.0068926623591529252 -0.006963161980694273 0.010468201009118782 -0.032213257749482034 -0.0017276393378234042 0.043376714067911194 0.006941424603721282 0.031036822410355859 -0.021896441641834654 -0.011202005267260612 -0.044889777702218116 0.043777841249323601 -0.017986598989506265 -0.0058395004984380964 0.089896291173646004 0.10462677360957538 0.013210494471086846
leaf_weight=61.568301586259622 47.423888875768171 336.52504456383758 16.717550177534577 99.595906743517844 154.13231881796673 75.004531382524874 22.55036118789576 426.81243561825249 1239.8703637135768 168.72806471516378 2.136718033871146 40.965196976903826 98.232476674224017 44.897107807308203 1248.1276033871545 129.66214153374312 243.56913076140336 354.53564078290947 39.890637012897059 57.028549790324178 121.06639215827454 22.795601713471115 198.16272960999049 61.494482551701367 52.399546188069507 17.847074599238113 124.10117677599192 15.091933667863488 7.4683697450673208 185.4789687152952
leaf_count=10826 16137 5564 1116 1561 34603 2188 1159 11596 64281 9183 983 739 7727 8725 87910 22127 141706 6170 6863 1461 11757 265 2149 810 2033 336 4255 704 177 2772
internal_value=5.83626e-05 0.000341389 0.00741345 3.80624e-05 -0.00102956 -0.00908593 0.000525638 0.011638 -0.00125019 0.000966915 -0.0145595 -0.00128718 0.0420843 -0.0164651 -0.00202015 -0.0018349 -0.026124 -0.00316333 0.00293219 -0.0184349 0.0147097 -0.00349301 -0.00695211 -0.0193219 0.015713 0.0280536 0.00787675 0.0539034 0.0731893 0.00540515
internal_weight=5713.88 5666.46 919.385 582.86 4747.07 767.315 3979.76 547.595 3432.16 2942.86 489.302 2528.96 120.783 479.697 2488 191.23 288.466 551.051 394.426 156.624 413.896 613.183 520.141 259.657 93.0422 70.2466 292.829 31.8095 9.60509 260.484
internal_count=467883 451746 23439 17875 428307 45156 383151 20482 362669 178125 184544 152930 8886 183384 152191 32953 150431 16055 13033 3022 25195 10553 7919 2959 2634 2369 13438 1820 1160 4960
is_linear=0
shrinkage=0.05


Tree=144
num_leaves=31
num_cat=0
split_feature=8 56 45 29 55 48 51 55 38 40 45 28 40 58 36 13 42 51 0 40 23 56 51 22 53 5 44 56 40 23
split_gain=22.1248 15.6419 34.0922 21.1559 35.4168 40.3981 21.0495 18.7545 18.0016 15.5049 17.1073 14.9046 19.358 15.3072 16.7251 16.1009 25.2448 15.7495 18.2224 14.7644 16.1861 32.7655 16.7832 14.4123 14.1933 15.5699 13.552 23.4849 28.3489 21.1911
threshold=1.0000000180025095e-35 0.99822065234184276 1.0000000180025095e-35 1.0000000180025095e-35 0.96614265441894542 1.0000000180025095e-35 0.85270008444786083 0.9114484190940858 18.500000000000004 0.74456521868705761 1.0000000180025095e-35 17.500000000000004 0.92153847217559826 1.5000000000000002 0.23611111193895343 1.0000000180025095e-35 0.0024883691221475606 0.99425286054611217 8.5000000000000018 0.92153847217559826 55.500000000000007 0.94146201014518749 0.85270008444786083 25.500000000000004 0.92338585853576671 1.5000000000000002 1.0000000180025095e-35 0.9631328582763673 0.86811593174934398 24.500000000000004
decision_type=2 2 2 2 2 2 2 2 2 2 2 2 2 2 2 2 2 2 2 2 2 2 2 2 2 2 2 2 2 2
left_child=11 3 6 7 8 -6 24 -2 26 -9 -11 13 -13 15 -15 17 -17 19 23 20 21 -1 -22 -19 -3 -26 29 28 -28 -5
right_child=1 2 -4 4 5 -7 -8 9 -10 10 -12 12 -14 14 -16 16 -18 18 -20 -21 22 -23 -24 -25 25 -27 27 -29 -30 -31
leaf_value=-0.00066025190465424273 0.0051448046214747035 0.0038900538605194548 0.027415639236499367 0.00049522254284604917 0.053093134784330281 -0.025762456877176411 0.027567435698109339 0.032587711440581188 -0.022509436786830869 0.022429665125106395 -0.040021463630228016 -0.025966319480786933 0.013142823728974738 0.013291812010052801 0.073338549505860759 0.0068050193683779408 0.041530534517637774 0.051556143619850274 0.053020285479017749 0.026034687005893009 -0.020111011236645947 0.039056175012530898 0.0067306688029551255 0.0054434784745484646 0.0018873986343550888 -0.030520512388304652 0.0021499653468513482 -0.01850691989043898 0.03452132795156064 -0.012421289242962237
leaf_weight=1340.4427705692651 52.023443901183782 139.05095349915791 128.86096440372057 615.55750392258051 54.467392603633925 22.257295413175598 48.373477171291597 8.502120328252202 125.09067326887453 11.451548959361388 117.30019338021521 90.296203541540308 47.658662041882053 225.18531900957169 11.306415927538181 305.03054162806075 62.332318315573502 16.944346383446828 23.13740916387178 49.792462415061891 198.17645566852298 53.021522632683627 81.717134812060976 313.02071271900786 60.108708192594349 95.195803386624902 553.51090277452022 113.4874188809772 76.073300555231981 654.7340684918745
leaf_count=127369 5657 2573 2376 46762 706 1063 5610 109 28550 410 1917 22480 1044 13398 147 28207 7451 856 1943 517 14161 865 1439 14763 1439 1728 50876 1848 1314 80017
internal_value=0.000364715 -0.00271996 0.00559792 -0.004353 -0.00297726 0.0301805 -0.00266112 -0.0203535 -0.00418047 -0.0299855 -0.0343368 0.0035127 -0.0124581 0.00433912 0.0164593 0.00315988 0.0127938 0.00144996 0.0110541 -0.000523358 -0.0013287 0.000877888 -0.0122783 0.00796007 -0.0077053 -0.0180456 -0.00303108 0.00233048 0.00610997 -0.00616674
internal_weight=5694.11 2876.05 471.59 2404.46 2215.18 76.7247 342.729 189.277 2138.45 137.254 128.752 2818.06 137.955 2680.11 236.492 2443.62 367.363 2076.25 353.102 1723.15 1673.36 1393.46 279.894 329.965 294.355 155.305 2013.36 743.072 629.584 1270.29
internal_count=467595 232955 13726 219229 211136 1769 11350 8093 209367 2436 2327 234640 23524 211116 13545 197571 35658 161913 17562 144351 143834 128234 15600 15619 5740 3167 180817 54038 52190 126779
is_linear=0
shrinkage=0.05


Tree=145
num_leaves=31
num_cat=0
split_feature=21 20 21 50 28 58 36 52 52 21 20 21 20 55 50 52 22 50 28 34 52 22 52 35 40 49 52 58 50 21
split_gain=23.6283 24.5809 22.0185 18.2909 35.7952 51.7006 34.5189 33.39 25.9842 25.9746 38.6508 38.5832 30.8781 71.9253 24.885 44.7253 35.2387 28.8282 17.8961 17.2908 52.9382 54.6102 83.0642 45.2773 50.595 55.1985 31.7903 30.1265 45.7306 28.361
threshold=16.500000000000004 16.500000000000004 5.5000000000000009 0.982753485441208 7.5000000000000009 3.5000000000000004 0.72077924013137828 0.94312667846679699 0.082762558013200774 23.500000000000004 25.500000000000004 29.500000000000004 20.500000000000004 0.56615138053894054 0.54261502623558056 0.5178799331188203 40.500000000000007 0.70396453142166149 10.500000000000002 0.72077924013137828 0.89825496077537548 47.500000000000007 0.99425286054611217 0.64583334326744091 0.43303571641445165 0.77459675073623668 0.92031747102737438 1.5000000000000002 0.51355314254760753 34.500000000000007
decision_type=2 2 2 2 2 2 2 2 2 2 2 2 2 2 2 2 2 2 2 2 2 2 2 2 2 2 2 2 2 2
left_child=2 -2 -1 4 19 14 -5 -8 18 12 -11 -12 -9 -14 -6 17 -17 -16 -7 23 -21 22 -22 27 25 -25 -26 28 -3 -29
right_child=1 3 -4 6 5 8 7 9 -10 10 11 -13 13 -15 15 16 -18 -19 -20 20 21 -23 -24 24 26 -27 -28 29 -30 -31
leaf_value=-0.023230526972851693 -0.01394183420981529 -0.047159024421376913 0.0079225381705353912 0.037891068092675478 -0.048640592854241695 0.032158512428896543 0.061926854078662552 -0.0044138078496604337 0.039339784703669611 -0.018960534029908344 0.021622030196153982 -0.0064396483313037493 0.0017418469279695836 0.05627658983245918 -0.0094461612371765785 0.0083218696207762993 -0.030051824800141222 0.095894022469165646 -0.051822185047839101 -0.050672001089005485 -0.042301592276435179 0.018747929501621918 0.017911240368681386 0.088610671022204324 -0.0018901166691167204 0.019056446135889679 0.031359944556125306 -0.00040085999298448863 -0.0055390703158439214 0.027188181858836608
leaf_weight=58.815214398753596 371.3444184618711 72.413314623307087 1110.2928753650194 71.197930299909785 70.93170664034551 9.3188435366319045 22.092889167193789 189.14487459286465 58.015343811246566 282.92479518571054 193.37669816546259 330.37105230486486 161.63974841756863 95.653948300750926 11.826651241717629 77.455695313488832 256.4144746063248 12.976720368882523 15.86757663724711 63.669383413303876 139.60589067076216 178.81349587079603 95.893611228035297 40.570771441241959 327.62162735365564 93.420800134947058 91.058502303203568 402.04460547064082 657.96690595748078 120.23125780725968
leaf_count=6304 36775 42929 134340 2173 34411 786 614 8904 3545 7816 8677 10797 7999 4803 5622 9300 19700 315 2761 2816 4023 7637 5266 2060 4294 2630 2423 20169 63396 4686
internal_value=4.91681e-06 -0.0016361 0.00633678 -0.00052989 -0.00283516 -0.0147588 0.00425608 0.00234993 0.0211323 0.00125103 -0.00410372 0.00394267 0.0109141 0.0221556 -0.0217428 -0.016303 -0.0211511 0.0472466 -0.0207083 -0.000151941 -0.00859774 -0.00202555 -0.0178113 0.00208771 0.0139952 0.0406169 0.00539891 -0.00317286 -0.0097243 0.00599013
internal_weight=5682.97 4513.86 1169.11 4142.52 2796.12 512.807 1346.4 1275.2 83.2018 1253.11 806.673 523.748 446.439 257.294 429.605 358.674 333.87 24.8034 25.1864 2283.31 477.982 414.313 235.5 1805.33 552.672 133.992 418.68 1252.66 730.38 522.276
internal_count=467971 327327 140644 290552 238769 76440 51783 49610 7092 48996 27290 19474 21706 12802 69348 34937 29000 5937 3547 162329 19742 16926 9289 142587 11407 4690 6717 131180 106325 24855
is_linear=0
shrinkage=0.05


Tree=146
num_leaves=31
num_cat=0
split_feature=33 38 60 30 26 39 42 13 24 4 50 35 25 29 34 52 6 33 30 52 55 39 50 22 50 5 50 40 55 50
split_gain=18.9106 18.9518 25.0655 25.1016 24.225 23.6402 20.8474 49.8723 32.3187 26.4644 28.9719 64.9422 29.0975 26.4042 25.8815 35.2962 32.7267 18.7878 17.4948 27.8064 27.6199 24.0233 16.9881 16.8499 16.6471 16.3805 15.7487 15.6846 15.5329 15.4268
threshold=6.5000000000000009 17.500000000000004 1.0000000180025095e-35 0.40778534114360815 12.500000000000002 0.72474747896194469 0.0024883691221475606 1.0000000180025095e-35 2.5000000000000004 1.0000000180025095e-35 0.53093111515045177 0.18333333730697635 1.5000000000000002 38.500000000000007 0.63068181276321422 0.68614074587821972 1.5000000000000002 7.5000000000000009 0.10380747169256212 0.98386678099632274 0.67750748991966259 0.19722222536802295 0.69631093740463268 119.50000000000001 0.93969696760177623 2.5000000000000004 0.9634092152118684 0.92450141906738292 0.93809869885444652 0.20204082131385806
decision_type=2 2 2 2 2 2 2 2 2 2 2 2 2 2 2 2 2 2 2 2 2 2 2 2 2 2 2 2 2 2
left_child=1 2 6 5 -3 -4 8 13 18 10 12 -12 -10 14 15 -8 -16 22 19 26 -21 24 23 -2 -20 -7 -1 -6 -29 -19
right_child=17 4 3 -5 27 25 7 -9 9 -11 11 -13 -14 -15 16 -17 -18 29 21 20 -22 -23 -24 -25 -26 -27 -28 28 -30 -31
leaf_value=-0.021792121473828308 -0.035246488581864244 -0.052927569438666493 0.024707769335642133 -0.042225670422019253 -0.011625953083390282 0.018300487762090409 -0.029191756880575459 0.035923172260851031 0.0060831167634323013 -0.016125586647921342 0.046195005297715419 0.0051489008480646824 -0.036508836090424261 0.016648420404596374 0.0090860732602475527 0.013293039780454905 -0.011840001004972546 0.019523427323198745 -0.039107222302794557 -0.0083266253577571163 0.038546098905750496 0.0011806787821802452 0.0042874760125262102 0.069512174095696655 -0.008982295157878439 -0.011320907144435071 -0.08419547530328067 0.030404600992763538 -0.0095484789563973545 -0.018923319394607112
leaf_weight=308.241548125603 124.61897351163498 28.88320783925883 256.25399257559911 19.184809872618644 317.3349018037261 80.738528729882091 54.027492193577928 116.39391833092668 92.578352240059758 141.32797161895724 110.89517682648147 696.98109894580557 69.420956219255459 264.27865587559063 264.68993425689405 440.47284001926892 629.38049057661556 61.926490857324097 61.784284705121536 242.39915023138747 35.091267504030839 776.92633822138305 42.07956748851575 3.0593660999438717 173.5751064690412 107.80274229962379 9.6089561724802461 49.918616069946438 45.877965435851365 43.59798128278635
leaf_count=22993 28826 20904 14616 3030 39611 1131 23006 13930 11726 22363 9963 26776 44897 15305 4333 17933 13695 3279 37054 13280 4646 39869 1885 289 13583 756 158 672 779 16582
internal_value=-0.000185312 0.000468088 0.0013542 0.0124048 -0.00943997 0.0148505 0.000209275 0.00443226 -0.00253939 0.00401543 0.00696391 0.0108333 -0.0122807 0.00219428 -0.000566693 0.00860174 -0.0056416 -0.0129438 -0.00706982 -0.0138642 -0.002282 -0.00306421 -0.0231951 -0.0322156 -0.0170224 0.00139341 -0.0239368 -0.00627916 0.0113697 0.00361043
internal_weight=5669.35 5394.07 4952.05 463.98 442.015 444.795 4488.07 1769.24 2718.83 1111.2 969.876 807.876 161.999 1652.85 1388.57 494.5 894.07 275.282 1607.63 595.341 277.49 1012.29 169.758 127.678 235.359 188.541 317.851 413.131 95.7966 105.524
internal_count=467870 417009 355043 19533 61966 16503 335510 88202 247308 115725 93362 36739 56623 74272 58967 40939 18028 50861 131583 41077 17926 90506 31000 29115 50637 1887 23151 41062 1451 19861
is_linear=0
shrinkage=0.05


Tree=147
num_leaves=31
num_cat=0
split_feature=38 22 43 55 33 35 51 6 40 43 55 30 7 55 51 56 21 12 30 50 30 49 55 52 31 36 56 52 44 29
split_gain=21.8339 25.5829 21.7164 48.3486 27.8723 22.6009 19.0717 30.3612 18.2257 17.7611 28.9691 17.8016 17.7431 37.2099 19.1805 35.5961 20.9269 18.0862 97.8628 26.9383 23.8172 17.5238 16.4404 16.3461 15.581 15.5405 15.2951 15.8016 15.5018 14.2622
threshold=14.500000000000002 66.500000000000014 0.0078021176159381875 0.76957115530967724 6.5000000000000009 0.94444444775581371 0.86706829071044933 1.0000000180025095e-35 0.90692642331123363 0.019618419930338863 0.59656494855880748 0.17712418735027316 1.0000000180025095e-35 0.67448741197586071 0.99425286054611217 0.42894540727138525 34.500000000000007 1.0000000180025095e-35 0.094494048506021514 0.9941176474094392 0.11803405731916429 0.0745370388031006 0.49068179726600653 0.95024752616882335 0.60061350464820873 0.94444444775581371 0.96982702612876903 0.50274726748466503 1.0000000180025095e-35 6.5000000000000009
decision_type=2 2 2 2 2 2 2 2 2 2 2 2 2 2 2 2 2 2 2 2 2 2 2 2 2 2 2 2 2 2
left_child=2 -2 4 5 12 -4 8 -8 9 -3 11 -11 14 -14 17 16 24 19 -19 20 -1 -5 -7 -20 -16 -21 28 -28 -10 -23
right_child=1 6 3 21 -6 22 7 -9 26 10 -12 -13 13 -15 15 -17 -18 18 23 25 -22 29 -24 -25 -26 -27 27 -29 -30 -31
leaf_value=0.0069615797850874211 -0.031127958340063155 -0.018838809990948252 0.03340456271966355 -0.038857451312355955 -0.025013924270897131 0.083858055738051232 -0.019021041853492324 0.020792907312807342 -0.029761168051333282 0.096745299463788348 -0.0066861228129110467 0.00047778536853105311 -0.032332899915963956 0.0056800117807252817 -0.045210185742795429 0.033890652275141646 0.046862829381716847 -0.053418025724861179 0.019062215182141226 0.0057698785310078783 -0.0069617965112412743 -0.0013559640763182172 -0.001896159329474483 -0.0031712181221009196 0.0020127162578650981 0.03217842019025418 0.010034590721377239 -0.023781231081480975 0.029963449777581332 0.011132633528065795
leaf_weight=592.2665561336762 94.802132049444481 373.37660197059449 208.9108907943446 25.010760444856714 114.02316143715871 4.9714049454778424 67.855815716262441 156.73069423303241 11.955087923211975 10.694206835367369 166.15545664526871 8.1651529933878901 122.34758667924325 134.13267142418772 17.382743109890725 118.24125732143875 24.08422267367132 97.374623537674779 93.396721886325395 115.38963195018005 635.85281875761575 704.82065690285526 86.729762754403055 664.39105987094808 349.8300493810093 107.68225411284948 72.595595522783697 64.216190875857137 71.389846732374281 337.23141358298017
leaf_count=48229 30089 65446 24655 357 33251 83 5637 4349 92 1442 5117 2132 23952 3965 7595 11204 427 2259 3880 2836 134522 18945 2028 15241 2918 6538 830 931 805 8341
internal_value=-0.000112917 -0.00643875 0.00141325 0.00668092 -0.000849142 0.0243571 -0.0040768 0.00873266 -0.00777838 -0.0125756 9.73934e-05 0.0571891 5.55182e-05 -0.0125083 0.0012039 0.00997323 0.00267795 -0.000736973 -0.00650071 0.00266164 -0.000246979 0.00168307 0.0036073 -0.000409455 -0.000339385 0.0186046 0.00439087 -0.00589514 0.0211452 0.00269242
internal_weight=5652.01 1097.94 4554.07 1367.67 3186.4 300.612 1003.13 224.587 778.548 558.391 185.015 18.8594 3072.37 256.48 2815.89 509.538 391.297 2306.35 855.162 1451.19 1228.12 1067.06 91.7012 757.788 367.213 223.072 220.157 136.812 83.3449 1042.05
internal_count=468096 116870 351226 54409 296817 26766 86781 9986 76795 74137 8691 3574 263566 27917 235649 22144 10940 213505 21380 192125 182751 27643 2111 19121 10513 9374 2658 1761 897 27286
is_linear=0
shrinkage=0.05


Tree=148
num_leaves=31
num_cat=0
split_feature=21 6 7 30 13 29 25 33 29 56 6 42 43 49 35 33 27 6 39 30 31 22 21 21 41 50 32 55 43 33
split_gain=23.6837 19.3652 25.9201 23.5771 22.5356 20.6575 26.2756 16.9058 22.7573 16.7993 16.6921 16.3969 31.0869 20.7201 16.7792 23.82 24.351 16.0535 15.3965 18.1545 15.2162 14.7348 14.4313 18.0483 20.4703 19.2993 34.9037 28.091 16.8109 17.5532
threshold=18.500000000000004 1.5000000000000002 1.0000000180025095e-35 0.29061582684516912 1.0000000180025095e-35 50.500000000000007 2.5000000000000004 2.5000000000000004 37.500000000000007 0.87106668949127208 21.500000000000004 0.0036379732191562657 0.0019614913035184149 0.84660634398460399 0.35416667163372045 2.5000000000000004 9.5000000000000018 2.5000000000000004 0.084523811936378493 0.45199692249298101 0.54915770888328563 34.500000000000007 5.5000000000000009 8.5000000000000018 0.95553359389305126 0.53427231311798107 1.0000000180025095e-35 0.75585973262786876 0.14298191666603091 2.5000000000000004
decision_type=2 2 2 2 2 2 2 2 2 2 2 2 2 2 2 2 2 2 2 2 2 2 2 2 2 2 2 2 2 2
left_child=11 2 4 -4 7 18 10 9 -9 -2 -7 12 13 -1 -13 17 -17 -16 20 -20 -3 -5 -14 24 -24 28 -27 -28 29 -25
right_child=1 5 3 21 -6 6 -8 8 -10 -11 -12 14 22 -15 15 16 -18 -19 19 -21 -22 -23 23 25 -26 26 27 -29 -30 -31
leaf_value=-0.0168532229019095 -0.012013999048326493 -0.046709900608657345 -0.02851406246540188 0.089844729330396153 0.021089524192602155 0.0038789099675257256 0.028542664788050367 0.0032613364737599827 0.031726436382408511 0.012485125663376643 -0.039683387929230485 -0.039361682690349363 -0.021406598136976814 0.0033665062638360416 0.01900384886795271 0.036857835210725033 -0.0086528410552048889 -0.0098745283315468859 -0.0038503372044362059 -0.02926581966296319 -0.01253085319453888 -0.013590609757245404 0.043095260931462653 0.09851198706648373 -0.0050550220946346276 0.0394594888355011 0.042422970885417161 -0.0066591968624105102 0.035402487514445129 -0.011282707171991336
leaf_weight=263.3456272676849 312.20654300652677 37.436252466213773 101.25476247293409 6.3683950239792448 172.7691325795895 103.32702937637805 100.60344717752014 739.87219940277282 76.620816514798207 89.220818741247058 26.887311319354922 13.349036949934087 34.996857224192354 242.79341157301678 87.796592004626291 154.80182434103335 35.812590634872322 104.1303703704034 2028.1067266420141 71.820582351079793 223.93780540350417 6.0332324254268315 77.749596464578644 2.7196094358223482 30.399540910264477 98.97464849698008 35.099317166284891 150.54912287078332 22.783727918780642 186.45741484685277
leaf_count=72504 21116 37572 9251 492 14395 7058 8573 15984 1077 1582 6547 9379 2460 14932 3815 12481 1274 4568 126592 17537 19033 446 7471 160 309 5955 1363 4884 292 38908
internal_value=-0.000160089 -0.00214816 0.00236348 -0.0204897 0.00424457 -0.00476641 0.00948178 0.00183968 0.00596808 -0.00655136 -0.00534993 0.0051202 0.00208454 -0.00716637 0.0138793 0.0158349 0.0283068 0.00336586 -0.0061626 -0.0047331 -0.0175856 0.0422654 0.00940339 0.0112188 0.0296384 0.00715577 0.0156402 0.00279801 -0.00425711 -0.0091946
internal_weight=5638.22 4096.47 1504.35 113.656 1390.69 2592.12 230.818 1217.92 816.493 401.427 130.214 1541.76 1145.87 506.139 395.89 382.541 190.614 191.927 2361.3 2099.93 261.374 12.4016 639.73 604.733 108.149 496.584 284.623 185.648 211.961 189.177
internal_count=468010 287255 64343 10189 54154 222912 22178 39759 17061 22698 13605 180755 149238 87436 31517 22138 13755 8383 200734 144129 56605 938 61802 59342 7780 51562 12202 6247 39360 39068
is_linear=0
shrinkage=0.05


Tree=149
num_leaves=31
num_cat=0
split_feature=21 52 58 50 49 50 22 35 20 21 30 39 21 20 30 21 36 30 36 35 36 33 25 55 28 24 52 49 51 30
split_gain=19.7825 20.1725 60.8148 57.3298 54.0627 58.6141 44.4436 40.7096 25.6341 35.3689 45.8814 62.3094 25.528 40.8105 27.0743 25.4538 23.6744 21.7102 19.0456 34.4976 18.887 18.6518 31.3924 19.5372 18.6185 17.9553 17.6145 21.4639 17.4055 16.7329
threshold=22.500000000000004 0.81892696022987377 1.5000000000000002 0.88548010587692272 0.78319624066352855 0.86425063014030468 38.500000000000007 0.88194444775581371 25.500000000000004 29.500000000000004 0.11483516544103624 0.096006143838167204 31.500000000000004 30.500000000000004 0.44862772524356848 31.500000000000004 0.30952382087707525 0.031754031777381904 0.70714285969734203 0.81666666269302379 0.61250001192092907 6.5000000000000009 4.5000000000000009 0.65678957104682933 10.500000000000002 2.5000000000000004 0.87298336625099193 0.74873736500740062 0.82413583993911754 0.029857398010790352
decision_type=2 2 2 2 2 2 2 2 2 2 2 2 2 2 2 2 2 2 2 2 2 2 2 2 2 2 2 2 2 2
left_child=-1 2 3 -2 7 6 28 15 20 10 -10 -12 13 -4 21 26 -5 -15 19 -11 -7 23 -23 -14 -20 -24 27 -3 -6 -17
right_child=1 4 12 16 5 8 -8 -9 9 18 11 -13 14 17 -16 29 -18 -19 24 -21 -22 22 25 -25 -26 -27 -28 -29 -30 -31
leaf_value=0.0033440233981940578 -0.028345669001196352 0.071863087046015864 0.00055665709765641812 0.06725115329599228 -0.031711310466666198 0.022012662887999489 -0.040974124486690369 0.003588937090049127 -0.00037732597184554325 -0.0068201986289861379 -0.0004856530309285013 0.060620051273145792 0.057769251986434726 0.015083854256235913 -0.054868526915959052 0.059002963670430321 -0.015234319391765064 -0.06303213675063625 -0.0098360768587826899 0.044350168901864578 -0.013160506534911668 -0.059419580303185865 -0.012197157822812209 0.016641617449857905 0.036549027074104949 0.031314090696852155 0.02033965376584421 -0.0040881489551395592 0.04475435337494673 -0.0039597015708159366
leaf_weight=2395.7435901712888 391.8889208077162 64.995310616854113 219.55716532575025 22.510049838863779 9.8517103421036136 40.750687844178174 160.1598822841479 322.61365434344043 198.83539147573174 84.174606997636147 71.953622713015648 98.230738417507382 35.339632575210999 10.700533445226027 13.544659833118201 12.047887589375021 13.30866270806291 43.369682845266652 492.32342740229797 52.879375095886644 455.30685513070785 18.154294557883986 44.218039061059244 148.60874125943519 21.656689377268776 49.116733095768723 42.283474032272352 10.706987081066471 23.512891827354906 54.621555706573417
leaf_count=254792 103215 2136 11733 422 240 911 5292 11499 8395 1995 3674 2826 5886 404 3588 303 294 4043 15503 1283 13078 2428 3658 3157 435 1782 1675 445 699 2172
internal_value=-9.72881e-05 -0.00265221 -0.00850412 -0.0227978 1.73388e-05 -0.00423686 -0.0300756 0.0143353 -0.000921015 0.00361284 0.0159574 0.0349328 0.00201031 -0.00909397 0.0118416 0.03299 0.0370218 -0.0475797 -0.00339804 0.013101 -0.0102326 0.0150748 -0.00106954 0.0248126 -0.00781445 0.0107895 0.0468555 0.0612076 0.0219102 0.00812212
internal_weight=5622.97 3227.22 1010.32 427.708 2216.9 1709.64 193.524 507.269 1516.11 1020.05 369.02 170.184 582.609 273.627 308.982 184.655 35.8187 54.0702 651.034 137.054 496.058 295.437 111.489 183.948 513.98 93.3348 117.986 75.7023 33.3646 66.6694
internal_count=467963 213171 140610 103931 72561 54331 6231 18230 48100 34111 14895 6500 36679 16180 20499 6731 716 4447 19216 3278 13989 16911 7868 9043 15938 5440 4256 2581 939 2475
is_linear=0
shrinkage=0.05


Tree=150
num_leaves=31
num_cat=0
split_feature=21 42 43 55 49 12 35 6 20 50 36 52 28 34 22 36 21 20 39 20 49 52 24 34 35 52 37 40 49 51
split_gain=21.4777 17.9889 25.3463 25.0665 37.9037 22.2856 23.9246 23.0042 17.5563 18.24 38.2518 26.2873 24.0659 25.6129 23.4433 28.916 22.1026 30.8581 51.2137 30.6524 17.3115 16.6713 14.7925 14.6531 49.9763 42.3583 43.6411 39.2214 49.6607 32.94
threshold=18.500000000000004 0.0039075338281691083 0.0045876302756369123 0.75585973262786876 0.41421362757682806 1.0000000180025095e-35 0.35416667163372045 1.5000000000000002 18.500000000000004 0.982753485441208 0.70714285969734203 0.94494947791099559 7.5000000000000009 0.61250001192092907 37.500000000000007 0.88194444775581371 27.500000000000004 27.500000000000004 0.067816093564033522 34.500000000000007 0.16784037649631503 0.88548010587692272 4.5000000000000009 0.72077924013137828 0.64583334326744091 0.90070420503616344 5.5000000000000009 0.43303571641445165 0.77459675073623668 0.87138131260871898
decision_type=2 2 2 2 2 2 2 2 2 2 2 2 2 2 2 2 2 2 2 2 2 2 2 2 2 2 2 2 2 2
left_child=1 2 -1 4 20 6 -3 21 -2 12 -11 -12 23 -14 15 -15 17 -13 -19 -18 -4 -7 -21 24 -10 -25 -27 28 -26 -29
right_child=8 5 3 -5 -6 7 -8 -9 9 10 11 16 13 14 -16 -17 19 18 -20 22 -22 -23 -24 25 27 26 -28 29 -30 -31
leaf_value=-0.0043121958896398943 -0.010917381405120037 -0.036665473618128143 0.047000774902696017 0.0047273979694490917 0.065575413261084903 -0.046422414265903253 0.029930295756780925 -0.0093440725593744636 -0.0045922736762262399 0.045279565571413306 0.058827187985807855 0.0019839168823788467 -0.0055985009671395934 -0.034691060900799174 -0.04214362254960663 0.070424591671066392 -0.01222336045344586 -0.0060456236228066864 0.058843855099199441 0.030863655513914241 -0.012719772313997069 0.041759642474706968 -0.011644197856240386 -0.050123130069957104 0.084663793570150886 -0.011122136747608403 0.032081073265657331 -0.0031362410185022081 0.017136784508038152 0.028731281955483939
leaf_weight=671.56057709640299 468.80165543142357 13.646848339078131 16.156705883404356 379.37243407790083 46.186182663266663 5.2892494928673832 195.6287002061581 131.52469934950932 1102.8711244352162 54.115750227705576 19.357151021366008 419.72055173327681 295.27349197154399 14.05975254700752 106.90171192758135 10.604041107028024 402.68183264293475 53.82301134680165 68.387489875545725 70.475087632687064 40.530256542027928 41.673852334613912 28.058622540323995 53.566219839907717 38.811652513977606 310.08237970402115 70.984448361909017 273.12979395769071 88.398711123794783 114.23212389345281
leaf_count=114040 46746 9051 3152 10109 3319 66 15017 3840 111051 1819 543 19292 52281 419 4924 405 13450 2225 2312 2435 19679 2476 634 2476 1829 13190 2598 3407 2399 2862
internal_value=7.87251e-05 0.00510202 0.00196599 0.0106996 0.0324663 0.0144044 0.0254339 0.00140267 -0.00182736 -0.000639452 0.00466411 0.00255484 -0.00302934 -0.0138166 -0.0320792 0.0114859 0.00145529 0.00844723 0.0304486 -0.0061064 0.00482125 0.0310673 0.0187637 -0.000779917 0.00141146 -0.00891942 -0.00301142 0.0142631 0.0382388 0.0063112
internal_weight=5605.91 1541.57 1153.81 482.246 102.873 387.763 209.276 178.488 4064.34 3595.53 1116.62 1062.5 2478.92 426.839 131.566 24.6638 1043.15 541.931 122.211 501.216 56.687 46.9631 98.5337 2052.08 1617.44 434.633 381.067 514.572 127.21 387.362
internal_count=468046 180749 150299 36259 26150 30450 24068 6382 287297 240551 42710 40891 197841 58029 5748 824 40348 23829 4537 16519 22831 2542 3069 139812 121548 18264 15788 10497 4228 6269
is_linear=0
shrinkage=0.05


Tree=151
num_leaves=31
num_cat=0
split_feature=43 35 51 12 50 31 51 10 28 42 20 51 4 6 51 25 51 7 41 34 13 48 36 36 51 50 55 43 56 48
split_gain=18.7288 52.9741 42.4823 28.4497 34.5855 27.3856 24.4622 22.9054 30.1896 21.9323 26.2573 20.027 19.7979 19.1511 23.1901 21.7253 19.249 17.8255 17.3238 17.1738 30.4364 21.1837 17.103 19.7985 17.0181 16.9389 16.0484 15.9297 15.6783 15.479
threshold=0.0019614913035184149 0.46428571641445165 0.99425286054611217 1.0000000180025095e-35 0.95275297760963451 0.62778326869010936 0.8874824345111848 1.0000000180025095e-35 4.5000000000000009 0.0027643427019938831 22.500000000000004 0.89022758603096019 2.5000000000000004 1.5000000000000002 0.96178188920021068 2.5000000000000004 0.080540537834167494 1.0000000180025095e-35 0.79057019948959362 0.63068181276321422 1.0000000180025095e-35 1.0000000180025095e-35 0.94444444775581371 0.41428571939468389 0.95488464832305919 0.9941176474094392 0.85341826081275951 0.40622629225254064 0.89676070213317882 1.0000000180025095e-35
decision_type=2 2 2 2 2 2 2 2 2 2 2 2 2 2 2 2 2 2 2 2 2 2 2 2 2 2 2 2 2 2
left_child=1 18 5 7 6 13 -5 8 9 12 24 -12 26 27 16 -16 -15 29 -1 21 -21 -18 23 -10 -11 -24 -3 -2 -19 -6
right_child=2 3 -4 4 17 -7 -8 -9 22 10 11 -13 -14 14 15 -17 19 28 -20 20 -22 -23 25 -25 -26 -27 -28 -29 -30 -31
leaf_value=-0.032151614078249249 0.010804392065002257 0.033728910238668412 0.046779477994788328 -0.043945033515975292 -0.00079813282067585237 0.040848151183784515 -0.0085209801700890514 0.02939632713042591 0.031146249497554342 0.037695992690684993 -0.0036449654704484597 0.028550660192787763 -0.030336551951100563 -0.022415358909008736 -0.078961185862402014 0.017605011584770403 0.0089005194160261397 -0.023206611873228835 -0.0072144625949080877 -0.010673741925305819 0.043763523318621961 -0.0029655687782655319 -0.042977973967984265 -0.020299540569057653 -0.073312550477791089 0.023191398850497411 -0.019761122762632963 -0.018774306247956399 0.020013998510648674 0.025209806290830375
leaf_weight=185.39894817085587 630.99025140271988 33.87444462053827 53.015091604320332 85.536034267715877 1130.0170875976328 43.681273882859387 112.97334571287502 98.772652614687104 19.728319945468684 133.12970834331645 145.76747686209274 71.10034643887775 50.617699655675096 93.61096977989655 16.821472191717479 8.185342089738695 793.74336411197146 142.18131194202579 112.32728891680017 450.57539205090143 26.24658583116252 713.32612915594655 10.574200629853292 200.21999505531858 2.6478760788450009 59.216564024391118 22.599420202197507 48.151365490397438 23.794902684632689 59.258227963990066
leaf_count=127019 15241 1356 11431 8482 36134 4878 6099 4158 5426 12433 8614 1791 14823 9148 205 324 81892 15912 2953 4747 2959 54738 1868 23438 74 3955 495 705 571 5800
internal_value=4.8999e-05 -0.00294197 0.00285441 -0.000472265 -0.00449208 0.00201394 -0.0239287 0.00688755 0.00388593 0.0118425 0.0178491 0.006993 -0.007919 0.00138965 -0.000969134 -0.0478912 -0.000381566 -0.00162957 -0.0227989 0.000668879 -0.00759193 0.00328582 -0.00873633 -0.015565 0.035011 0.0127004 0.0123522 0.00868273 -0.0169276 0.00051786
internal_weight=5578.08 2699.74 2878.35 2402.01 1553.76 2825.33 198.509 848.249 749.476 459.737 352.645 216.868 107.092 2781.65 2102.51 25.0068 2077.5 1355.25 297.726 1983.89 476.822 1507.07 289.739 219.948 135.778 69.7908 56.4739 679.142 165.976 1189.28
internal_count=467669 281401 186268 151429 72998 174837 14581 78431 74273 39586 22912 10405 16674 169959 154013 529 153484 58417 129972 144336 7706 136630 34687 28864 12507 5823 1851 15946 16483 41934
is_linear=0
shrinkage=0.05


Tree=152
num_leaves=31
num_cat=0
split_feature=21 50 49 52 59 52 49 50 49 51 32 33 50 52 49 30 52 43 50 49 21 20 51 31 52 20 52 55 22 40
split_gain=19.0433 25.1092 29.7802 23.7214 29.9841 68.2561 39.8378 52.8285 31.5213 23.1903 52.817 56.4315 48.1981 40.0582 68.7041 85.2794 42.3042 34.634 33.5638 33.4493 29.9733 28.1805 27.9293 27.3085 25.6057 24.2493 24.1127 26.6139 23.0709 21.8467
threshold=27.500000000000004 0.098563045263290419 0.07100840657949449 0.089220564812421813 1.0000000180025095e-35 0.80243903398513805 0.80982521176338207 0.85053193569183361 0.83096903562545787 0.42933948338031774 1.0000000180025095e-35 4.5000000000000009 0.84292763471603405 0.68614074587821972 0.61620295047760021 0.39173060655593878 0.78319624066352855 0.16840209066867831 0.64051282405853283 0.58380147814750682 13.500000000000002 19.500000000000004 0.33520600199699407 0.23557158559560779 0.91331186890602123 19.500000000000004 0.87298336625099193 0.90440320968627941 51.500000000000007 0.58957219123840343
decision_type=2 2 2 2 2 2 2 2 2 2 2 2 2 2 2 2 2 2 2 2 2 2 2 2 2 2 2 2 2 2
left_child=9 2 -2 -3 -5 8 28 -8 -6 17 11 12 20 25 15 26 -16 19 -13 22 -11 23 29 -18 -23 -12 27 -15 -7 -1
right_child=1 3 -4 4 5 6 7 -9 -10 10 13 18 -14 14 16 -17 21 -19 -20 -21 -22 24 -24 -25 -26 -27 -28 -29 -30 -31
leaf_value=-0.021880778603836561 -0.035869244220042076 -0.034517500660943314 0.038853546166661791 0.0099208581049367375 -0.037883818124444885 0.023915446763619366 -0.046037458857906 -0.0047955997701354556 0.063581620240674583 0.043251793777925179 -0.0042327122950510795 0.00097127495575644214 0.050163872053081121 0.084932674285244245 -0.028115219510237086 -0.02081686577071044 -0.010931333810535588 0.033777542438151717 0.075885050734222581 0.058815157192671788 -0.026070220691806086 -0.0038782165192819129 -0.033419189535609732 0.0058193458555325147 0.012721662470095645 -0.050183220670259834 0.010348567728504713 0.02688303411746611 0.00039987267678800515 0.00032173201635566137
leaf_weight=152.57784421330143 15.960881928564048 64.329402033283259 63.570532008772716 326.10205567194498 192.41350689042883 172.57385748592787 84.205463748294278 879.81614366150461 7.0907891218084833 18.548305828153389 59.575999322987627 19.254302290224587 44.519156610709615 67.468431283981772 114.5316944080696 49.221328373678261 533.61519611551194 50.746122612064937 66.316973568522371 16.900741075703991 76.831853839175892 319.17084421837353 109.57853144608089 445.68939985800534 848.7837467964855 54.785732707750867 23.00582758145174 29.482980551663786 261.43628802982857 397.62746834501741
leaf_count=90159 2205 8468 2406 16853 55862 6322 2575 26997 97 1070 14955 6040 1038 6328 12709 8064 25088 687 2145 1565 7535 12399 49737 17313 38267 27041 1288 368 9138 13249
internal_value=2.62141e-05 -0.0037771 0.0235985 -0.00488361 -0.00387519 -0.00669579 -0.00278096 -0.00844197 -0.0339784 0.00227445 0.00436025 0.0274996 0.00780574 0.00230053 0.00366526 0.0343031 0.00135945 -0.00566547 0.0592347 -0.00866887 -0.0122805 0.00294394 -0.0104839 -0.00330981 0.00818592 -0.0264898 0.0569053 0.0677344 0.00978377 -0.00586379
internal_weight=5565.73 2067.5 79.5314 1987.97 1923.64 1597.54 1398.03 964.022 199.504 3498.23 2770.8 225.471 139.899 2545.33 2430.97 169.179 2261.79 727.431 85.5713 676.685 95.3802 2147.26 659.784 979.305 1167.95 114.362 119.957 96.9514 434.01 550.205
internal_count=467968 130923 4611 126312 117844 100991 45032 29572 55959 337045 181648 17828 9643 163820 121824 16048 105776 155397 8185 154710 8605 93067 153145 42401 50666 41996 7984 6696 15460 103408
is_linear=0
shrinkage=0.05


Tree=153
num_leaves=31
num_cat=0
split_feature=21 49 50 52 58 52 50 49 50 35 21 20 30 50 39 31 54 37 49 12 56 28 25 55 52 20 52 50 0 22
split_gain=18.2234 18.377 23.9399 17.2547 18.6783 64.0176 63.5565 46.5847 60.0269 33.8646 18.0547 43.7597 18.4761 16.7623 15.6723 46.415 24.7788 17.5113 18.6112 33.8856 23.2886 33.2931 21.0214 31.387 19.5656 17.6216 19.2797 17.2355 16.9458 16.9274
threshold=23.500000000000004 0.0745370388031006 0.098563045263290419 0.089220564812421813 1.5000000000000002 0.79759037494659435 0.89022758603096019 0.77459675073623668 0.87026646733284008 0.84523808956146251 31.500000000000004 30.500000000000004 0.031754031777381904 0.083920188248157515 0.11882352828979494 0.64592549204826366 0.60390022397041332 3.5000000000000004 0.36758151650428778 1.0000000180025095e-35 0.73569172620773327 4.5000000000000009 1.5000000000000002 0.64718088507652294 0.55625879764556896 19.500000000000004 0.99425286054611217 0.37394067645072943 11.500000000000002 56.500000000000007
decision_type=2 2 2 2 2 2 2 2 2 2 2 2 2 2 2 2 2 2 2 2 2 2 2 2 2 2 2 2 2 2
left_child=14 13 -3 -4 5 6 -5 9 -9 -7 11 -6 -13 -2 15 16 28 18 22 20 21 24 23 -16 -20 -21 -27 -25 -1 -28
right_child=1 2 3 4 10 7 -8 8 -10 -11 -12 12 -14 -15 17 -17 -18 -19 19 25 -22 -23 -24 27 -26 26 29 -29 -30 -31
leaf_value=-0.044005770450940895 0.025291993896176763 0.026532614481907732 -0.02804566157110568 -0.031058031702209245 0.010213282826857609 0.029473791353956613 0.054039073253543873 -0.030226637983621692 -0.0011666278967198097 0.0021029698590197721 0.018207753608905492 0.010258794199297764 -0.06373930502823881 -0.051154509305002371 -0.036555015565064679 0.0027824571996561184 0.014185592733675376 0.0022104813544699467 -0.0065968552390857395 -0.0051285842571813459 0.019298258527420956 0.016246793894303894 -0.032147894464043016 0.11382290182834896 0.098569796830041773 -0.030696821567026158 0.049196187353974123 0.013992266201640955 0.075087098818365838 -0.011931306339927436
leaf_weight=102.74798045454372 8.4230829833395529 69.455191023065709 66.012656876817346 296.25679396372288 142.68855205492582 186.87016849950305 22.7893470384588 202.73508472832327 1391.4679749563511 284.02446150165633 200.09956758948101 10.800183554762041 33.82254756729526 33.040092157592881 12.595705670450117 564.75569014610664 24.836029212441645 1340.1671427191759 4.9493620468856525 179.71601356990868 171.32932993827853 33.389783684237045 44.287694631377235 7.9275517984060597 32.800827139115427 12.720808697835308 47.590535649971571 9.0078944106935506 2.199073081923415 14.323859643336617
leaf_count=97243 793 2538 6440 90825 6400 7329 427 7018 44066 10402 10327 396 2902 5901 8920 41236 9743 52887 4450 4390 4775 9120 33688 685 1763 381 1599 838 117 408
internal_value=-4.59687e-05 -0.00273782 -0.00226002 -0.00297388 -0.00236682 -0.00402187 -0.0248297 -0.000796707 -0.00487883 0.0130043 0.00780255 -0.00335072 -0.045997 -0.0353948 0.0030003 -0.00342844 -0.03027 0.00533758 0.012665 0.0161434 0.0294775 0.0533853 -0.0106484 0.0215911 0.0849672 0.00336647 0.0236193 0.0644641 -0.0408251 0.0350895
internal_weight=5553.83 2948.49 2907.02 2837.57 2771.55 2384.14 319.046 2065.1 1594.2 470.895 387.411 187.311 44.6227 41.4632 2605.35 694.539 129.783 1910.81 570.639 496.821 242.469 71.14 73.8188 29.5312 37.7502 254.351 74.6352 16.9354 104.947 61.9144
internal_count=468007 195764 189070 186532 180092 160067 91252 68815 51084 17731 20025 9698 3298 6694 272243 148339 107103 123904 71017 26886 20108 15333 44131 10443 6213 6778 2388 1523 97360 2007
is_linear=0
shrinkage=0.05


Tree=154
num_leaves=31
num_cat=0
split_feature=43 55 42 4 32 52 23 38 41 49 21 50 33 25 50 34 50 52 49 21 20 49 4 31 36 49 27 49 7 38
split_gain=19.0154 50.2192 28.292 27.258 26.4159 27.9567 23.7421 22.4085 28.3521 18.9208 26.7597 18.3277 26.3848 25.5759 20.6778 21.8869 17.7102 23.2505 17.4152 16.1958 15.7238 18.2125 14.5672 14.3535 16.9809 13.8514 19.2661 13.691 16.2887 13.5572
threshold=0.0086247581057250517 0.76957115530967724 0.0020504988497123127 3.5000000000000004 2.5000000000000004 0.6900656819343568 55.500000000000007 10.500000000000002 0.82480818033218395 0.16784037649631503 21.500000000000004 0.60136988759040844 3.5000000000000004 1.5000000000000002 0.10933997482061387 0.19090909510850909 0.9740215837955476 0.91734972596168529 0.62258651852607738 16.500000000000004 18.500000000000004 0.080540537834167494 1.5000000000000002 0.14909494668245318 0.23611111193895343 0.79388421773910534 4.5000000000000009 0.84660634398460399 1.0000000180025095e-35 20.500000000000004
decision_type=2 2 2 2 2 2 2 2 2 2 2 2 2 2 2 2 2 2 2 2 2 2 2 2 2 2 2 2 2 2
left_child=2 6 3 7 5 19 9 11 27 -2 -11 13 16 -1 -15 -16 18 -18 -13 -4 -3 -22 -6 24 -14 26 -24 -9 -29 -23
right_child=1 20 4 -5 22 -7 -8 8 -10 10 -12 12 23 14 15 -17 17 -19 -20 -21 21 29 25 -25 -26 -27 -28 28 -30 -31
leaf_value=0.0092078980725049039 0.051542443951103828 -0.010543062672204019 0.0084237291987909607 -0.032726620859732276 0.010006759039847738 0.011097115885794963 -0.00034635486048366663 -0.021417432945019139 0.005936796045561972 0.041150253371381326 0.0061840465768328154 0.023976368985988563 0.029951856041149718 0.016175580208491105 -0.036490270525408507 0.046792379910692967 0.089848378429210327 0.00079141941164949609 -0.022028522760382439 -0.042562989760726741 -0.029558179258257128 0.0048243547305462185 0.0453670108273872 0.027445299254467967 -0.0087590366346532809 -0.013544256010241274 -0.0074936841637828419 -0.0014915109286362544 -0.038651074005871644 -0.023419999960424154
leaf_weight=87.777003786148271 62.107366815733258 296.88703222823096 24.939699097070843 88.348971895073191 122.10790969803929 827.32428362878272 106.87287472910248 409.44324436216266 193.65009634848684 91.217128077114467 135.61813734246243 22.867595181334764 41.223764382360969 26.245517458795803 131.96846008629655 7.5490428868506561 6.4153701866744077 630.39189876901219 154.49066798589774 39.25126294218353 41.911324318178231 1029.1574373350304 24.517636875563767 134.90270292072091 85.186750818858854 362.28535415811348 52.437758732557995 217.18278624501545 33.141092072444735 43.332003346295096
leaf_count=12954 3903 7800 11721 37297 3825 40277 17175 95924 3846 12096 11214 1396 2177 935 73106 714 161 21376 5647 34188 685 24524 386 5354 3679 8680 2439 17530 5936 915
internal_value=-0.000126875 0.00408026 -0.00216916 -0.00565431 0.00327816 0.00862428 0.019795 -0.00454388 -0.0108613 0.0272203 0.0203639 -0.000482115 0.00237129 -0.0125476 -0.024054 -0.0316831 -0.00206954 0.00182807 -0.0159957 -0.0229281 -0.000338056 0.00238767 -0.00521261 0.0161626 0.00400098 -0.00945668 0.00971342 -0.0157932 -0.00654539 0.00366244
internal_weight=5530.75 1807.1 3723.65 2270.78 1452.86 891.515 395.816 2182.44 853.417 288.943 226.835 1329.02 1075.48 253.54 165.763 139.518 814.166 636.807 177.358 64.191 1411.29 1114.4 561.349 261.313 126.411 439.241 76.9554 659.767 250.324 1072.49
internal_count=467860 78312 389548 288032 101516 86186 44388 250735 123236 27213 23310 127499 39790 87709 74755 73820 28580 21537 7043 45909 33924 26124 15330 11210 5856 11505 2825 119390 23466 25439
is_linear=0
shrinkage=0.05


Tree=155
num_leaves=31
num_cat=0
split_feature=46 38 28 54 31 51 21 20 38 39 39 36 42 41 51 27 49 35 32 56 54 21 50 3 42 12 50 49 52 58
split_gain=18.0106 19.0727 23.3882 19.9759 50.6128 31.5795 24.4474 24.6213 22.9593 22.4505 19.8907 23.1903 19.2177 29.5246 29.0412 21.4346 18.4891 18.0435 17.296 16.9541 16.784 16.4673 34.7677 15.8348 28.5454 16.1957 15.4805 14.7814 45.6041 14.4699
threshold=1.0000000180025095e-35 13.500000000000002 8.5000000000000018 0.55585265159606945 0.37323382496833807 0.99425286054611217 14.500000000000002 17.500000000000004 6.5000000000000009 0.16064515709877017 0.63818180561065685 0.30952382087707525 0.0024478749837726359 0.54006412625312816 0.87138131260871898 8.5000000000000018 0.080540537834167494 0.38750000298023229 2.5000000000000004 0.63467293977737438 0.46446608006954199 23.500000000000004 0.53907206654548656 1.5000000000000002 0.038476033136248596 1.0000000180025095e-35 0.10063291341066362 0.70064935088157665 0.68614074587821972 1.5000000000000002
decision_type=2 2 2 2 2 2 2 2 2 2 2 2 2 2 2 2 2 2 2 2 2 2 2 2 2 2 2 2 2 2
left_child=1 3 12 4 20 6 8 27 -5 17 -4 16 13 15 -14 18 -12 -6 -3 -20 -1 22 -9 24 -19 -25 -23 28 -8 -15
right_child=-2 2 10 5 9 -7 7 21 -10 -11 11 -13 14 29 -16 -17 -18 23 19 -21 -22 26 -24 25 -26 -27 -28 -29 -30 -31
leaf_value=-0.049138355169882311 -0.020424215088002334 -0.017551171248128852 -0.029548874853945157 -0.0099947978350995569 -0.045580440386967576 0.027374739412176965 -0.024721871327732379 -0.018163556573556221 0.018902590551810233 0.056458242805880292 -0.054358887693609109 -0.025164863882297085 -0.0020878463537383762 -0.0074662733559562461 0.028409303191336794 -0.048489660261100222 0.022370869394860316 0.0029928924838479977 0.079311230923181569 -0.043714657055942518 -0.014509922767783802 0.024429934971972916 0.016066218801415903 0.040731487400029541 0.061884813621737159 -0.011911506197878712 -0.00067573990143883966 -0.018180261065114136 0.031245886122670836 0.0087026997498236315
leaf_weight=67.240993945975788 103.22557856165804 108.70278077869443 151.3845136679156 83.083245316520333 20.566006885768729 142.2962540081935 74.84909450673149 87.147203777727555 382.43478635692736 16.705150722860708 7.8333869744092217 67.6164880390279 219.77324604129535 296.82759165926836 119.95521414020914 56.560607133971644 72.47954271058552 655.25711060807225 8.3955298532382567 3.2380923068849361 74.296313966799062 63.447448858787538 471.21274858072866 14.46504932414973 20.249410920048831 273.50666167063173 1298.5122958705761 234.38982766721165 68.981800873792963 257.43893625674536
leaf_count=61240 4284 26452 45810 2161 30077 17059 14782 22195 30614 1860 185 1135 16012 9858 4600 26388 1253 35078 886 37 40659 1598 13846 129 489 2302 45641 3717 1405 5527
internal_value=0.000163644 0.000559526 -0.00453741 0.00228521 -0.00331494 0.00448662 0.00329885 0.00118023 0.0137348 0.000654718 -0.0168686 -0.00378096 -0.00107831 -0.00564238 0.00873221 -0.0233652 0.0143105 -0.000348958 -0.0112539 0.0443186 -0.0311904 0.00347778 0.0107008 0.000662793 0.00484714 -0.0091354 0.000510884 -0.0104634 0.00215087 4.58415e-05
internal_weight=5522.07 5418.85 1370.21 4048.64 1142.29 2906.35 2764.06 2298.54 465.518 1000.75 299.314 147.929 1070.89 731.164 339.728 176.897 80.3129 984.044 120.336 11.6336 141.537 1920.32 558.36 963.478 675.507 287.972 1361.96 378.221 143.831 554.267
internal_count=467279 462995 138143 324852 171834 153018 135959 103184 32775 69935 48383 2573 89760 69148 20612 53763 1438 68075 27375 923 101899 83280 36041 37998 35567 2431 47239 19904 16187 15385
is_linear=0
shrinkage=0.05


Tree=156
num_leaves=31
num_cat=0
split_feature=8 28 40 21 58 50 21 51 29 21 56 39 6 29 42 58 51 49 39 52 38 28 49 29 39 29 50 54 51 29
split_gain=20.4993 14.6726 16.3423 16.0397 15.3471 27.2824 16.2044 16.0301 15.0158 13.4629 17.3215 14.5873 13.5646 17.5864 13.4467 16.8038 15.4812 23.6162 16.0088 14.4962 13.6189 13.5131 23.155 14.4138 13.1717 21.3438 14.8823 12.9787 12.8528 12.6104
threshold=1.0000000180025095e-35 18.500000000000004 0.91106721758842479 18.500000000000004 1.5000000000000002 0.54261502623558056 31.500000000000004 0.10933997482061387 1.0000000180025095e-35 12.500000000000002 0.80092167854309093 0.54772728681564342 2.5000000000000004 1.0000000180025095e-35 0.0018773589981719854 3.5000000000000004 0.80178570747375499 0.70064935088157665 0.45643940567970281 0.73375529050827037 10.500000000000002 5.5000000000000009 0.46841755509376531 7.5000000000000009 0.47913043200969702 37.500000000000007 0.63224515318870556 0.98312205076217662 0.99425286054611217 51.500000000000007
decision_type=2 2 2 2 2 2 2 2 2 2 2 2 2 2 2 2 2 2 2 2 2 2 2 2 2 2 2 2 2 2
left_child=1 3 -3 -1 5 -5 7 -6 -7 10 29 -12 14 -14 15 20 17 18 19 -16 21 23 -23 -11 25 26 -15 28 -10 -2
right_child=9 2 -4 4 6 8 -8 -9 27 12 11 -13 13 24 16 -17 -18 -19 -20 -21 -22 22 -24 -25 -26 -27 -28 -29 -30 -31
leaf_value=0.010583472588043546 -0.01613452157503879 -0.028367475606289438 0.010818886340260944 -0.040785591207673659 -0.013679468509523625 0.02611448353564054 0.028717397091618614 0.024702031690211561 -0.0024909384971716617 -0.014677582988812192 0.041636455073270073 0.008351234702338093 -0.025782415831915484 -0.034939692979274635 -0.0090517461735233878 0.019214520304233203 0.013172025046252277 -0.021178064132232641 0.0047689257224251469 0.10019051714004645 -0.015544272686626115 -0.037781125385599017 0.027573270873890526 0.0030396827157415252 -0.00025004300809180233 0.0045583547788204514 -0.011860090039043866 0.026583698671879902 0.0097386022993278913 0.047648923761545579
leaf_weight=703.8778781369474 76.074395361065399 72.174955952359596 41.128380479291081 38.68667139855097 69.051548939576605 57.182912417207262 101.68052990629803 43.478697501806892 1318.3602778956993 211.17894042455009 45.89363194006728 112.84274134552106 119.89417126624903 93.844847005282645 4.2610716795606995 70.546098368518869 302.83004530868493 99.331577361648669 54.776754003716633 8.3814528482325823 257.27825911906257 15.603702742810126 74.547593703871826 249.50728667067597 548.6718794280896 149.04716564530099 272.81216861872235 44.512685197521932 255.63271889236057 7.6442391884775125
leaf_count=81452 24548 19153 900 35406 4711 2925 6231 1808 65326 9909 2015 2616 6004 74471 836 1058 9526 1541 778 233 19364 2480 2369 7503 13592 20041 33448 2231 14446 895
internal_value=0.000306245 0.00336857 -0.0141729 0.00412866 0.00176858 0.000188569 0.0143541 0.00123708 0.0011583 -0.00272398 0.00850893 0.018175 -0.00380232 -0.00770432 -0.0003717 -0.00402092 0.00645061 -0.00576166 0.0169295 0.0654066 -0.00607054 -0.00162552 0.0159711 -0.00509613 -0.00564567 -0.0113746 -0.0178462 0.000261002 -0.000499813 -0.00981685
internal_weight=5520.74 2745.77 113.303 2632.46 1928.59 1714.38 214.211 112.53 1675.69 2774.97 242.455 158.736 2532.51 1184.27 1348.24 878.662 469.581 166.751 67.4193 12.6425 808.116 550.838 90.1513 460.686 1064.38 515.704 366.657 1618.51 1573.99 83.7186
internal_count=467816 234589 20053 214536 133084 120334 12750 6519 84928 233227 30074 4631 203153 147556 55597 42683 12914 3388 1847 1069 41625 22261 4849 17412 141552 127960 107919 82003 79772 25443
is_linear=0
shrinkage=0.05


Tree=157
num_leaves=31
num_cat=0
split_feature=38 46 49 30 24 43 35 51 12 50 56 5 50 35 21 20 10 28 44 51 52 39 50 52 49 54 52 20 50 52
split_gain=20.6146 16.3933 15.7889 31.8277 20.9747 17.9134 47.5059 32.5907 25.4478 30.8584 25.2083 33.7809 38.3396 24.3361 22.9667 23.6855 22.2474 28.2486 19.2059 19.0177 18.5609 14.854 14.0475 14.821 14.2607 13.8778 13.8333 12.9201 18.9501 14.2254
threshold=23.500000000000004 1.0000000180025095e-35 0.080540537834167494 0.26726190745830541 2.5000000000000004 0.0019614913035184149 0.46428571641445165 0.99425286054611217 1.0000000180025095e-35 0.95275297760963451 0.75056561827659618 4.5000000000000009 0.68801230192184459 0.84523808956146251 12.500000000000002 17.500000000000004 1.0000000180025095e-35 4.5000000000000009 1.0000000180025095e-35 0.8874824345111848 0.89825496077537548 0.5577777922153474 0.77032968401908886 0.69282051920890819 0.31139971315860754 0.98048734664917003 0.93788579106330883 18.500000000000004 0.095811817795038237 0.067989215254783644
decision_type=2 2 2 2 2 2 2 2 2 2 2 2 2 2 2 2 2 2 2 2 2 2 2 2 2 2 2 2 2 2
left_child=1 2 3 4 27 6 18 10 16 19 11 13 -13 -7 21 -16 17 -8 -4 -10 -11 -12 24 -24 -20 -3 -18 -1 29 -29
right_child=-2 25 5 -5 -6 7 8 -9 9 20 14 12 -14 -15 15 -17 26 -19 22 -21 -22 -23 23 -25 -26 -27 -28 28 -30 -31
leaf_value=0.038239298807756811 -0.033819507220628639 -0.023316452688143471 -0.040361658191629374 -0.050598803281681176 -0.070590414041306601 0.057624946198271812 0.012175186292861509 0.044366675267228026 -0.040670475571906881 0.062465932614407832 0.030601362238588531 -0.030434501115896729 0.04191051249519203 0.0079945683224972846 -0.012621477489892341 0.0022310948481171211 -0.040343784924268884 -0.0079936961151438526 -0.0060273295517246743 -0.0085547176621728754 -0.0013443554367155268 0.0067525886792627887 0.073948255930074577 -0.01639396912976902 -0.038886859060747625 0.071858034458625639 0.035307758135276889 -0.028256125419115929 -0.045982356412913053 0.039038568415555808
leaf_weight=25.454217100661481 43.725981881580083 96.571152226009872 92.293015574905439 43.960627610009396 8.0428352577873721 66.07926801488793 453.14588991003984 47.965867054532282 80.235990158325876 10.496511123492381 99.427419444255065 49.276658833827241 27.814157190805417 39.671646233880892 313.81862862338312 1820.3958411968779 5.6698556764458763 280.17544527757855 101.7652849577571 108.17844366078498 1305.9434796775167 188.89514253754169 8.3181956312619167 8.2733125693048333 48.213949403012521 3.0328178720083079 87.335290326387621 10.882107365367117 17.206444507406559 22.711690418916987
leaf_count=641 16116 4246 86420 8401 1032 16600 37900 11385 7745 297 4406 67005 4593 542 9795 50353 443 32546 16789 5679 55478 2913 295 614 19314 35 3517 767 1477 737
internal_value=-1.22144e-05 0.000264103 0.000638504 -0.0166253 0.00147726 0.00106388 -0.00189377 0.0039506 0.000366507 -0.00350416 0.00318979 0.0210402 -0.00413018 0.0392558 0.0018344 4.22584e-05 0.00741124 0.004469 -0.0221716 -0.0223737 -0.000788542 0.0150541 -0.0119122 0.0305282 -0.0167783 -0.019733 0.0303157 0.00989384 -0.00477309 0.017053
internal_weight=5514.98 5471.25 5371.65 128.258 84.2973 5243.39 2590.04 2653.34 2331.18 1504.85 2605.38 182.842 77.0908 105.751 2422.54 2134.21 826.326 733.321 258.864 188.414 1316.44 288.323 166.571 16.5915 149.979 99.604 93.0051 76.2545 50.8002 33.5938
internal_count=468081 451965 447684 13055 4654 434629 267037 167592 143605 69199 156207 88740 71598 17142 67467 60148 74406 70446 123432 13424 55775 7319 37012 909 36103 4281 3960 3622 2981 1504
is_linear=0
shrinkage=0.05


Tree=158
num_leaves=31
num_cat=0
split_feature=21 46 21 20 38 22 55 20 52 39 21 36 29 20 49 26 28 35 34 13 49 56 49 59 50 21 50 7 36 21
split_gain=21.2155 21.4051 17.1511 14.9254 16.1762 14.8409 19.098 24.8514 39.8935 25.422 24.9585 19.722 18.052 16.1135 13.1048 13.0814 13.0446 11.7968 43.8517 30.7591 29.6257 33.9768 30.8206 29.0151 30.9069 29.5758 24.5122 21.0191 20.3098 21.6357
threshold=18.500000000000004 1.0000000180025095e-35 5.5000000000000009 18.500000000000004 17.500000000000004 36.500000000000007 0.58189269900321972 14.500000000000002 0.99425286054611217 0.58957219123840343 10.500000000000002 0.94444444775581371 19.500000000000004 4.5000000000000009 0.05298245698213578 12.500000000000002 1.0000000180025095e-35 0.64583334326744091 0.61250001192092907 1.0000000180025095e-35 0.74873736500740062 0.77807807922363292 0.91010102629661571 1.0000000180025095e-35 0.51355314254760753 30.500000000000004 0.9941176474094392 1.0000000180025095e-35 0.23611111193895343 30.500000000000004
decision_type=2 2 2 2 2 2 2 2 2 2 2 2 2 2 2 2 2 2 2 2 2 2 2 2 2 2 2 2 2 2
left_child=2 3 -1 -2 17 6 12 10 9 11 13 -9 -4 -8 -7 -6 -12 23 20 26 21 -19 -22 28 -25 -26 -20 -21 29 -5
right_child=1 -3 5 4 15 14 7 8 -10 -11 16 -13 -14 -15 -16 -17 -18 18 19 27 22 -23 -24 24 25 -27 -28 -29 -30 -31
leaf_value=-0.021897904282050851 -0.010221447924736605 -0.029259612204615117 -0.030727744133360626 -0.0084045167425232433 -0.049678373239736007 -0.061094237051563152 -0.064825707540724059 0.027558007754560306 0.049428025524835967 -0.014716953157326391 0.020477444786694964 -0.042217252488403335 -0.0014283293367650478 0.032495799077298368 0.011285985173553264 -0.0083762791840829558 -0.026689450522778421 0.095071817524288282 -0.0097799294434923155 0.03909505607442243 -0.0019591535799937578 0.026046495654419816 0.038131157587050372 -0.045347903741313728 -0.00031806942178205224 -0.026155682413315756 0.003044173841084746 -0.049330323160461639 0.07179287053720329 0.012925010462958023
leaf_weight=56.268662382499315 435.47679431918368 69.756849069279269 75.40543017393793 201.93750237600761 19.52807667342131 5.3268017655354916 3.7971129352226844 102.07174671591201 66.826332077849656 89.496197636588477 16.282749998528743 10.339313397591466 168.8648325852555 41.266456760000437 772.84841990396671 306.10331003225292 104.01905029610498 21.32023057108745 611.76243303978117 67.827319475647528 179.39924403995974 96.119780270848423 64.379259866662323 56.726251769199735 431.04180969012668 148.06986123727984 949.96371344319778 6.5941514626611015 10.345832011196761 286.28620496114308
leaf_count=6363 46138 2407 59916 9335 14772 879 46 12892 4010 1968 1411 166 14218 1529 74606 29541 2757 1375 17476 13434 3829 1758 2056 46502 44526 13950 26151 728 124 12950
internal_value=-8.17822e-05 -0.00200484 0.00495345 -0.00150907 -0.000409071 0.00600508 0.000596955 0.00688566 0.0162473 0.00507576 -0.00833399 0.0208246 -0.0105614 0.0230661 0.0107128 -0.0109977 -0.0201893 0.000695055 0.00300722 -0.00047747 0.0187489 0.0392744 0.00874079 -0.00337506 -0.0104488 -0.00695805 -0.00198235 0.0307099 0.00564913 0.00410361
internal_weight=5475.45 3962.64 1512.81 3892.88 3457.4 1456.54 678.369 434.099 268.734 201.907 165.365 112.411 244.27 45.0636 778.175 325.631 120.302 3131.77 1997.37 1636.15 361.219 117.44 243.779 1134.41 635.838 579.112 1561.73 74.4215 498.57 488.224
internal_count=467813 287052 180761 284645 238507 174398 98913 24779 19036 15026 5743 13058 74134 1575 75485 44313 4168 194194 66807 57789 9018 3133 5885 127387 104978 58476 43627 14162 22409 22285
is_linear=0
shrinkage=0.05


Tree=159
num_leaves=31
num_cat=0
split_feature=38 8 43 49 5 40 40 29 55 45 44 40 55 45 31 29 54 23 48 37 55 40 40 5 54 21 21 52 22 30
split_gain=17.9553 16.1168 12.4853 22.0209 15.8716 21.7478 15.4374 11.8921 23.3863 20.7179 16.3393 35.5139 32.5818 30.8381 24.6259 20.7089 19.7784 20.9194 36.4084 14.8887 14.8447 17.1944 16.9855 11.6857 14.0352 11.5903 13.98 10.3511 10.2503 10.1834
threshold=23.500000000000004 1.0000000180025095e-35 0.090916447341442122 0.61620295047760021 4.5000000000000009 0.7947368621826173 0.58957219123840343 1.0000000180025095e-35 0.98314553499221813 1.0000000180025095e-35 1.0000000180025095e-35 0.93541666865348827 0.9279175102710725 1.0000000180025095e-35 0.091256074607372298 6.5000000000000009 0.99218702316284191 42.500000000000007 1.0000000180025095e-35 3.5000000000000004 0.9143919348716737 0.74456521868705761 0.82843136787414562 1.5000000000000002 0.98952850699424755 5.5000000000000009 26.500000000000004 0.8521554470062257 123.50000000000001 0.43364779651165014
decision_type=2 2 2 2 2 2 2 2 2 2 2 2 2 2 2 2 2 2 2 2 2 2 2 2 2 2 2 2 2 2
left_child=1 2 25 4 -4 -6 -5 9 10 23 11 12 13 -9 -14 -13 17 19 -19 -12 22 -22 -11 -3 -25 -1 -27 -26 -2 -28
right_child=28 7 3 6 5 -7 -8 8 -10 20 16 15 14 -15 -16 -17 -18 18 -20 -21 21 -23 -24 24 27 26 29 -29 -30 -31
leaf_value=-0.024260860286769367 -0.052634233421245784 0.016416373742258034 0.02183456078300923 0.030354697414792138 0.13493748070552755 0.023620430805303495 -0.0048440000874766459 0.00027313024563521389 0.036548595270337478 -0.016173499432939203 -0.0049336939286962079 -0.093070414537052781 0.01027741665064319 -0.015924459967467306 0.071387344637314706 -0.012894477011550899 0.034935750948802101 0.008360258080260868 -0.01648129296168481 0.016608703886160092 0.038576827577010364 -0.037902115527578384 0.057007257203747608 0.0098806801442471535 -0.034961135039910989 0.0054700630010705098 -0.0013711515026792387 0.024391644377249559 -0.0043999403843944136 -0.029690933296513362
leaf_weight=40.637200387471239 24.099376104117255 69.89577188192925 84.555487817749963 38.456588069035206 7.1611598885501762 10.643519728444515 147.08957075618673 721.26187666243641 39.471724243485369 31.334788602616754 112.006458050324 16.891705698566511 75.2267279275693 494.83988381065137 20.281350233184639 15.322425353107972 45.219364521908574 284.46521482196113 304.32213379938912 278.13180108193774 7.0751952338032416 111.52710554900113 9.5062698103720304 48.452727938696626 48.945331517606974 1430.9548531329783 917.39971064584097 7.8822019683429962 19.98012151569128 31.887108526221709
leaf_count=4300 14283 4427 1508 632 293 116 3421 59982 741 3660 34767 140 1071 80376 391 206 783 8225 12316 11060 86 1887 150 2392 843 152093 55292 705 1833 10018
internal_value=7.25716e-05 0.00033241 0.00306729 0.0128924 0.0313887 0.0731877 0.00257495 -0.00236942 -0.0011397 -0.0111869 -0.00178309 -0.0054072 -0.00411095 -0.00632545 0.0238595 -0.0564717 0.00297289 0.00146229 -0.00448558 0.0104272 -0.0241676 -0.0330554 0.00181561 0.000698075 -0.00979361 0.00189399 0.00235053 -0.0264492 -0.0313534 -0.00235267
internal_weight=5494.92 5450.85 2708.79 287.906 102.36 17.8047 185.546 2742.06 2407.44 334.619 2367.97 1343.82 1311.61 1216.1 95.5081 32.2141 1024.14 978.926 588.787 390.138 159.443 118.602 40.8411 175.176 105.28 2420.88 2380.24 56.8275 44.0795 949.287
internal_count=467997 451881 227673 5970 1917 409 4053 224208 210058 14150 209317 142166 141820 140358 1462 346 67151 66368 20541 45827 5783 1973 3810 8367 3940 221703 217403 1548 16116 65310
is_linear=0
shrinkage=0.05


Tree=160
num_leaves=31
num_cat=0
split_feature=8 39 23 55 28 7 36 56 35 21 50 40 38 49 30 39 51 44 50 23 22 34 20 36 43 6 50 21 51 36
split_gain=16.4162 12.5338 40.0998 29.8326 33.6002 33.4952 29.107 22.9359 25.6537 21.2662 16.6354 15.8095 18.9608 18.5528 17.2591 16.7999 15.1061 20.206 20.8526 14.3601 14.0394 16.0153 12.9604 13.7495 12.6172 12.3514 14.0241 12.3107 14.9717 18.8568
threshold=1.0000000180025095e-35 0.067816093564033522 1.0000000180025095e-35 0.73538899421691906 5.5000000000000009 1.0000000180025095e-35 0.94444444775581371 0.60044842958450328 0.46428571641445165 18.500000000000004 0.97014260292053234 0.90692642331123363 9.5000000000000018 0.091431558132171645 0.17712418735027316 0.54006412625312816 0.77849927544593822 1.0000000180025095e-35 0.68801230192184459 33.500000000000007 25.500000000000004 0.63068181276321422 15.500000000000002 0.88194444775581371 0.0059530402068048724 8.5000000000000018 0.78629976511001598 12.500000000000002 0.88047617673873912 0.78888890147209179
decision_type=2 2 2 2 2 2 2 2 2 2 2 2 2 2 2 2 2 2 2 2 2 2 2 2 2 2 2 2 2 2
left_child=1 2 -1 4 5 7 16 8 -3 -9 -8 12 14 -13 25 -14 17 -6 -19 -10 -7 -22 -16 -24 -11 -5 -27 -2 -29 -30
right_child=27 3 -4 11 6 20 10 9 19 24 -12 13 15 -15 22 -17 -18 18 -20 -21 21 -23 23 -25 -26 26 -28 28 29 -31
leaf_value=0.0010037111647402646 0.0080599541336895484 -0.0096650797313049541 -0.039632666302623396 -0.0072773322558017332 -0.029560148624946481 0.053646582700500101 -0.020509440430496198 0.044638502771642753 0.088761872957594384 0.0060084578772588663 0.034323903917347388 -0.035205424815381699 -0.018783511749086625 0.016237534356587518 -0.0035622553759467818 -0.0018096857656965629 -0.042836020632201433 -0.011920075488949194 0.040271902004155716 0.039191845522381544 0.045441129723027225 -0.03522452958910368 0.012089268396732997 0.042376898199291413 0.027888008065033967 0.064983337385590867 0.0021161843388473678 -0.006574238099566314 0.017010570240290155 -0.0019851573866813896
leaf_weight=523.55939882880193 239.64131230574276 14.72035271306231 67.66513071708323 261.77436307410244 53.873386235893122 5.5100668042286989 17.018798086064635 66.793552284245379 28.946323579410091 194.47684844186006 61.693954341521021 18.14193741325289 230.20045706434757 214.69110305909999 69.888768405566225 395.20197534514591 35.456231997173745 44.752586692906334 32.00830092880642 34.27563026289863 6.2434783497737945 44.258661166881211 117.94334749176051 54.819084219401702 99.256952452560654 12.0738774225465 27.81470704684034 1642.5138967301027 159.84608573865262 695.01378042156284
leaf_count=25422 30044 18993 53699 10314 31973 553 827 4525 1960 9444 2464 173 7201 5411 1626 7490 515 27434 1992 4239 2428 4803 4163 1677 4507 701 341 167873 3861 31360
internal_value=-6.56601e-06 0.00273402 -0.00370616 0.00451265 0.0126331 0.0201209 -0.00251187 0.0247693 0.0492596 0.0193531 0.0223596 0.000226392 -0.00214453 0.0120958 0.00467459 -0.00807749 -0.0143621 -0.00636713 0.0100813 0.0629163 -0.0160636 -0.0245633 0.0145735 0.0218884 0.0134714 -0.00330974 0.0222693 -0.00274319 -0.00378265 0.00158249
internal_weight=5470.07 2733.06 591.225 2141.83 739.285 494.482 244.803 438.47 77.9423 360.527 78.7128 1402.55 1169.72 232.833 544.314 625.402 166.091 130.634 76.7609 63.222 56.0122 50.5021 242.651 172.762 293.734 301.663 39.8886 2737.02 2497.37 854.86
internal_count=468013 234875 79121 155754 116657 51452 65205 43668 25192 18476 3291 39097 33513 5584 18822 14691 61914 61399 29426 6199 7784 7231 7466 5840 13951 11356 1042 233138 203094 35221
is_linear=0
shrinkage=0.05


Tree=161
num_leaves=31
num_cat=0
split_feature=38 44 48 56 47 35 56 27 40 43 55 49 56 56 52 12 50 10 28 31 22 55 6 36 51 21 21 20 51 49
split_gain=16.0602 17.1383 25.1217 34.5037 20.4126 23.6949 19.9439 16.4254 32.4385 20.3685 35.9138 27.2354 23.3281 21.9996 19.7518 18.9491 30.1375 23.4771 16.4148 15.1994 15.001 14.9479 15.0618 13.6872 32.1169 16.8728 14.0863 14.76 14.0914 13.3772
threshold=22.500000000000004 1.5000000000000002 1.0000000180025095e-35 0.74637374281883251 1.0000000180025095e-35 0.81666666269302379 0.99822065234184276 9.5000000000000018 0.72474747896194469 0.013393124099820854 0.73086684942245495 0.49253065884113317 0.97740960121154796 0.64303660392761242 0.62115561962127697 1.0000000180025095e-35 0.96922349929809581 1.0000000180025095e-35 8.5000000000000018 0.17512886226177218 88.500000000000014 0.68010151386260997 1.5000000000000002 0.47222222387790685 0.83414238691329967 34.500000000000007 22.500000000000004 14.500000000000002 0.43534001708030706 0.95101958513259899
decision_type=2 2 2 2 2 2 2 2 2 2 2 2 2 2 2 2 2 2 2 2 2 2 2 2 2 2 2 2 2 2
left_child=1 7 20 -4 6 21 19 9 -9 11 -11 13 15 -1 -15 17 -17 -13 -16 -5 -3 -6 -23 26 -25 29 27 -10 -29 -26
right_child=-2 2 3 4 5 -7 -8 8 23 10 -12 12 -14 14 18 16 -18 -19 -20 -21 -22 22 -24 24 25 -27 -28 28 -30 -31
leaf_value=-0.039480499828483499 -0.023958114899790401 0.02510590034394607 0.062112592272705283 -0.035976533961764402 0.04402993306411792 0.04465019282790085 0.02735380198790921 -0.029528444542890504 -0.03486157504661655 0.029355383637455341 0.0020788807607409277 0.0025291859314614715 0.026146447332954448 -0.01082429100427647 0.084659972412399712 -0.019934814930677384 -0.00073572612061370384 0.027739127286996613 -0.013925768747970385 -0.0018161166882967557 0.0013558411215855515 0.01742224191851369 -0.0083948308775731294 -0.022336750272545915 0.024239691197871619 -0.023929759593015847 -0.0019656372324952788 0.017498757480672505 0.068118738856961056 -0.02886365259926334
leaf_weight=66.010640369262546 66.994736231412389 223.92211661895271 20.741025380833889 89.628197963611456 17.505020487587899 32.311684277025051 21.272553474176675 136.23207695760357 8.8883773736888525 156.60893042829412 515.75107120294706 986.0943622582563 85.920822469168343 315.02191424185003 9.2203823148156498 240.6467272915761 1326.7495263946766 100.92878698953427 6.7729531487275372 50.996441194118233 94.554797583637992 73.247226467472501 235.40261195192579 192.80252722837031 98.094713773811236 29.661389540066011 169.02830729147536 55.050471357535571 17.857217516051605 12.618507107836193
leaf_count=122922 21249 3883 1363 1594 230 6747 332 31541 162 15257 15385 99288 4844 53209 263 14312 51991 3826 480 1460 1460 1671 4095 2191 1738 609 3275 1241 279 1055
internal_value=0.000190182 0.000494747 0.00696306 0.000398173 -0.0021761 0.00448203 -0.0168553 -0.000733913 -0.00765291 0.000575798 0.0084664 -0.00111737 0.000657557 -0.0133391 -0.00802282 -0.000177027 -0.00369425 0.00489324 0.0445476 -0.0236888 0.0180809 0.000378316 -0.00223157 -0.00250818 -0.00913795 0.00902019 0.00629965 0.023197 0.030651 0.0179831
internal_weight=5456.54 5389.54 859.582 541.105 520.364 358.467 161.897 4529.96 720.234 3809.73 672.36 3137.37 2740.34 397.026 331.015 2654.42 1567.4 1087.02 15.9933 140.625 318.477 326.155 308.65 584.002 333.177 140.375 250.824 81.7961 72.9077 110.713
internal_count=467952 446703 22835 17492 16129 12743 3386 423868 42091 381777 30642 351135 174261 176874 53952 169417 66303 103114 743 3054 5343 5996 5766 10550 5593 3402 4957 1682 1520 2793
is_linear=0
shrinkage=0.05


Tree=162
num_leaves=31
num_cat=0
split_feature=8 21 39 29 45 55 55 39 5 40 42 41 52 49 54 4 38 41 50 49 41 25 21 39 21 27 26 44 39 23
split_gain=13.5733 12.4935 24.3297 12.1269 19.1593 18.5158 16.9179 13.813 13.7722 13.5121 12.3878 22.91 17.2685 28.2297 12.358 11.9104 12.1786 15.9962 11.581 24.991 17.407 16.4289 20.7029 25.7362 16.3989 14.9312 24.2188 18.1398 17.0018 26.9365
threshold=1.0000000180025095e-35 8.5000000000000018 0.32795698940753942 1.0000000180025095e-35 1.0000000180025095e-35 0.98314553499221813 0.9143919348716737 0.58957219123840343 2.5000000000000004 0.82843136787414562 0.0014587899786420169 0.95553359389305126 0.71503761410713207 0.65545505285263073 0.98952850699424755 11.500000000000002 14.500000000000002 0.71825397014617931 0.11566332355141641 0.093386627733707442 0.87228259444236766 1.5000000000000002 15.500000000000002 0.98214286565780651 3.5000000000000004 6.5000000000000009 5.5000000000000009 1.0000000180025095e-35 0.067816093564033522 10.500000000000002
decision_type=2 2 2 2 2 2 2 2 2 2 2 2 2 2 2 2 2 2 2 2 2 2 2 2 2 2 2 2 2 2
left_child=18 2 -2 4 8 10 9 -8 -3 -6 15 12 -12 -14 -10 16 -5 -18 -1 -20 25 24 23 -23 -22 28 27 -27 29 -21
right_child=1 3 -4 5 6 -7 7 -9 14 -11 11 -13 13 -15 -16 -17 17 -19 19 20 21 22 -24 -25 -26 26 -28 -29 -30 -31
leaf_value=0.017817767300586686 -0.024999936973835183 0.010917914878879883 0.035176692576488318 -0.0022301580818302452 -0.012716980577479754 0.031655793142528359 0.030618607448529261 -0.038376633430819901 0.0031851270543602501 0.053523563637721407 -0.027993106088453529 0.042415078645416326 0.034308130443466249 -0.00026810607909666162 -0.041591675598255266 -0.043445051214468504 -0.030171802543411064 -0.0053885111451014564 -0.047430584335834601 0.0011375762615695839 0.043730498489033369 0.030791677745919635 0.017971687952657741 0.15691556906800533 -0.015527798883318931 -0.0019880523920601562 -0.0056526521211098558 0.054622848328132925 0.009016986832030097 -0.037452218193494556
leaf_weight=118.5680051229574 23.185615373091423 103.63015478134912 54.852554996468825 1128.106868626186 30.140141962328926 39.849415625329129 7.0378242568112901 109.99281114031328 31.016024196753278 9.2325908818747831 48.05487398643163 33.421882070484571 63.361057015703409 712.84878776349069 29.366904959781095 19.023071450632415 96.895609223342035 196.12762455205666 24.423788160594995 527.28833807363117 13.584281055489553 13.004316124832259 127.84479211480357 5.3522990352939805 57.626572687877342 26.574650270064012 903.13706172039383 29.102925848448649 826.16557511891006 48.457456156014814
leaf_count=8002 7048 5710 1382 102548 3505 745 88 1896 1689 154 25887 1976 4656 20044 687 12372 38497 4218 2775 25405 133 484 5379 107 691 5956 56630 1834 91759 35586
internal_value=0.000101473 -0.00238483 0.0172078 -0.00296629 -0.0120729 -0.00171346 -0.0245341 -0.0340032 -0.000113277 0.0037569 -0.00230567 0.00244971 0.000779777 0.00259482 -0.0189146 -0.00513748 -0.00459452 -0.0136585 0.00260145 0.00190165 0.0023872 0.0158919 0.0254315 0.0737728 -0.00377455 0.00113728 -0.00366871 0.0280444 0.00442453 -0.00216963
internal_weight=5457.27 2736.14 78.0382 2658.11 320.416 2337.69 156.403 117.031 164.013 39.3727 2297.84 857.687 824.265 776.21 60.3829 1440.15 1421.13 293.023 2721.13 2602.56 2578.14 217.412 146.201 18.3566 71.2109 2360.73 958.815 55.6776 1401.91 575.746
internal_count=467843 233102 8430 224672 13729 210943 5643 1984 8086 3659 210198 52563 50587 24700 2376 157635 145263 42715 234741 226739 223964 6794 5970 591 824 217170 64420 7790 152750 60991
is_linear=0
shrinkage=0.05


Tree=163
num_leaves=31
num_cat=0
split_feature=21 58 30 52 49 50 33 30 52 50 32 34 36 30 28 21 21 31 43 49 36 25 49 42 49 28 22 33 50 52
split_gain=15.3733 16.3988 37.1407 31.9893 52.0731 54.072 37.0622 46.9804 34.5866 28.1083 27.7774 26.7315 23.9931 23.5909 22.1502 20.9453 17.1995 16.4567 16.3419 16.0893 16.0867 28.4041 28.9248 18.8124 15.7397 15.1458 29.583 16.7998 14.855 14.4908
threshold=24.500000000000004 2.5000000000000004 0.0745370388031006 0.80243903398513805 0.77003204822540294 0.87026646733284008 4.5000000000000009 0.096006143838167204 0.87298336625099193 0.79205974936485302 1.0000000180025095e-35 0.61250001192092907 0.81666666269302379 0.037386443465948112 17.500000000000004 30.500000000000004 31.500000000000004 0.34054243564605718 0.0019849917152896528 0.8263767957687379 0.70714285969734203 2.5000000000000004 0.91010102629661571 0.0055557100567966708 0.75134408473968517 10.500000000000002 45.500000000000007 3.5000000000000004 0.74115687608718883 0.69282051920890819
decision_type=2 2 2 2 2 2 2 2 2 2 2 2 2 2 2 2 2 2 2 2 2 2 2 2 2 2 2 2 2 2
left_child=-1 3 10 6 8 12 -2 17 11 -9 -3 16 -6 -13 18 -14 24 19 -4 -8 21 23 -23 -7 -5 27 -27 -22 -18 -11
right_child=1 2 14 4 5 20 7 9 -10 29 -12 13 15 -15 -16 -17 28 -19 -20 -21 25 22 -24 -25 -26 26 -28 -29 -30 -31
leaf_value=0.0023677443313064473 -0.039169271425339908 -0.027507602666893779 -0.01380082173983355 0.067799740927057831 -0.039337896192755267 -0.036007819005619814 -0.0016752329750828532 -0.033451778633814426 0.002817307696633384 0.067588333988950602 0.064393066527790324 0.031234662580116736 -0.028618200585266842 -0.039667920798834445 -0.047661523662310752 0.044305329541393705 -0.020467414542514419 0.039722920955079462 0.028342459568834619 0.063183999818828787 -0.00044339868728424748 0.0058257142461002756 0.04781617744282967 0.024664700714630061 -0.015144074692477564 0.055108913655544524 -0.037812143479626949 -0.013815005115067292 0.040572233237933589 -0.0084806340612648967
leaf_weight=2768.8423522212324 123.82240877583536 83.098346226470312 25.773722830650513 64.264483486214885 152.47719958589005 46.315802383061964 151.96895739508182 159.53922115288151 250.93506219670235 9.7520020778465568 8.1635617567226273 25.900918898551026 20.402202026802115 19.804826523119118 10.811702856575719 17.253464503606665 14.425840251147745 35.188947506641853 178.52856667934975 9.200712535530327 554.76208114667679 135.13732591073494 58.095524532604031 16.699379706551554 5.9091990462620734 25.843966086104047 11.74285328449332 406.48229128075764 28.009488035342656 14.526273978699463
leaf_count=289309 22126 3962 3347 2195 4106 1396 13199 55096 10240 261 115 304 1604 760 2551 827 799 6346 8854 155 22261 2711 1697 474 235 692 235 10656 944 673
internal_value=-0.000240952 -0.00295133 0.00791391 -0.00436554 -0.00132669 -0.00578608 -0.0155222 -0.00773787 0.0143968 -0.0258378 -0.0186781 0.0326178 -0.0305611 0.000320237 0.0192297 0.00507644 0.0456085 0.00925115 0.0229846 0.00239418 -0.00201154 0.00914149 0.0186313 -0.0197951 0.0607005 -0.00487911 0.025851 -0.00610634 0.0198284 0.0235395
internal_weight=5433.68 2664.84 306.376 2358.46 1854.46 1445.21 503.999 380.176 409.25 183.817 91.2619 158.315 190.133 45.7057 215.114 37.6557 112.609 196.359 204.302 161.17 1255.08 256.248 193.233 63.0152 70.1737 998.831 37.5868 961.244 42.4353 24.2783
internal_count=468130 178821 18829 159992 62136 46659 97856 75730 15477 56030 4077 5237 6537 1064 14752 2431 4173 19700 12201 13354 40122 6278 4408 1870 2430 33844 927 32917 1743 934
is_linear=0
shrinkage=0.05


Tree=164
num_leaves=31
num_cat=0
split_feature=21 46 12 52 49 36 50 52 56 49 30 50 42 20 55 30 21 50 20 38 52 20 52 38 31 21 20 55 28 35
split_gain=14.7884 14.1894 13.9623 41.8309 32.0159 44.1367 45.9434 34.3075 31.8716 28.6998 65.4246 35.9741 33.9385 27.0594 40.3447 32.2194 24.5689 23.8491 21.1798 20.9786 20.7914 19.5364 19.9403 17.461 17.304 16.6945 29.1371 36.0991 24.0131 16.4032
threshold=22.500000000000004 1.0000000180025095e-35 1.0000000180025095e-35 0.89512962102890026 0.49253065884113317 0.30952382087707525 0.71937501430511486 0.7103942632675172 0.64303660392761242 0.64051282405853283 0.30839161574840551 0.9941176474094392 0.00082781683886423718 18.500000000000004 0.67750748991966259 0.14142857491970065 16.500000000000004 0.95040982961654674 14.500000000000002 6.5000000000000009 0.80982521176338207 23.500000000000004 0.62115561962127697 12.500000000000002 0.03347339108586312 14.500000000000002 11.500000000000002 0.65129569172859203 1.0000000180025095e-35 0.94444444775581371
decision_type=2 2 2 2 2 2 2 2 2 2 2 2 2 2 2 2 2 2 2 2 2 2 2 2 2 2 2 2 2 2
left_child=2 -2 4 17 8 6 23 16 -1 10 29 12 -11 25 -15 -16 -7 -4 -13 -10 -8 22 -21 -6 -23 26 -5 -28 -27 -9
right_child=1 -3 3 13 5 7 20 9 19 11 -12 18 -14 14 15 -17 -18 -19 -20 21 -22 24 -24 -25 -26 28 27 -29 -30 -31
leaf_value=-0.040607311702336626 -0.0020211013967101872 -0.02842171364577031 -0.048048099181697959 -0.016222116893245663 0.017333061340802661 0.0036163947666262501 0.067063107904672847 0.072404536531156069 -0.023064264628953376 -0.021082121235955206 -0.018637216610104628 0.0013251327771958983 0.010931502119900649 0.00059136385575831959 -0.011508887412823847 0.053524691736484331 -0.044689985857501335 0.054695144111922139 0.044257473372606909 0.0096905588993802475 -0.0012304769958033782 0.014398445587846712 0.063235166571451784 -0.046554525183932653 -0.017269191268153333 0.0051649147454846892 0.0019228216005107591 0.061323860500803386 -0.024359207970061251 -0.0036063594434451469
leaf_weight=50.247916281936341 3047.8312825130779 50.768189672860899 63.047614806870115 92.614524719800102 34.869276636658469 55.293941635958618 80.995520038064569 60.672628955813707 78.724760565935867 137.75592206598958 36.349242977026734 44.284377936564852 204.26614086149493 238.24013173936692 24.674379659118131 78.088207781198435 48.998274957906688 5.3684493981127153 81.107375542109367 250.19973855889111 12.856330936716402 62.328158376869396 17.753367298457306 14.239959027283474 134.81244523676287 106.65322073065909 78.836854555585887 36.908149063237943 191.86669541377341 7.9164583056117399
leaf_count=89855 211137 1783 3922 5893 3388 13123 2027 3020 2751 8773 5748 1074 8999 13313 3032 2778 16602 164 3789 21894 307 2583 291 2157 19048 7480 4852 2245 5232 497
internal_value=-0.000200039 -0.00246269 0.00280879 -0.00199758 0.00592334 0.0123236 0.0374689 0.00696348 -0.00291268 0.0117722 0.0352765 0.00643122 -0.00198647 0.00105629 0.0119273 0.037949 -0.0192877 -0.0393143 0.0292256 0.00063838 0.0577935 0.00469132 0.0134601 -0.00175147 -0.00723498 -0.00626625 0.00458331 0.0212273 -0.013829 0.0637057
internal_weight=5428.57 3098.6 2329.97 916.298 1413.67 819.605 142.961 676.644 594.066 572.352 104.938 467.414 342.022 847.882 341.003 102.763 104.292 68.4161 125.392 543.818 93.8519 465.094 267.953 49.1092 197.141 506.879 208.36 115.745 298.52 68.5891
internal_count=467757 212920 254837 48911 205926 69504 7879 61625 136422 31900 9265 22635 17772 44825 19123 5810 29725 4086 4863 46567 2334 43816 22185 5545 21631 25702 12990 7097 12712 3517
is_linear=0
shrinkage=0.05


Tree=165
num_leaves=31
num_cat=0
split_feature=38 26 30 21 20 49 52 50 21 31 50 34 22 12 6 7 55 32 35 49 4 4 35 56 23 0 49 31 49 25
split_gain=14.6035 19.1563 15.088 11.6466 16.59 17.5082 47.742 37.1118 20.2717 17.3053 15.7187 15.3947 17.2461 19.4119 13.7805 18.0605 16.1784 15.0053 28.7542 22.9458 16.828 14.5311 13.4928 13.4625 28.0154 17.4887 17.3345 13.5559 14.1869 27.1063
threshold=15.500000000000002 12.500000000000002 0.40778534114360815 17.500000000000004 20.500000000000004 0.70064935088157665 0.6900656819343568 0.22401433438062671 30.500000000000004 0.17320512980222705 0.79772728681564342 0.4083333313465119 46.500000000000007 1.0000000180025095e-35 2.5000000000000004 1.0000000180025095e-35 0.62529620528221141 2.5000000000000004 0.64583334326744091 0.80982521176338207 22.500000000000004 28.500000000000004 0.64583334326744091 0.53371214866638195 11.500000000000002 4.5000000000000009 0.63686314225196849 0.1434285715222359 0.4246212244033814 1.5000000000000002
decision_type=2 2 2 2 2 2 2 2 2 2 2 2 2 2 2 2 2 2 2 2 2 2 2 2 2 2 2 2 2 2
left_child=3 -2 -3 23 5 6 7 8 -5 -7 -9 -8 13 -13 15 -6 -17 18 21 22 -21 -16 -19 24 25 26 -1 -25 29 -29
right_child=1 2 -4 4 14 9 11 10 -10 -11 -12 12 -14 -15 17 16 -18 19 -20 20 -22 -23 -24 27 -26 -27 -28 28 -30 -31
leaf_value=-0.028889935806797353 -0.026530767755056823 -0.00023856685446724984 -0.022703923446915346 0.030877317084740636 0.0062934850870648672 -0.020136109645848374 0.050203369860824923 -0.043535554885986864 -0.04319101764158069 -0.0022177676216771748 0.05779893146506343 0.010459766731819933 -0.019133435369583604 0.08932425713183445 -0.0028226307804554065 -0.043033962126064161 0.0030505724129945714 -0.054319018219432282 0.015611624877835371 -0.019918850717410612 0.027080364155466358 -0.040137535116085046 0.021266506664769803 0.0040137644088857919 -0.034207993714821826 -0.012643901402171238 0.020694685045142821 0.024771676973073045 0.024875013008372939 -0.023210398914572022
leaf_weight=19.339445375269861 98.282414829314803 602.26903872149705 84.331107916041219 43.157754378902609 1404.147594977796 278.46302680068766 47.004295351041947 71.44904556194524 10.751135694634284 260.75257697913912 3.1992819092120035 27.355645253759576 25.29722059078631 10.102505905582801 558.6033705042355 35.03414575982606 40.130607853905531 5.5229963167221277 251.53451103472617 276.37781166104833 19.59521979332203 26.38234657542489 65.674932630790863 532.26723075409245 58.109710614793585 96.148475789115764 135.97393342995201 63.935429911420215 205.68541268070112 52.851571806386346
leaf_count=13080 41610 44234 13167 1979 46677 8943 3784 38168 1774 8874 284 1074 863 390 81227 5888 1139 488 5203 6238 554 13959 2095 31640 59492 747 4614 6333 7636 15276
internal_value=0.000301585 -0.00600002 -0.00302686 0.0013721 -8.37541e-05 -0.00650985 0.00476219 -0.0158653 0.0155882 -0.0114913 -0.0384859 0.0288475 0.0123152 0.0334992 0.00178026 0.00501114 -0.0187123 -0.0021913 0.00150905 -0.010603 -0.0167265 -0.00457112 0.014732 0.00569549 -0.0032306 0.00403503 0.0143751 0.00892836 0.0170028 0.00304484
internal_weight=5409.73 784.883 686.6 4624.85 3460.54 777.532 238.317 128.557 53.9089 539.216 74.6483 109.76 62.7554 37.4582 2683 1479.31 75.1648 1203.69 836.52 367.171 295.973 584.986 71.1979 1164.31 309.572 251.462 155.313 854.74 322.472 116.787
internal_count=467430 99011 57401 368419 229601 66133 48316 42205 3753 17817 38452 6111 2327 1464 163468 53704 7027 109764 100389 9375 6792 95186 2583 138818 77933 18441 17694 60885 29245 21609
is_linear=0
shrinkage=0.05


Tree=166
num_leaves=31
num_cat=0
split_feature=21 30 26 52 43 29 58 51 49 49 52 52 52 49 20 49 52 21 20 51 30 20 30 33 25 32 55 35 33 42
split_gain=13.9717 19.5363 23.186 18.1038 18.0161 14.899 13.7223 67.9927 26.6179 26.5796 109.479 65.4323 66.2624 41.7036 39.3012 35.7638 23.296 35.7439 31.6272 20.5134 19.9603 31.1851 19.6923 19.4501 22.9425 14.8146 14.4629 14.068 13.8935 13.7036
threshold=15.500000000000002 0.43826219439506536 6.5000000000000009 0.55351883172988903 0.06250630691647531 77.500000000000014 1.5000000000000002 0.4246212244033814 0.65240275859832775 0.61620295047760021 0.65419578552246105 0.60097089409828197 0.78629976511001598 0.70064935088157665 27.500000000000004 0.83414238691329967 0.10933997482061387 31.500000000000004 30.500000000000004 0.76631206274032604 0.064866758882999434 23.500000000000004 0.031754031777381904 6.5000000000000009 4.5000000000000009 1.0000000180025095e-35 0.80654072761535656 0.73214286565780651 4.5000000000000009 0.0017196917324326935
decision_type=2 2 2 2 2 2 2 2 2 2 2 2 2 2 2 2 2 2 2 2 2 2 2 2 2 2 2 2 2 2
left_child=4 6 3 -3 5 -1 7 8 -2 10 26 25 15 -14 19 -13 17 18 -8 -12 -18 -22 -20 -19 -25 -11 -9 -16 -28 -7
right_child=1 2 -4 -5 -6 29 16 9 -10 11 14 12 13 -15 27 -17 20 23 22 -21 21 -23 -24 24 -26 -27 28 -29 -30 -31
leaf_value=0.0021241953827312145 -0.04458331024730431 -0.0381088891453715 -0.030415413342082389 0.029717672468887481 0.025444404432999525 -0.0029833918901127771 -0.0038902895039602155 -0.037974571066682367 0.075811203338775349 0.064705662684723761 0.070592833850977005 -0.033999914770622773 0.022721561608021079 -0.0021748802673756148 -0.011972590959757268 0.051122141846862951 0.04493920970030528 0.02351240190696224 0.016656015208672357 0.02080402483680591 0.041746586479195658 -0.016767172475715689 -0.06449216061159406 -0.058160487854870817 0.0069033915920232143 -0.049598873589954101 -0.025240939694918918 0.043927506822293842 0.023950640747390589 0.085625056044456901
leaf_weight=833.14790792940767 108.91528614459094 12.669189728083436 113.63580482012912 34.43573719538108 99.916218935031793 7.4360961753991459 181.884553176802 63.896538569271797 3.9090323656855608 42.130933373759035 80.836719683909905 207.8437215724116 177.89340042385447 2814.5427290514926 36.653019108445733 12.245478516560977 61.508811138148303 168.50286896819307 8.7764628584263829 29.125022526175599 38.591437716851942 52.700886220656685 38.567723795742495 15.80900147295324 69.061690483969869 2.3222523836448081 31.019806087511824 15.068740545277249 25.030834591889288 9.3399719064618676
leaf_count=115945 78588 11597 22319 3667 2636 782 10360 44981 204 1135 6499 22322 7704 102048 4872 276 1609 8140 363 1213 1906 3014 4104 2314 4625 1268 708 736 1173 858
internal_value=-3.27801e-05 -0.00120866 -0.0182672 0.0110623 0.00546868 0.00309321 -0.000564913 -0.00174535 -0.0397826 -0.000521678 0.014187 -0.0017975 -0.00263955 -0.000687748 0.0409314 -0.029054 0.0062107 0.000808553 -0.0134668 0.0577119 0.0231565 0.00815231 -0.0494159 0.0137257 -0.00575233 0.0577745 -0.0219036 0.00483777 -0.00323844 0.0483905
internal_weight=5397.42 4447.58 160.741 47.1049 949.84 849.924 4286.84 3651.43 112.824 3538.61 281.631 3256.98 3212.53 2992.44 161.684 220.089 635.403 482.602 229.229 109.962 152.801 91.2923 47.3442 253.374 84.8707 44.4532 119.947 51.7218 56.0506 16.7761
internal_count=467966 347745 37583 15264 120221 117585 310162 273727 78792 194935 60182 134753 132350 109752 13320 22598 36435 29906 14827 7712 6529 4920 4467 15079 6939 2403 46862 5608 1881 1640
is_linear=0
shrinkage=0.05


Tree=167
num_leaves=31
num_cat=0
split_feature=8 21 21 6 58 42 51 29 20 52 21 51 55 31 38 31 54 26 29 41 21 42 29 25 28 21 56 56 5 7
split_gain=12.7714 13.1742 14.4206 12.2302 12.5437 14.9792 16.8033 11.3815 15.0941 14.2358 11.546 17.0051 16.1508 11.2818 11.2764 15.9696 14.1902 12.2783 11.1003 13.6485 19.6364 17.9146 13.6319 11.7895 10.9681 11.2377 10.6395 18.0618 23.7582 22.3311
threshold=1.0000000180025095e-35 5.5000000000000009 21.500000000000004 2.5000000000000004 3.5000000000000004 0.0018773589981719854 0.81530213356018078 1.0000000180025095e-35 23.500000000000004 0.84680575132370006 26.500000000000004 0.89022758603096019 0.37372907996177679 0.17157287150621417 10.500000000000002 0.16145323961973193 0.68307831883430492 8.5000000000000018 53.500000000000007 0.58957219123840343 9.5000000000000018 0.07696912065148355 1.0000000180025095e-35 2.5000000000000004 2.5000000000000004 28.500000000000004 0.4548176378011704 0.75056561827659618 5.5000000000000009 1.0000000180025095e-35
decision_type=2 2 2 2 2 2 2 2 2 2 2 2 2 2 2 2 2 2 2 2 2 2 2 2 2 2 2 2 2 2
left_child=1 -1 26 4 5 14 13 9 -9 -4 11 -10 -13 -7 15 17 -17 -2 19 21 -21 -5 -22 24 25 -20 -3 28 29 -28
right_child=3 2 7 18 -6 6 -8 8 10 -11 -12 12 -14 -15 -16 16 -18 -19 23 20 22 -23 -24 -25 -26 -27 27 -29 -30 -31
leaf_value=-0.024925967309762515 -0.012437339609279393 -0.0013375039100488137 -0.012663229862968087 -0.017882802803707638 0.021247943151725516 -0.011694408317335224 0.01442659572135498 -0.009480704874276033 0.00046176403413944272 0.038074084934072064 -0.00080523297712933666 0.0059862017159639409 0.044174259276251279 0.015935078142814623 -0.012863045705983062 0.00072238772864954847 0.024181910001839613 0.028573613978267538 0.04657542561909267 0.029106437630224059 -0.021601614606469265 0.060726080925405913 -0.0031258879911494476 0.035421607548925114 -0.01975863211053748 -0.020497817811311436 0.044396362101355134 0.0065091984999275992 -0.016009571983085957 -0.0075363245161657062
leaf_weight=42.342661738643073 251.2612307551899 257.2227311564784 20.263889835077862 312.75373461859999 69.947173084467067 143.56436663531349 286.32850277365651 385.60181992460275 158.99271553025028 39.937537690915633 901.95749295067799 53.543196179758525 57.147352223168127 48.681353607244091 262.93542988070112 247.78903710567101 86.155415634333622 18.736057308968157 16.164845601102574 41.565860880305991 115.21160781593062 6.463019819915643 712.42156283112126 30.719173256831709 35.68673093522375 9.0882994702697015 105.1275992293522 618.95196918421425 27.919965337634494 25.387812907749321
leaf_count=4585 11325 52834 2275 127005 1075 2855 9786 36872 17827 2220 48606 1822 3132 1385 21204 10955 2763 450 1174 1145 3405 324 29032 3208 5643 439 11378 21201 29271 2660
internal_value=-1.2936e-05 0.00242099 0.00286684 -0.00244588 0.000757202 -0.000323058 0.00676903 -8.27693e-05 -0.000913431 0.021068 0.00191185 0.0109685 0.0259209 -0.00465169 -0.00424165 -0.000473139 0.00682891 -0.00949651 -0.00598541 -0.00728012 -0.00402378 -0.0161066 -0.00572079 0.0106988 -0.00213445 0.0225753 0.00747369 0.0103871 0.025401 0.0343139
internal_weight=5389.87 2694.4 2652.05 2695.47 1415.4 1345.45 478.574 1617.44 1557.24 60.2014 1171.64 269.683 110.691 192.246 866.877 603.942 333.944 269.997 1280.07 1188.42 869.199 319.217 827.633 91.659 60.9399 25.2531 1034.61 777.387 158.435 130.515
internal_count=467856 234683 230098 233173 61798 60723 14026 112754 108259 4495 71387 22781 4954 4240 46697 25493 13718 11775 171375 160911 33582 127329 32437 10464 7256 1613 117344 64510 43309 14038
is_linear=0
shrinkage=0.05


Tree=168
num_leaves=31
num_cat=0
split_feature=50 13 34 51 35 52 12 34 30 50 41 39 32 28 49 50 22 51 49 26 51 55 49 51 49 43 42 21 0 48
split_gain=13.7047 34.685 29.6524 50.2831 28.1721 26.3734 25.7448 57.8242 61.8713 29.9031 29.0145 24.5528 22.9225 22.6925 40.4342 30.3804 25.7258 22.5094 21.6427 21.5025 41.7427 21.3049 21.268 30.7565 25.2455 21.1461 42.5199 23.5917 20.6732 20.0188
threshold=0.982753485441208 1.0000000180025095e-35 0.61250001192092907 0.91715687513351452 0.64583334326744091 0.92390406131744396 1.0000000180025095e-35 0.94444444775581371 0.045983087271451957 0.78319624066352855 0.31909090280532842 0.26201373338699346 1.5000000000000002 3.5000000000000004 0.88047617673873912 0.92206478118896495 39.500000000000007 0.95101958513259899 0.90054944157600414 8.5000000000000018 0.95945203304290783 0.76484143733978283 0.6926884949207307 0.87138131260871898 0.92031747102737438 0.0018450270290486517 0.0032681437442079191 19.500000000000004 2.5000000000000004 1.0000000180025095e-35
decision_type=2 2 2 2 2 2 2 2 2 2 2 2 2 2 2 2 2 2 2 2 2 2 2 2 2 2 2 2 2 2
left_child=2 5 4 6 12 -2 7 8 -4 -9 -11 -3 17 -8 16 -16 -15 25 -14 20 -5 -19 -6 24 -24 26 -1 -28 -21 -27
right_child=1 11 3 19 22 -7 13 9 -10 10 -12 -13 18 14 15 -17 -18 21 -20 28 -22 -23 23 -25 -26 29 27 -29 -30 -31
leaf_value=-0.020447088559208654 0.048853209499451683 -0.021496458795406851 0.015524856812835143 -0.029103913628492118 0.032901735479300372 0.0013587648985617529 -0.053000287237450511 -0.025903000189304304 -0.031165606190341172 0.002700919833500192 0.098834251205983992 0.047849741565653275 -0.052313968560887394 0.0381080374197134 -0.034402479249095813 0.059574234785551232 -0.046592759293906577 0.032878282869089767 0.033256230124925054 -0.00058480354750308373 0.023897235717747808 -0.058402282188846293 -0.0071433740589685437 0.028568654477062083 0.072481512340252546 0.0085814858865501439 0.033504204486766984 -0.004894723002256721 0.041547086773448171 -0.0025544456996435525
leaf_weight=301.39343579291744 28.707251824962441 15.076006995164787 99.82756952336058 79.104606603970751 97.84725199258537 1823.8488437957421 79.937835753415129 11.468774583496268 240.06532480032183 12.105065569950964 21.628326901118271 67.407982381235342 37.141290077197482 9.3818192101898585 12.672873679344773 22.723935182817513 76.344494169781683 7.4403357109986237 8.4345749782514741 49.952370119426632 68.302546826540492 28.694323176518083 224.63344487783615 107.29330378497252 9.4163945511681941 769.35764895795728 67.777228923871007 95.083610759989824 68.707873666309752 846.90322997571639
leaf_count=121889 627 778 1448 2415 3548 65298 3859 586 5758 707 357 19063 3920 673 634 683 5993 151 175 3390 4837 411 4582 3204 189 94890 21809 32617 2406 61044
internal_value=0.000174955 0.00354257 -0.00171237 -0.00980099 0.000940213 0.0021207 -0.0179741 -0.0103569 -0.0174472 0.0421814 0.0654082 0.0350693 -0.00140643 -0.0324399 -0.0185477 0.0259076 -0.0369906 -0.000642629 -0.0361038 0.00820446 -0.00454977 -0.0392278 0.0124702 0.0065344 -0.00364513 4.60476e-05 -0.00934767 0.0111926 0.0239542 0.00274841
internal_weight=5388.68 1935.04 3453.64 852.223 2601.42 1852.56 586.156 385.095 339.893 45.2022 33.7334 82.484 2162.23 201.061 121.123 35.3968 85.7263 2116.65 45.5759 266.067 147.407 36.1347 439.19 341.343 234.05 2080.52 464.254 162.861 118.66 1616.26
internal_count=467941 85766 382175 33746 348429 65925 20698 8856 7206 1650 1064 19841 336906 11842 7983 1317 6666 332811 4095 13048 7252 562 11523 7975 4771 332249 176315 54426 5796 155934
is_linear=0
shrinkage=0.05


Tree=169
num_leaves=31
num_cat=0
split_feature=29 42 20 25 6 56 23 7 55 52 27 49 26 52 0 20 21 33 34 50 0 51 22 13 43 25 58 51 40 42
split_gain=13.5055 26.6767 23.935 41.1192 22.2579 28.0895 21.3514 20.1247 22.4801 18.5382 15.5065 37.6369 15.6193 15.2306 21.4667 15.824 15.1197 15.5462 16.4942 16.4158 13.9004 13.5638 21.81 13.0987 16.7641 13.3112 12.4911 18.2116 12.4887 12.2524
threshold=37.500000000000007 0.0074633148033171901 23.500000000000004 2.5000000000000004 1.5000000000000002 0.48299004137516027 20.500000000000004 1.0000000180025095e-35 0.68010151386260997 0.85867896676063549 4.5000000000000009 0.45867486298084265 4.5000000000000009 0.6900656819343568 4.5000000000000009 31.500000000000004 24.500000000000004 2.5000000000000004 0.72077924013137828 0.89022758603096019 4.5000000000000009 0.73942822217941295 67.500000000000014 1.0000000180025095e-35 0.52490404248237621 1.5000000000000002 2.5000000000000004 0.86706829071044933 0.42481203377246862 0.00082781683886423718
decision_type=2 2 2 2 2 2 2 2 2 2 2 2 2 2 2 2 2 2 2 2 2 2 2 2 2 2 2 2 2 2
left_child=4 2 26 20 7 6 29 23 -9 13 11 -7 -13 -3 15 21 -12 -18 19 -19 -4 22 -15 24 -1 -25 27 -2 -10 -6
right_child=1 9 3 -5 5 10 -8 8 28 -11 16 12 -14 14 -16 -17 17 18 -20 -21 -22 -23 -24 25 -26 -27 -28 -29 -30 -31
leaf_value=0.0042712448245906783 -0.0041239747263504623 -0.010027115601295069 -0.024937212517690707 0.015723059806963553 -0.042964573024476066 -0.024061355831095269 -0.042534831786370318 -0.028701726629737002 0.049394812649284185 0.013896088707594357 0.0011501859973644351 -9.9548864216135696e-05 0.052703334379675053 0.23639064265647694 -0.015267063095317782 -0.0044693637150402706 0.02177447798510453 -0.0080554708677921232 -0.018982647607111505 0.0075473634776970534 0.001840275130842353 0.059454307391839573 0.070315665982509365 -0.010652400492024981 -0.041671956728921246 0.02163559050416064 0.062323012677161352 0.025766091830150759 -0.0018752516030282754 -0.0073390439514314995
leaf_weight=1145.4748176567664 101.31227709035738 7.6844029539206522 196.04645029234234 132.97044466352963 25.945855295532965 36.359782388361054 66.558411486221303 94.798303634743206 13.158506737207061 169.12402720525279 1246.8724565396842 19.326219600945478 49.830925380243571 3.3859978593245703 6.0642831305449354 3.9252732479653778 45.741755113805993 784.2914917076705 253.25786585389869 213.80307334466488 64.099671282092459 11.73628681982518 5.9871626880776603 37.456881638849154 19.21121099719312 196.11360162924393 11.596397986693772 101.05579116931767 73.327827385859564 239.30154782555474
leaf_count=39380 18955 5871 20154 10014 13388 17923 92393 16493 174 2573 101650 435 2612 497 104 713 1315 63550 5059 4035 6443 300 946 754 220 19119 1485 2336 2394 16596
internal_value=-0.00011854 0.00580595 0.000501789 -0.00681921 -0.00117825 -0.0037203 -0.0174122 0.00361904 -0.012012 0.0212173 -0.00199968 0.0166923 0.0381563 0.0519915 0.067151 0.0869351 -0.00278122 -0.00655839 -0.00761062 -0.00470896 -0.0183575 0.103365 0.147314 0.00565275 0.00347832 0.0164343 0.0139218 0.0108554 0.0064007 -0.0109721
internal_weight=5375.82 814.988 607.081 393.117 4560.83 2981.29 331.806 1579.54 181.285 207.907 2649.48 105.517 69.1571 38.7834 31.099 25.0347 2543.97 1297.09 1251.35 998.095 260.146 21.1094 9.37316 1398.26 1164.69 233.57 213.964 202.368 86.4863 265.247
internal_count=467881 70391 59387 36611 397490 318956 122377 78534 19061 11004 196579 20970 3047 8431 2560 2456 175609 73959 72644 67585 26597 1743 1443 59473 39600 19873 22776 21291 2568 29984
is_linear=0
shrinkage=0.05


Tree=170
num_leaves=31
num_cat=0
split_feature=44 56 40 53 23 40 36 51 43 21 43 49 56 31 50 41 7 55 55 44 49 28 36 22 43 41 21 31 56 23
split_gain=12.6198 22.0852 17.958 21.6171 15.0138 35.3309 15.9286 24.8731 15.7988 15.3998 14.4595 14.0297 13.9635 48.4309 22.0345 17.6093 14.0607 20.187 18.8175 21.5517 21.2528 19.345 34.8399 15.2157 14.9378 13.8154 13.7083 13.6526 27.161 13.4752
threshold=1.5000000000000002 0.85637891292572033 0.90692642331123363 0.96162027120590221 55.500000000000007 0.69615384936332714 0.41428571939468389 0.83414238691329967 0.12788605690002444 32.500000000000007 0.014930709730833771 0.10596491396427156 0.91537359356880199 0.02312215976417065 0.97182539105415355 0.82971012592315685 1.0000000180025095e-35 0.67448741197586071 0.81497043371200573 1.0000000180025095e-35 0.54641148447990429 6.5000000000000009 0.94444444775581371 25.500000000000004 0.0066225493792444476 0.73879140615463268 26.500000000000004 0.093933824449777617 0.95393458008766185 62.500000000000007
decision_type=2 2 2 2 2 2 2 2 2 2 2 2 2 2 2 2 2 2 2 2 2 2 2 2 2 2 2 2 2 2
left_child=4 -2 29 -4 12 8 11 -8 -6 -9 -5 -7 15 -14 -15 16 18 23 19 20 -1 25 -23 -18 -21 -20 -13 28 -16 -3
right_child=1 2 3 10 5 6 7 9 -10 -11 -12 26 13 14 27 -17 17 -19 21 24 -22 22 -24 -25 -26 -27 -28 -29 -30 -31
leaf_value=-0.020408551058569105 0.025799625392241888 0.0047445862440535572 0.019734100236860966 0.011450985956853489 -0.033987776532069483 -0.0059439044878582883 -0.020853275703967427 0.016214001130570185 0.021195178953801706 -0.018433000306855591 -0.025945970398204218 0.026359422745876118 -0.015302622864623489 0.007212588484530197 -0.0095041859446966179 0.034720246454516122 0.029000990440558018 0.0031902294589143177 -0.018441369418956063 0.0054922679286350373 0.00028429643239139717 -0.0082693043689317427 0.059153828159387328 -0.032857499349736766 0.026139638364834728 0.015320360260096194 -0.0024689756215723387 0.041624963782452916 0.051066948345772169 -0.013004021619032552
leaf_weight=133.71507366074366 115.6599030335783 208.06213276053313 227.10717898735311 49.171241101808846 137.44139419520798 135.46530834572332 202.01964049215894 106.44533756375313 13.643649945588548 44.777323230169713 52.504022242617793 107.89780729971244 198.63684067508439 447.62811741250334 49.592488882830366 32.524710427853279 10.149536172742954 95.814605309045874 324.26548521133373 336.10751225319109 1572.0727385987266 70.554195737960981 25.206722307601012 110.56730485073786 117.86081200398621 32.663243123155553 66.112083590618568 89.956474897800945 28.294826152850874 218.18413797998801
leaf_count=119309 6156 6388 5030 1427 52401 2209 2435 2845 477 938 1182 2552 7347 13232 1098 959 2162 2983 6875 67434 103893 3053 442 24774 15742 854 1893 5575 1804 4463
internal_value=4.61185e-05 0.00555153 0.00241978 0.0111825 -0.00102261 -0.00716322 -0.00217211 -0.00941536 -0.0288979 0.00590126 -0.00792502 0.00609919 0.000338532 0.00611209 0.0130371 -0.00130563 -0.00173194 -0.0139456 -0.000714666 0.00122936 -0.0013488 -0.00997176 0.00990611 -0.0274611 0.0108985 -0.0153176 0.015455 0.0284359 0.0128684 -0.00434963
internal_weight=5360.1 870.689 755.029 328.782 4489.41 813.803 662.718 353.242 151.085 151.223 101.675 309.475 3675.61 814.109 615.472 2861.5 2828.98 216.531 2612.45 2159.76 1705.79 452.69 95.7609 120.717 453.968 356.929 174.01 167.844 77.8873 426.246
internal_count=467932 24646 18490 7639 443286 65750 12872 6218 52878 3783 2609 6654 377536 29056 21709 348480 347521 29919 317602 306378 223202 11224 3495 26936 83176 7729 4445 8477 2902 10851
is_linear=0
shrinkage=0.05


Tree=171
num_leaves=31
num_cat=0
split_feature=6 29 56 0 31 49 56 7 22 33 29 39 38 42 49 32 4 3 4 31 43 58 30 29 43 23 30 20 29 50
split_gain=12.6513 31.2376 24.1621 22.6701 19.6267 17.5781 17.331 16.5307 16.2379 18.5719 17.7809 17.1696 15.1553 14.7972 19.658 34.0815 18.5108 14.1101 14.1052 13.4492 21.49 19.377 18.9231 18.3924 22.4789 15.0677 11.3278 12.2501 18.0116 11.802
threshold=1.5000000000000002 47.500000000000007 0.47383633255958563 2.5000000000000004 0.54011493921279918 0.91734972596168529 0.76959192752838146 1.0000000180025095e-35 41.500000000000007 2.5000000000000004 77.500000000000014 0.34891304373741155 9.5000000000000018 0.00078740206663496803 0.76028168201446544 1.5000000000000002 28.500000000000004 1.5000000000000002 10.500000000000002 0.35624311864376074 0.035404909402132041 1.5000000000000002 0.053342817351222045 16.500000000000004 0.039498947560787208 68.500000000000014 0.24283374845981601 27.500000000000004 36.500000000000007 0.83225107192993175
decision_type=2 2 2 2 2 2 2 2 2 2 2 2 2 2 2 2 2 2 2 2 2 2 2 2 2 2 2 2 2 2
left_child=3 2 4 7 -2 6 17 8 26 11 -11 -10 -9 -6 15 -15 -16 -5 -17 23 22 -22 -21 -4 25 -25 27 28 -1 -28
right_child=1 -3 19 5 13 -7 -8 12 9 10 -12 -13 -14 14 16 18 -18 -19 -20 20 21 -23 -24 24 -26 -27 29 -29 -30 -31
leaf_value=-0.0046711733488898639 -0.039978201358561838 0.013178584627511781 -0.0016379472929409619 0.056270084728759918 -0.042647841441808075 0.023875551779971929 0.0030522733028150776 -0.0048684649533430333 -0.016875324568682105 0.0069381411550216363 0.094429083648242915 0.027043651269408761 -0.036681862652408206 -0.018469248631297862 -0.016386941038891597 0.083534889951752123 0.035428136541728952 0.012659323221302442 0.0078669182125525195 0.028449868346477572 0.015481388643590605 0.093843212976774448 -0.0053974759946211733 -0.01568853255643338 0.017104660160085727 -0.052675484501114533 -0.024870724142342201 0.01929261959987091 0.036789122319235402 0.036559402404717743
leaf_weight=283.03139050510072 64.089421453143586 314.76450950792059 2311.6459606623466 26.753585484373616 30.271321770327631 160.38613943255041 685.51240193130798 101.86127482671873 259.29173317328969 79.006966367480345 5.2889395979000247 23.440700686536729 58.529641334491316 27.937425676718703 228.4790242689196 18.05248641080107 17.704592384892749 58.462265196372755 9.4325174163241154 55.159270647229278 20.765971572312992 12.234113932237959 155.15849112888827 75.506573808139365 32.172547602007398 43.583163131028414 8.5040837697160878 98.653284528525546 27.857479324477026 50.118600179077475
leaf_count=11295 92595 34224 160638 5781 14048 12449 15864 7277 22776 1890 54 638 10894 19830 1801 282 382 1216 716 3483 911 258 23882 10534 1580 7162 195 3240 347 1655
internal_value=2.19538e-05 -0.00180478 -0.00332882 0.00326087 -0.0148487 0.00886485 0.00571428 -0.00198385 0.000845933 -0.00701735 0.0134703 -0.0131516 -0.0166331 -0.00989036 -0.00647252 0.02019 -0.0125323 0.0268448 0.0587544 -0.00163841 0.00955215 0.0464381 0.00357217 -0.00274738 -0.0195801 -0.0295505 0.00701235 0.00403723 -0.000850042 0.0273804
internal_weight=5343.66 3416.96 3102.19 1926.7 395.967 931.114 770.728 995.584 835.193 367.028 84.2959 282.732 160.391 331.877 301.606 55.4224 246.184 85.2159 27.485 2706.23 243.318 33.0001 210.318 2462.91 151.262 119.09 468.165 409.542 310.889 58.6227
internal_count=467897 372326 338102 95571 129654 35310 22861 60261 42090 25358 1944 23414 18171 37059 23011 20828 2183 6997 998 208448 28534 1169 27365 179914 19276 17696 16732 14882 11642 1850
is_linear=0
shrinkage=0.05


Tree=172
num_leaves=31
num_cat=0
split_feature=8 29 41 45 21 36 52 52 27 48 56 41 53 50 28 43 43 53 40 42 42 31 37 41 54 52 40 40 19 27
split_gain=10.3507 12.6411 18.9628 17.1645 17.0216 14.6127 21.5923 15.0715 19.2143 15.3606 18.1419 13.4567 11.8499 11.3873 10.7818 13.588 10.7525 19.9144 37.8175 16.973 13.1765 11.2903 13.3863 10.6083 11.7876 10.5238 10.4058 10.1893 35.1462 26.1976
threshold=1.0000000180025095e-35 1.0000000180025095e-35 0.76330533623695385 1.0000000180025095e-35 8.5000000000000018 0.81666666269302379 0.88273492455482494 0.95904389023780834 5.5000000000000009 1.0000000180025095e-35 0.93362700939178478 0.92724865674972545 0.95042484998703014 0.96051946282386791 19.500000000000004 0.15727518498897555 0.014090939890593292 0.20626738667488101 0.27525253593921667 0.0034866230562329297 0.083602439612150206 0.15815528482198718 3.5000000000000004 0.73879140615463268 0.95845660567283641 0.91734972596168529 0.94281044602394115 0.08893280848860742 1.0000000180025095e-35 4.5000000000000009
decision_type=2 2 2 2 2 2 2 2 2 2 2 2 2 2 2 2 2 2 2 2 2 2 2 2 2 2 2 2 2 2
left_child=14 3 12 25 11 7 -7 9 -9 10 -6 -4 16 -10 27 -16 17 20 -19 -20 -3 -18 -23 24 -5 -2 -11 28 -1 -29
right_child=1 2 4 23 5 6 -8 8 13 26 -12 -13 -14 -15 15 -17 21 18 19 -21 -22 22 -24 -25 -26 -27 -28 29 -30 -31
leaf_value=-0.040553790607527229 -0.0055487913643302187 -0.00060127622812581553 0.0659380011023077 -0.0085289654734231803 0.030751934063408322 -0.046280071495594162 0.021948782621535941 0.035752941574318679 -0.055751668604574069 -0.0091143426565579912 0.003683918790346376 -0.014493221446673569 0.042169718722991578 -0.013462819290073619 -0.020155645729937489 0.049437870693388564 -0.0032233241589455213 -0.039583560912964971 -0.013519296254899433 0.0045611610760000676 0.060985326091372506 0.048548260369044229 0.0043350427868065122 -0.030011779294765891 0.083707869440279137 0.030939787049372364 0.015168974102369785 0.027915906820831334 0.00085620250194206834 0.0029240888940621555
leaf_weight=55.863887441380939 148.75253996228275 508.67440140977851 18.126937529770661 24.744347701183873 80.503081070492044 11.623400276759638 151.14783004415222 12.068142978008835 26.322836252860725 265.38071071740706 258.85877783136675 6.7097308736992991 12.356275970814748 40.274757358944044 85.852577191551973 6.6819738487829445 134.23391347657889 107.88003959069465 385.19533466325083 194.89840588755033 7.8355564186058464 26.737705674415338 45.301726782345213 124.22135591343977 3.0047762998146927 21.76485518188565 51.936075391480699 110.0712315657438 517.70189925156592 1883.4305194831904
leaf_count=48148 4297 27292 301 3524 2300 137 8630 294 526 5881 4311 103 205 645 17000 143 7411 90124 57310 4563 85 3976 4010 2353 23 4077 895 17731 24480 127170
internal_value=-0.000185682 -0.00238531 -0.00110719 -0.0116513 0.0044718 0.0033169 0.0168238 0.000308325 -0.0202313 0.00279586 0.0101765 0.0444892 -0.00472601 -0.0307551 0.00202141 -0.0146554 -0.00516633 -0.00697234 -0.0125367 -0.00744728 0.000449043 0.00536217 0.021185 -0.0238115 0.00402303 -0.000738152 -0.00510466 0.00262803 -0.00324059 0.00431732
internal_weight=5328.16 2668.55 2346.07 322.488 922.952 898.116 162.771 735.344 78.6657 656.679 339.362 24.8367 1423.11 66.5976 2659.6 92.5346 1410.76 1204.48 687.974 580.094 516.51 206.273 72.0394 151.97 27.7491 170.517 317.317 2567.07 573.566 1993.5
internal_count=467945 233273 218999 14274 24023 23619 8767 14852 1465 13387 6611 404 194976 1171 234672 17143 194771 179374 151997 61873 27377 15397 7986 5900 3547 8374 6776 217529 72628 144901
is_linear=0
shrinkage=0.05


Tree=173
num_leaves=31
num_cat=0
split_feature=38 43 36 43 36 37 50 13 12 51 28 51 28 55 58 34 52 39 52 35 32 20 48 20 51 52 49 22 50 28
split_gain=14.0169 12.2507 17.6566 15.3064 16.8321 18.2301 12.4557 25.565 24.4904 47.9007 62.7888 55.7211 30.1013 32.9275 32.8576 31.3048 23.6242 22.2787 20.0469 18.3452 19.9285 17.9115 17.3366 16.8806 16.8767 11.1703 13.8019 11.0043 10.5477 9.31455
threshold=22.500000000000004 0.40622629225254064 0.30952382087707525 0.15727518498897555 0.47222222387790685 14.500000000000002 0.982753485441208 1.0000000180025095e-35 1.0000000180025095e-35 0.8874824345111848 3.5000000000000004 0.96449580788612377 2.5000000000000004 0.80086207389831554 3.5000000000000004 0.88194444775581371 0.93582704663276683 0.19722222536802295 0.99425286054611217 0.77500000596046459 1.5000000000000002 22.500000000000004 1.0000000180025095e-35 34.500000000000007 0.090398367494344725 0.85867896676063549 0.70859703421592724 42.500000000000007 0.92907443642616283 8.5000000000000018
decision_type=2 2 2 2 2 2 2 2 2 2 2 2 2 2 2 2 2 2 2 2 2 2 2 2 2 2 2 2 2 2
left_child=1 3 -3 6 5 -5 8 16 12 28 11 -11 13 21 15 -14 27 -9 -12 20 -18 -1 -15 -21 -16 26 -6 -8 -10 -27
right_child=-2 2 -4 4 25 -7 7 17 9 10 18 -13 14 22 24 -17 19 -19 -20 23 -22 -23 -24 -25 -26 29 -28 -29 -30 -31
leaf_value=0.026922039469310557 -0.023144522385659588 0.011859600103549379 -0.032204955704147213 0.031961099723516448 0.0048907336506736074 -0.034995552630588116 0.067061624825351537 -0.037838056867098374 -0.027464540864941319 -0.061574960317444673 0.040566353119940987 0.0088143802634419108 -0.0086878561588567878 0.0051849569450889751 -0.0013363707384987005 0.033935453830283256 -0.040081023699318784 0.043301041346929678 -0.021404999827972778 -0.00095914315651310063 0.03277986883961876 0.0080213900312740474 -0.011654428076183372 0.020338543646249187 0.029993531280701625 0.017381877296222818 -0.046189949949733723 0.0045112958424356267 -0.058329509015494087 -0.015697989364051295
leaf_weight=195.95263548182993 62.09800084620656 34.333644703408936 63.90095199237112 111.85412494048069 30.321307670557871 10.353803660720585 19.369426288933031 8.9832583136158046 81.315841290037497 52.832392332449672 78.233579292194918 58.398068972543115 1333.3617480985777 359.70100134401582 78.523044831548759 43.546702571766218 9.8401961546769581 62.117098943970632 14.967543825536266 1543.4895409921301 75.320964167302009 348.49100416716101 264.27933000482153 98.002518930647057 93.755315592425177 96.021050855808426 22.221473391866311 10.97111448770738 44.354377441501128 26.413206196099054
leaf_count=38990 21173 362 1161 1661 325 117 477 235 6267 1578 3558 4011 239656 4450 8295 1431 3429 17963 596 53034 2596 34737 7875 2196 5283 3102 254 198 2341 531
internal_value=0.000281881 0.000562195 -0.0168398 0.000895848 0.0118929 0.0260503 0.000223269 0.00348522 -0.00173383 -0.0145726 0.000395566 -0.02487 -0.000169552 0.00588692 -0.0047383 -0.00731618 0.00228641 0.0326668 0.0304925 0.00150463 0.0239935 0.0148609 -0.0019544 0.000324008 0.0157883 0.0019131 -0.0171716 0.0453091 -0.0387326 0.0101761
internal_weight=5333.32 5271.23 98.2346 5172.99 297.185 122.208 4875.81 1828.09 3047.71 330.102 204.432 111.23 2717.61 1168.42 1549.19 1376.91 1756.99 71.1004 93.2011 1726.65 85.1612 544.444 623.98 1641.49 172.278 174.977 52.5428 30.3405 125.67 122.434
internal_count=467882 446709 1523 445186 5990 1778 439196 80128 359068 18351 9743 5589 340717 86052 254665 241087 61930 18198 4154 61255 6025 73727 12325 55230 13578 4212 579 675 8608 3633
is_linear=0
shrinkage=0.05


Tree=174
num_leaves=31
num_cat=0
split_feature=49 50 20 24 30 50 52 50 25 35 52 50 49 53 43 50 51 35 14 31 8 41 50 48 55 28 52 39 43 40
split_gain=12.0504 32.0212 19.3095 14.7396 14.8153 12.6398 24.5168 19.7901 41.0668 43.0319 35.5846 51.6025 30.6518 25.4401 19.4718 16.4805 15.8215 24.9781 15.198 14.9483 17.549 20.5616 13.5825 15.7686 20.5367 14.1223 12.7644 12.7003 17.2055 13.8677
threshold=0.080540537834167494 0.095811817795038237 15.500000000000002 2.5000000000000004 0.25834259390830999 0.28831169009208685 0.10933997482061387 0.53093111515045177 1.5000000000000002 0.30952382087707525 0.5178799331188203 0.69028213620185863 0.28743545711040502 0.74203693866729747 0.40622629225254064 0.57338553667068493 0.47478812932968145 0.46428571641445165 1.0000000180025095e-35 0.025105042383074764 1.0000000180025095e-35 0.91485509276390087 0.10300619155168535 1.0000000180025095e-35 0.72192236781120311 5.5000000000000009 0.61633428931236278 0.4220647811889649 0.039498947560787208 0.34057971835136419
decision_type=2 2 2 2 2 2 2 2 2 2 2 2 2 2 2 2 2 2 2 2 2 2 2 2 2 2 2 2 2 2
left_child=1 3 -3 4 -1 6 22 8 -7 19 11 13 -13 -9 15 26 17 -17 -18 20 21 -10 25 27 -25 -2 -12 28 -24 -30
right_child=5 2 -4 -5 -6 7 -8 10 9 -11 14 12 -14 -15 -16 16 18 -19 -20 -21 -22 -23 23 24 -26 -27 -28 -29 29 -31
leaf_value=0.029381360617637298 0.0078215684701829578 0.011186387041138295 -0.055384476170563336 -0.067677482170616893 -0.032738685257996607 0.0057678701198905355 0.02339470057155894 -0.028823377028219604 -0.023157087958534078 0.039105231075010988 -0.010110548489490265 -0.060149100959126747 0.074421698739390113 0.023460877270157034 -0.026795581572559471 -0.052485266188157666 -0.00015436168619582802 0.0049988435368438213 0.028805456326353208 -0.043233208062191449 -0.03423629656088728 0.10387809116412489 -0.03296925184747377 0.01639549572333308 -0.025956475406871495 0.057710246364064244 0.059170163031940927 0.014594656009604171 0.11610486164455257 -0.017641038357550376
leaf_weight=46.708022087870631 71.364408321911469 13.633757644631258 47.847900325548835 4.636283734063908 11.132048037790808 172.99430805620796 167.43029776795447 38.223137249711726 5.6199662042345171 20.419813549080573 9.4538332729280246 3.8862360018101745 48.930798472836614 56.197741253126878 67.828709303954383 35.712261816399405 3890.8305049089831 38.617468943572021 44.83739868181874 137.34991808491031 17.214280123676872 5.5513153618667275 32.119850823066372 37.133184058824554 115.99006970235496 16.841171617299551 19.505514836979273 122.05114556054468 2.9428743027965529 3.3651443160051713
leaf_count=1884 2816 1575 7799 805 1924 19059 14955 26479 3333 6851 5248 254 2477 1676 1217 13329 208812 8299 3039 108965 3862 226 12957 2984 1364 802 1978 2162 301 273
internal_value=-1.09792e-05 -0.0153542 -0.0406794 0.00981609 0.0170724 0.000358906 0.00738164 -0.00050907 -0.0117631 -0.0279983 0.000443598 0.0245106 0.0635864 0.00221509 -0.000425017 2.43634e-05 -0.000251607 -0.0229499 0.000182799 -0.0364509 -0.00327884 0.0433183 0.000667608 -0.00421708 -0.0156462 0.017887 0.0369708 0.00671749 -0.0180369 0.0521046
internal_weight=5306.37 123.958 61.4817 62.4764 57.8401 5182.41 569.238 4613.17 359.15 186.155 4254.02 147.238 52.817 94.4209 4106.79 4038.96 4010 74.3297 3935.67 165.735 28.3856 11.1713 401.808 313.602 153.123 88.2056 28.9593 160.479 38.4279 6.30802
internal_count=467705 13987 9374 4613 3808 453718 38614 415104 142296 123237 272808 30886 2731 28155 241922 240705 233479 21628 211851 116386 7421 3559 23659 20041 4348 3618 7226 15693 13531 574
is_linear=0
shrinkage=0.05


Tree=175
num_leaves=31
num_cat=0
split_feature=38 28 41 58 42 51 31 12 6 10 28 22 52 28 29 49 56 34 50 28 28 35 51 49 41 20 49 52 56 52
split_gain=11.3651 21.8339 19.2338 21.8061 19.1399 25.8454 18.8067 16.7916 31.8315 25.812 22.0656 42.8231 27.6783 59.5484 24.5004 21.4598 18.2366 18.0438 22.6376 43.3291 22.7589 21.029 18.9541 18.7458 27.1697 18.4047 34.6696 37.9339 27.016 17.9847
threshold=12.500000000000002 5.5000000000000009 0.70710784196853649 3.5000000000000004 0.0028992209117859606 0.88273492455482494 0.72427368164062511 1.0000000180025095e-35 2.5000000000000004 1.0000000180025095e-35 8.5000000000000018 43.500000000000007 0.99425286054611217 3.5000000000000004 26.500000000000004 0.80178570747375499 0.92876657843589794 0.72077924013137828 0.9941176474094392 4.5000000000000009 9.5000000000000018 0.64583334326744091 0.94665718078613292 0.85270008444786083 0.2788888961076737 16.500000000000004 0.77459675073623668 0.89825496077537548 0.77435165643692028 0.88047617673873912
decision_type=2 2 2 2 2 2 2 2 2 2 2 2 2 2 2 2 2 2 2 2 2 2 2 2 2 2 2 2 2 2
left_child=7 4 6 -4 -2 -6 -3 9 10 17 12 14 13 -9 -12 -11 -14 21 -19 -20 -21 22 23 24 -1 -23 28 -28 -27 -25
right_child=1 2 3 -5 5 -7 -8 8 -10 15 11 -13 16 -15 -16 -17 -18 18 19 20 -22 25 -24 29 -26 26 27 -29 -30 -31
leaf_value=-0.023672265632989294 -0.0034862207817435813 -0.030111204021084956 -0.0092505095744496082 0.024140518942444539 0.00067251111972691619 0.031106067622711515 0.0044108893501255721 -0.054327858288700605 -0.015996293305874522 0.010488419172307752 0.086085050498472926 -0.020660232973208403 -1.4263652381714811e-05 0.019526234314289608 -0.0064875127202133689 0.056077747887371056 0.021425345166192079 -0.028304783964436333 0.061721814011135315 -0.029851925337122387 0.026306585816217379 -0.0073100039512563122 -0.040920509253100909 0.047050532143232612 0.0024688961067717372 0.066245708307745052 -0.016837433473333566 0.018984996690151475 0.022124961023325198 0.0047986075343828313
leaf_weight=109.07453992239607 731.77992445579002 177.41181002149824 309.70636913744966 57.045842335093766 197.83606499405869 106.7993016357359 50.350252181480755 64.874480708516785 339.40986178242019 68.78067749470938 27.928492618957534 24.476242480654037 866.6471475319122 45.903657312272117 9.3155203078640607 40.906713685602881 111.00451096059987 97.518440985266352 24.610232447448652 57.435970379388891 25.202885091071948 100.49857367530058 25.514695771562401 41.641600104630925 1023.7133319978311 44.70276504359208 116.67974203030462 197.84009236941347 152.78271465259604 62.155652549408842
leaf_count=121518 63540 65254 7918 1183 14426 5337 8145 2768 6996 2943 1255 1240 34707 2223 256 1022 10065 2217 705 1172 548 3218 455 1038 93127 2096 2039 5653 3398 1585
internal_value=-1.14866e-05 -0.00348442 -0.0111141 -0.00400524 0.000898675 0.0114088 -0.0224937 0.00152878 -0.00256539 0.00431458 0.00140854 0.0302461 -0.000252984 -0.0238237 0.0633665 0.0278435 0.00243944 0.00306064 -0.0109976 0.0048554 -0.0126152 0.0046013 0.000909327 0.00180478 -6.68582e-05 0.0121949 0.0160302 0.00568444 0.0323956 0.0220365
internal_weight=5309.55 1630.93 594.514 366.752 1036.42 304.635 227.762 3678.62 1489.56 2189.06 1150.15 61.7203 1088.43 110.778 37.244 109.687 977.652 2079.37 204.768 107.249 82.6389 1874.6 1262.1 1236.59 1132.79 612.504 512.005 314.52 197.485 103.797
internal_count=468047 165803 82500 9101 83303 19763 73399 302244 59510 242734 52514 2751 49763 4991 1511 3965 44772 238769 4642 2425 1720 234127 217723 217268 214645 16404 13186 7692 5494 2623
is_linear=0
shrinkage=0.05


Tree=176
num_leaves=31
num_cat=0
split_feature=38 46 54 22 38 28 50 49 52 49 0 35 39 34 49 20 51 21 56 24 34 41 54 29 51 55 35 28 50 31
split_gain=11.9917 10.9505 10.8335 10.2934 9.98433 22.8857 19.8323 44.0834 30.2876 39.445 23.1951 18.4338 17.3987 19.2281 21.1831 15.6381 15.4958 14.8445 12.7233 14.7711 12.4441 11.5059 11.0331 36.9424 22.1923 18.8961 22.3971 22.6281 21.686 17.0432
threshold=22.500000000000004 1.0000000180025095e-35 0.98048734664917003 123.50000000000001 12.500000000000002 8.5000000000000018 0.88548010587692272 0.75134408473968517 0.81892696022987377 0.64747309684753429 1.5000000000000002 0.64583334326744091 0.64495798945426952 0.23611111193895343 0.091431558132171645 23.500000000000004 0.71148777008056652 18.500000000000004 0.60044842958450328 2.5000000000000004 0.27922078967094427 0.55277779698371898 0.52960655093193065 19.500000000000004 0.99425286054611217 0.81497043371200573 0.94444444775581371 3.5000000000000004 0.69282051920890819 0.20603395998477939
decision_type=2 2 2 2 2 2 2 2 2 2 2 2 2 2 2 2 2 2 2 2 2 2 2 2 2 2 2 2 2 2
left_child=1 4 -3 -2 22 6 7 8 9 -6 18 20 -7 14 -14 -13 -10 -9 19 -8 -12 -20 23 -1 25 26 28 -28 -24 -27
right_child=3 2 -4 -5 5 12 10 17 16 -11 11 15 13 -15 -16 -17 -18 -19 21 -21 -22 -23 24 -25 -26 29 27 -29 -30 -31
leaf_value=-0.031636049740725293 -0.038532272224713282 -0.019789265143207911 0.071582368494716928 0.0034265930163062484 0.0020053213416321102 -0.025369002595463621 -0.0040387512592235169 0.019379956942949455 0.063107491858619497 -0.037368750147667322 0.030549368699281487 0.0079587895752427692 -0.034201620437195726 -0.022913270964783232 0.024885769835315007 0.034504732957818661 0.015779366686233469 -0.032075764548116552 -0.046897527465742543 0.058324321845475993 -0.019295736814234705 -0.002088054510979714 0.00457723235199367 0.00063455622866829967 0.023911319813976515 -0.0026621927699895572 -0.022734764377739941 0.0055192430868040987 0.024480157592450591 0.015865126639963419
leaf_weight=97.137747677399602 36.273087690722605 91.050550215310068 2.3981009991839519 23.796244226170529 452.29681884364254 173.98588962918438 63.282648152686306 14.797372554588945 20.453547257115133 73.001351799670374 15.794430051377274 96.173677600541851 18.25836466322653 64.676128389663063 71.43325685930904 132.5910576947208 95.820069053923362 149.57116496447998 29.859833111288026 10.150288797245592 48.497958073072368 26.920319652417675 270.62284712356632 920.38060530284565 127.74314049055101 1336.9529674182704 90.390762529190397 314.52816268737661 277.07344962573552 135.82349983684253
leaf_count=90134 19165 4244 32 2077 51697 46208 10377 721 809 7123 396 3914 305 1220 1251 4943 4338 6341 510 1939 1792 448 86131 52908 16929 31922 1604 6042 8692 3570
internal_value=-9.85239e-05 0.000159071 -0.0167114 -0.0221265 0.00046969 -0.00286955 0.000266462 -0.00433517 0.00159563 -0.00352715 0.00901791 0.0168024 -0.0145746 -0.00232329 0.012613 0.0234279 0.0245719 -0.0273543 -0.00849639 0.00524917 -0.00677017 -0.0260565 0.0019267 -0.0024742 0.00368091 0.00260598 0.00808952 -0.000828419 0.0146722 -0.000943947
internal_weight=5281.74 5221.67 93.4487 60.0693 5128.22 1557.56 1229.21 805.94 641.572 525.298 423.27 293.057 328.354 154.368 89.6916 228.765 116.274 164.369 130.213 73.4329 64.2924 56.7802 3570.65 1017.52 2553.13 2425.39 952.615 404.919 547.696 1472.78
internal_count=467782 446540 4276 21242 442264 144332 95348 71029 63967 58820 24319 11045 48984 2776 1556 8857 5147 7062 13274 12316 2188 958 297932 143042 154890 137961 102469 7646 94823 35492
is_linear=0
shrinkage=0.05


Tree=177
num_leaves=31
num_cat=0
split_feature=38 30 51 37 25 0 22 52 36 29 54 29 50 52 49 36 20 30 54 58 30 43 20 49 52 43 43 56 45 45
split_gain=11.3553 10.351 27.5753 18.1667 17.2992 20.1984 18.4159 12.3195 16.8218 12.2947 12.9899 10.1218 11.1165 11.5762 10.0127 42.2802 49.5609 22.5899 27.7724 11.5678 27.194 18.945 17.9024 16.426 16.2649 11.9914 11.944 11.5224 11.3613 11.2971
threshold=23.500000000000004 0.028174603357911113 0.96178188920021068 4.5000000000000009 3.5000000000000004 10.500000000000002 25.500000000000004 0.96799793839454662 0.94444444775581371 35.500000000000007 0.76325833797454845 11.500000000000002 0.88303694128990184 0.10596491396427156 0.92637759447097789 0.84523808956146251 29.500000000000004 0.11803405731916429 0.45426659286022192 3.5000000000000004 0.069366481155157103 0.0019849917152896528 20.500000000000004 0.077422577887773528 0.091431558132171645 0.40622629225254064 0.15727518498897555 0.93362700939178478 1.0000000180025095e-35 1.0000000180025095e-35
decision_type=2 2 2 2 2 2 2 2 2 2 2 2 2 2 2 2 2 2 2 2 2 2 2 2 2 2 2 2 2 2
left_child=1 4 14 -4 5 6 -1 8 -7 -8 -11 -6 13 -13 19 29 28 27 -19 23 22 -22 -21 -3 -23 26 -25 -18 -17 -16
right_child=-2 2 3 -5 11 7 9 -9 -10 10 -12 12 -14 -15 15 16 17 18 -20 20 21 24 -24 25 -26 -27 -28 -29 -30 -31
leaf_value=0.033259891046820977 -0.026596190085896195 -0.033123406894375929 -0.012153040548309622 -0.092282408651308864 0.0068015286763336846 0.023630125746707659 -0.008174758552590174 0.05203677865739717 -0.038310444238002922 0.0077119454305031622 -0.040404850238825722 0.018839994454612128 0.016499349200574307 0.079297832896151332 0.017021675742699482 -0.00039623364232986954 -0.008590380289751549 -0.0027513822472514937 0.068248392621202802 0.055264549347853686 -0.022560698859928299 0.0070521093862511491 -0.03194756361172521 -0.0022350933460134033 0.035627197540432289 -0.022756075086229833 0.0099968099636667945 0.039107509579861761 -0.040501923613235152 0.056678213421784945
leaf_weight=35.542473534122109 39.4803016216174 41.613263599247148 15.652372715208914 12.462425174191592 105.66063303132978 54.880767849972472 453.5132049373351 25.605540492688306 12.689711060374973 263.27813619415247 13.825638317444826 15.249669661046935 62.606715974077815 17.501019696290314 32.276090238359757 23.464075390249491 71.63606657931814 22.663655474680127 33.818144119955832 5.7132106896606265 27.215034892280528 100.62206006488123 51.273409754372551 3241.1329881122583 98.803163344753557 66.544822063588072 211.68063108448405 14.3346326041501 70.616565419331891 43.126803844992537
leaf_count=2831 16099 5506 385 307 7039 985 38586 6540 181 7882 312 898 1135 999 1403 777 1570 1059 1130 125 4165 6936 2288 348509 3785 905 3589 459 1231 791
internal_value=-0.00021603 -1.24287e-05 -0.00113071 -0.0496216 0.00439775 0.00130113 -0.00138311 0.0231532 0.0116086 -0.00311155 0.00517458 0.0175636 0.0292941 0.0525392 -0.000790865 0.00781004 -0.00262447 0.0159419 0.0402071 -0.00149056 0.00821005 0.0159717 -0.0224018 -0.00226529 0.0213165 -0.00189111 -0.00148252 -0.000279084 -0.0306088 0.0401483
internal_weight=5284.48 5245 4184.65 28.1148 1060.35 859.335 766.159 93.176 67.5705 730.617 277.104 201.018 95.3574 32.7507 4156.53 311.936 236.533 142.452 56.4818 3844.6 283.627 226.64 56.9866 3560.97 199.425 3519.36 3452.81 85.9707 94.0806 75.4029
internal_count=468407 452308 384920 692 67388 57317 49611 7706 1166 46780 8194 10071 3032 1897 384228 8420 6226 4218 2189 375808 17299 14886 2413 358509 10721 353003 352098 2029 2008 2194
is_linear=0
shrinkage=0.05


Tree=178
num_leaves=31
num_cat=0
split_feature=44 56 51 38 29 43 3 28 43 36 30 6 52 51 50 21 21 36 33 52 35 28 28 39 49 43 29 53 40 23
split_gain=13.3884 19.931 19.4996 15.9068 16.7164 15.4201 13.022 12.3712 12.3232 20.4354 13.584 12.3787 11.8827 11.8333 25.948 24.6602 15.755 27.4007 52.339 19.9617 17.2846 16.0449 13.2325 11.807 11.1531 10.7881 11.2547 10.7217 17.0658 24.8929
threshold=1.5000000000000002 0.74637374281883251 0.70222854614257824 15.500000000000002 88.500000000000014 0.40622629225254064 1.5000000000000002 8.5000000000000018 0.15727518498897555 0.41428571939468389 0.087337911128997817 1.5000000000000002 0.91331186890602123 0.42163743078708654 0.28831169009208685 15.500000000000002 29.500000000000004 0.26785714924335485 4.5000000000000009 0.68614074587821972 0.64583334326744091 10.500000000000002 1.5000000000000002 0.45643940567970281 0.64051282405853283 0.090916447341442122 21.500000000000004 0.89893317222595226 0.90692642331123363 68.500000000000014
decision_type=2 2 2 2 2 2 2 2 2 2 2 2 2 2 2 2 2 2 2 2 2 2 2 2 2 2 2 2 2 2
left_child=3 2 -2 5 6 8 25 -8 13 10 -10 -11 -13 14 22 -16 17 18 -15 -19 -18 -22 23 -1 -17 -5 -27 28 29 -3
right_child=1 27 -4 4 -6 -7 7 -9 9 11 -12 12 -14 16 15 24 20 19 -20 -21 21 -23 -24 -25 -26 26 -28 -29 -30 -31
leaf_value=-0.010595045333388748 0.086402722572495261 0.012087839664923078 0.0061557519763108083 -0.022680604765269091 0.017073444392384958 -0.026228300060322701 0.0086705183238248371 -0.032036516753050519 0.00098311163739952905 0.022695462933209239 0.048573021633539652 -0.031690822267131734 0.0073240660990744021 -0.0029123425133115587 -0.0074365265304280033 -0.041544798318695828 -0.023479275527948609 -0.024534479319032361 0.056721120696929528 0.0024788313802929433 -0.0049944629071662638 0.018088007527314733 -0.0029376101266588507 0.031499245731161161 0.055122465177305402 -0.0050316548009888881 0.07267000993489188 -0.0039172552652507898 0.022823096229278611 -0.013404729450361228
leaf_weight=22.171702214051038 13.894511947073626 268.15723839844577 15.732013859815195 249.87594512027135 49.918549752954277 54.429982421715977 94.179699220490875 22.217686249612598 21.640487974626012 38.42605577345239 48.137390567368129 37.011787632014602 39.487450300191995 82.003603157936595 201.11359548893233 89.846287284395657 109.23626828962006 69.681061676157697 65.60523513701628 2110.6566804891772 614.08901347860228 84.797080459858989 220.73999865775113 61.286709552863613 2.2542440960096419 27.958571641764138 4.5677251693414282 268.25554638996255 146.61063209641725 147.6798424780136
leaf_count=3015 2136 7996 506 82181 3733 804 2696 567 274 1369 731 410 884 6665 52199 79607 14345 36900 10941 102532 16157 3115 22833 680 199 767 327 6975 3061 3979
internal_value=6.08676e-05 0.00576391 0.045383 -0.00104992 -0.00996251 -4.09614e-05 -0.0133809 0.000693742 0.000329423 0.0129008 0.0340362 -0.000114724 -0.0117174 -0.000295795 -0.00673906 -0.0173269 0.000933386 0.00302133 0.0237953 0.00160467 -0.00507761 -0.00217198 0.00348984 0.0203234 -0.0386121 -0.019164 0.00772221 0.00429805 0.00821629 0.003024
internal_weight=5281.66 860.33 29.6265 4421.33 448.718 3972.61 398.8 116.397 3918.18 184.703 69.7779 114.925 76.4992 3733.48 597.413 293.214 3136.07 2327.95 147.609 2180.34 808.122 698.886 304.198 83.4584 92.1005 282.402 32.5263 830.703 562.448 415.837
internal_count=468584 24653 2642 443931 90271 353660 86538 3263 352856 3668 1005 2663 1294 349188 158533 132005 190655 157038 17606 139432 33617 19272 26528 3695 79806 83275 1094 22011 15036 11975
is_linear=0
shrinkage=0.05


Tree=179
num_leaves=31
num_cat=0
split_feature=33 33 43 58 30 55 43 21 52 49 50 10 20 34 51 21 36 33 50 21 49 52 49 30 52 50 43 49 20 49
split_gain=11.5891 18.1187 11.5435 11.3981 17.9765 18.5089 21.0965 16.3691 31.9892 21.5968 34.4282 30.7189 19.6085 18.2258 16.8054 42.4143 35.7342 51.4688 38.989 39.0008 26.7374 26.4073 44.49 59.9472 54.0221 21.4923 20.8202 20.649 18.7665 16.501
threshold=6.5000000000000009 7.5000000000000009 0.0067119318991899499 1.5000000000000002 0.42740046977996832 0.77431482076644909 0.025641703978180889 29.500000000000004 0.81661397218704235 0.80982521176338207 0.88548010587692272 1.0000000180025095e-35 33.500000000000007 0.63068181276321422 0.42933948338031774 15.500000000000002 0.30952382087707525 4.5000000000000009 0.87298336625099193 17.500000000000004 0.58380147814750682 0.68614074587821972 0.61620295047760021 0.39173060655593878 0.77032968401908886 0.64051282405853283 0.19780754297971728 0.65240275859832775 19.500000000000004 0.84660634398460399
decision_type=2 2 2 2 2 2 2 2 2 2 2 2 2 2 2 2 2 2 2 2 2 2 2 2 2 2 2 2 2 2
left_child=3 -2 -3 7 5 6 -5 14 29 13 11 -11 -12 -10 15 20 17 18 19 -16 26 28 23 -23 -24 -19 -1 -17 -18 -9
right_child=1 2 -4 4 -6 -7 -8 8 9 10 12 -13 -14 -15 16 27 21 25 -20 -21 -22 22 24 -25 -26 -27 -28 -29 -30 -31
leaf_value=-0.0041595040371920477 -0.021459795500076491 -0.014285814098172533 0.020746431700108644 0.012280346323432258 -0.043388651176198507 0.0022726762268351023 0.052945405769330982 -0.034909542866876642 0.021649627407492138 -0.0454544099383387 -0.0097540853057142551 0.0261976973753777 0.0093086541234723898 -0.0027465866995121644 0.025639263547234139 -0.041460286150979131 -0.0037592448905495708 0.0063580083096085455 0.052635502970179562 -0.034504744218027239 0.089215946971982985 0.044748371137171485 -0.036488238493764723 -0.022018566288149459 0.0018993281200832607 0.064547616829620999 0.056537511341916841 0.061867790233194303 -0.047122584570752558 0.063559184761633386
leaf_weight=332.10151166101423 149.44966673178715 39.079826168679574 56.086572080741462 128.81043084269186 15.839017934071306 332.64142921261373 41.819056552223628 105.72525896154548 137.81619702340686 89.20676389716391 374.37723333839676 17.248140004143352 209.63196988109848 170.25362153819879 43.472457146264787 94.156198317352391 53.799532935154275 20.886297549295705 29.709680393862072 67.640250437885697 7.3005554705741806 123.85859621158306 94.381331267184578 45.308212919284415 2341.577113199266 68.283030516875442 13.754855532213695 4.2307572888967107 45.837082271806139 3.5390522140078238
leaf_count=66986 30919 15437 4506 19897 4142 4269 1613 28109 5261 2098 11507 1016 6619 5656 2780 64755 14696 6882 789 7206 574 8452 11415 8096 105047 3076 182 206 25669 54
internal_value=-4.99556e-05 -0.0106542 0.00636157 0.000469494 0.00747693 0.00916065 0.0224972 -0.000341413 -0.00561443 -0.00278934 -0.00769815 -0.0337094 -0.00290724 0.00820189 0.00138476 -0.00758464 0.00276691 0.0216434 0.00273755 -0.0109548 0.000534248 0.00115439 0.00212446 0.0268418 0.000397637 0.0511394 -0.00158952 -0.0364393 -0.0239782 -0.0311727
internal_weight=5257.82 244.616 95.1664 5013.21 519.11 503.271 170.629 4494.1 1107.8 998.534 690.464 106.455 584.009 308.07 3386.3 451.544 2934.75 229.992 140.822 111.113 353.157 2704.76 2605.13 169.167 2435.96 89.1693 345.856 98.387 99.6366 109.264
internal_count=467914 50862 19943 417052 29921 25779 21510 387131 60320 32157 21240 3114 18126 10917 326811 132703 194108 20733 10775 9986 67742 173375 133010 16548 116462 9958 67168 64961 40365 28163
is_linear=0
shrinkage=0.05


end of trees

feature_importances:
name_token_sort_ratio=393
name_partial_ratio=387
target_name_chars=294
name_token_set_ratio=275
address_token_set_ratio=247
name_ratio=209
address_containment_target=186
name_char_abs_diff=175
conflicting_address_numbers=163
name_containment_s1=157
target_script_class=152
address_shared_idf=148
address_token_sort_ratio=143
shared_address_numbers=133
name_containment_target=119
name_shared_idf=112
house_number_equal=112
s1_name_chars=111
address_token_union=111
name_char_relative_diff=109
address_partial_ratio=109
target_name_tokens=108
target_address_chars=96
name_jaccard=96
address_char_relative_diff=95
address_jaccard=94
address_char_abs_diff=92
address_containment_s1=83
exact_numeric_set=82
s1_address_chars=76
heavy_sorted_block=75
source_balanced_rank=72
name_token_intersection=54
name_token_union=54
target_address_tokens=51
target_is_s2=49
exact_name_nosuffix=45
provenance=43
address_token_rank=41
target_address_missing=41
retrieval_pass_count=28
name_token_rank=26
address_ratio=24
address_token_intersection=22
conflicting_postal_tokens=22
digit_sequence_equal=21
s1_address_tokens=19
s1_name_tokens=15
same_script_class=12
exact_name_sorted=8
script_conflict=6
exact_name_norm=2
exact_postal_token=2
retrieved_name_token=1

parameters:
[boosting: gbdt]
[objective: binary]
[metric: binary_logloss]
[tree_learner: serial]
[device_type: cpu]
[data_sample_strategy: bagging]
[data: ]
[valid: ]
[num_iterations: 180]
[learning_rate: 0.05]
[num_leaves: 31]
[num_threads: 2]
[seed: 42]
[deterministic: 1]
[force_col_wise: 1]
[force_row_wise: 0]
[histogram_pool_size: -1]
[max_depth: 8]
[min_data_in_leaf: 100]
[min_sum_hessian_in_leaf: 0.001]
[bagging_fraction: 0.9]
[pos_bagging_fraction: 1]
[neg_bagging_fraction: 1]
[bagging_freq: 1]
[bagging_seed: 42]
[bagging_by_query: 0]
[feature_fraction: 0.9]
[feature_fraction_bynode: 1]
[feature_fraction_seed: 42]
[extra_trees: 0]
[extra_seed: 12879]
[early_stopping_round: 0]
[early_stopping_min_delta: 0]
[first_metric_only: 0]
[max_delta_step: 0]
[lambda_l1: 0]
[lambda_l2: 1]
[linear_lambda: 0]
[min_gain_to_split: 0]
[drop_rate: 0.1]
[max_drop: 50]
[skip_drop: 0.5]
[xgboost_dart_mode: 0]
[uniform_drop: 0]
[drop_seed: 17869]
[top_rate: 0.2]
[other_rate: 0.1]
[min_data_per_group: 100]
[max_cat_threshold: 32]
[cat_l2: 10]
[cat_smooth: 10]
[max_cat_to_onehot: 4]
[top_k: 20]
[monotone_constraints: ]
[monotone_constraints_method: basic]
[monotone_penalty: 0]
[feature_contri: ]
[forcedsplits_filename: ]
[refit_decay_rate: 0.9]
[cegb_tradeoff: 1]
[cegb_penalty_split: 0]
[cegb_penalty_feature_lazy: ]
[cegb_penalty_feature_coupled: ]
[path_smooth: 0]
[interaction_constraints: ]
[verbosity: -1]
[saved_feature_importance_type: 0]
[use_quantized_grad: 0]
[num_grad_quant_bins: 4]
[quant_train_renew_leaf: 0]
[stochastic_rounding: 1]
[linear_tree: 0]
[max_bin: 255]
[max_bin_by_feature: ]
[min_data_in_bin: 3]
[bin_construct_sample_cnt: 200000]
[data_random_seed: 42]
[is_enable_sparse: 1]
[enable_bundle: 1]
[use_missing: 1]
[zero_as_missing: 0]
[feature_pre_filter: 1]
[pre_partition: 0]
[two_round: 0]
[header: 0]
[label_column: ]
[weight_column: ]
[group_column: ]
[ignore_column: ]
[categorical_feature: ]
[forcedbins_filename: ]
[precise_float_parser: 0]
[parser_config_file: ]
[objective_seed: 16083]
[num_class: 1]
[is_unbalance: 0]
[scale_pos_weight: 1]
[sigmoid: 1]
[boost_from_average: 1]
[reg_sqrt: 0]
[alpha: 0.9]
[fair_c: 1]
[poisson_max_delta_step: 0.7]
[tweedie_variance_power: 1.5]
[lambdarank_truncation_level: 30]
[lambdarank_norm: 1]
[label_gain: ]
[lambdarank_position_bias_regularization: 0]
[eval_at: ]
[multi_error_top_k: 1]
[auc_mu_weights: ]
[num_machines: 1]
[local_listen_port: 12400]
[time_out: 120]
[machine_list_filename: ]
[machines: ]
[gpu_platform_id: -1]
[gpu_device_id: -1]
[gpu_device_id_list: ]
[gpu_use_dp: 0]
[num_gpu: 1]

end of parameters

pandas_categorical:null
